INFO 2025-08-05 16:48:36,124 autoreload 19284 5512 Watching for file changes with StatReloader
WARNING 2025-08-05 16:49:19,808 log 19284 17440 Not Found: /favicon.ico
INFO 2025-08-05 16:49:35,064 autoreload 19284 5512 C:\Users\kouek\kouekam\business\conect pin and go delivery\pin-and-go-delivery\backend\chronoconnect\settings.py changed, reloading.
INFO 2025-08-05 16:49:36,155 autoreload 11992 20736 Watching for file changes with StatReloader
WARNING 2025-08-05 16:54:55,346 log 11992 18356 Unauthorized: /api/marketplace/cart/
INFO 2025-08-05 16:58:58,102 autoreload 11992 20736 C:\Users\kouek\kouekam\business\conect pin and go delivery\pin-and-go-delivery\backend\chronoconnect\settings.py changed, reloading.
INFO 2025-08-05 16:59:00,337 autoreload 16412 908 Watching for file changes with StatReloader
WARNING 2025-08-05 17:17:55,785 log 16412 22564 Not Found: /api/auth/login/
WARNING 2025-08-05 17:18:54,232 log 16412 22564 Not Found: /api/auth/login/
WARNING 2025-08-05 22:20:25,715 log 16412 27028 Not Found: /api/auth/login/
WARNING 2025-08-05 22:51:16,576 log 16412 11660 Not Found: /api/auth/login/
WARNING 2025-08-05 22:53:09,983 log 16412 11660 Not Found: /api/auth/register/
WARNING 2025-08-05 23:01:50,228 log 16412 17572 Bad Request: /api/users/login/
INFO 2025-08-05 23:45:31,426 autoreload 16412 908 C:\Users\kouek\kouekam\business\conect pin and go delivery\pin-and-go-delivery\backend\chronoconnect\settings.py changed, reloading.
INFO 2025-08-05 23:45:35,531 autoreload 6968 400 Watching for file changes with StatReloader
INFO 2025-08-06 08:36:46,676 autoreload 6968 400 C:\Users\kouek\kouekam\business\conect pin and go delivery\pin-and-go-delivery\backend\users\views.py changed, reloading.
INFO 2025-08-06 08:36:48,039 autoreload 16976 18292 Watching for file changes with StatReloader
INFO 2025-08-06 08:38:52,443 autoreload 16976 18292 C:\Users\kouek\kouekam\business\conect pin and go delivery\pin-and-go-delivery\backend\users\views.py changed, reloading.
INFO 2025-08-06 08:38:53,562 autoreload 21196 21200 Watching for file changes with StatReloader
INFO 2025-08-06 08:38:58,594 autoreload 21196 21200 C:\Users\kouek\kouekam\business\conect pin and go delivery\pin-and-go-delivery\backend\users\urls.py changed, reloading.
INFO 2025-08-06 08:38:59,526 autoreload 13432 14596 Watching for file changes with StatReloader
INFO 2025-08-06 08:42:57,493 autoreload 13432 14596 C:\Users\kouek\kouekam\business\conect pin and go delivery\pin-and-go-delivery\backend\users\views.py changed, reloading.
INFO 2025-08-06 08:42:58,713 autoreload 21284 21408 Watching for file changes with StatReloader
WARNING 2025-08-06 08:49:57,175 log 21284 13956 Unauthorized: /api/users/profile/
WARNING 2025-08-06 08:52:40,132 log 21284 13956 Unauthorized: /api/users/profile/
INFO 2025-08-06 09:00:50,647 autoreload 21284 21408 C:\Users\kouek\kouekam\business\conect pin and go delivery\pin-and-go-delivery\backend\marketplace\models.py changed, reloading.
INFO 2025-08-06 09:00:51,806 autoreload 19604 10164 Watching for file changes with StatReloader
INFO 2025-08-06 09:01:11,014 autoreload 19604 10164 C:\Users\kouek\kouekam\business\conect pin and go delivery\pin-and-go-delivery\backend\marketplace\models.py changed, reloading.
INFO 2025-08-06 09:01:12,258 autoreload 26072 2728 Watching for file changes with StatReloader
INFO 2025-08-06 09:02:12,444 autoreload 26072 2728 C:\Users\kouek\kouekam\business\conect pin and go delivery\pin-and-go-delivery\backend\marketplace\views.py changed, reloading.
INFO 2025-08-06 09:02:13,384 autoreload 26892 8732 Watching for file changes with StatReloader
INFO 2025-08-06 09:03:13,508 autoreload 26892 8732 C:\Users\kouek\kouekam\business\conect pin and go delivery\pin-and-go-delivery\backend\marketplace\views.py changed, reloading.
INFO 2025-08-06 09:03:14,716 autoreload 26704 25496 Watching for file changes with StatReloader
INFO 2025-08-06 09:03:42,012 autoreload 26704 25496 C:\Users\kouek\kouekam\business\conect pin and go delivery\pin-and-go-delivery\backend\marketplace\serializers.py changed, reloading.
INFO 2025-08-06 09:03:43,154 autoreload 21284 27536 Watching for file changes with StatReloader
INFO 2025-08-06 09:03:52,259 autoreload 21284 27536 C:\Users\kouek\kouekam\business\conect pin and go delivery\pin-and-go-delivery\backend\marketplace\urls.py changed, reloading.
INFO 2025-08-06 09:03:53,155 autoreload 16508 24220 Watching for file changes with StatReloader
INFO 2025-08-06 09:08:33,382 autoreload 16508 24220 C:\Users\kouek\kouekam\business\conect pin and go delivery\pin-and-go-delivery\backend\marketplace\views.py changed, reloading.
INFO 2025-08-06 09:08:34,551 autoreload 28028 23496 Watching for file changes with StatReloader
INFO 2025-08-06 10:53:12,602 autoreload 9268 23636 Watching for file changes with StatReloader
ERROR 2025-08-06 10:56:16,394 handlers 26304 28536 There was an exception deleting the file `/placeholder.svg` on field `agri_connect.agriproductimage.image`
Traceback (most recent call last):
  File "C:\Users\kouek\AppData\Local\Programs\Python\Python313\Lib\site-packages\django_cleanup\handlers.py", line 110, in run_on_commit
    file_.delete(save=False)
    ~~~~~~~~~~~~^^^^^^^^^^^^
  File "C:\Users\kouek\AppData\Local\Programs\Python\Python313\Lib\site-packages\django\db\models\fields\files.py", line 414, in delete
    super().delete(save)
    ~~~~~~~~~~~~~~^^^^^^
  File "C:\Users\kouek\AppData\Local\Programs\Python\Python313\Lib\site-packages\django\db\models\fields\files.py", line 118, in delete
    self.storage.delete(self.name)
    ~~~~~~~~~~~~~~~~~~~^^^^^^^^^^^
  File "C:\Users\kouek\AppData\Local\Programs\Python\Python313\Lib\site-packages\django\core\files\storage\filesystem.py", line 183, in delete
    name = self.path(name)
  File "C:\Users\kouek\AppData\Local\Programs\Python\Python313\Lib\site-packages\django\core\files\storage\filesystem.py", line 220, in path
    return safe_join(self.location, name)
  File "C:\Users\kouek\AppData\Local\Programs\Python\Python313\Lib\site-packages\django\utils\_os.py", line 31, in safe_join
    raise SuspiciousFileOperation(
    ...<2 lines>...
    )
django.core.exceptions.SuspiciousFileOperation: The joined path (C:\placeholder.svg) is located outside of the base path component (C:\Users\kouek\kouekam\business\conect pin and go delivery\pin-and-go-delivery\backend\media)
ERROR 2025-08-06 10:56:16,429 handlers 26304 28536 There was an exception deleting the file `/placeholder.svg` on field `agri_connect.agriproductimage.image`
Traceback (most recent call last):
  File "C:\Users\kouek\AppData\Local\Programs\Python\Python313\Lib\site-packages\django_cleanup\handlers.py", line 110, in run_on_commit
    file_.delete(save=False)
    ~~~~~~~~~~~~^^^^^^^^^^^^
  File "C:\Users\kouek\AppData\Local\Programs\Python\Python313\Lib\site-packages\django\db\models\fields\files.py", line 414, in delete
    super().delete(save)
    ~~~~~~~~~~~~~~^^^^^^
  File "C:\Users\kouek\AppData\Local\Programs\Python\Python313\Lib\site-packages\django\db\models\fields\files.py", line 118, in delete
    self.storage.delete(self.name)
    ~~~~~~~~~~~~~~~~~~~^^^^^^^^^^^
  File "C:\Users\kouek\AppData\Local\Programs\Python\Python313\Lib\site-packages\django\core\files\storage\filesystem.py", line 183, in delete
    name = self.path(name)
  File "C:\Users\kouek\AppData\Local\Programs\Python\Python313\Lib\site-packages\django\core\files\storage\filesystem.py", line 220, in path
    return safe_join(self.location, name)
  File "C:\Users\kouek\AppData\Local\Programs\Python\Python313\Lib\site-packages\django\utils\_os.py", line 31, in safe_join
    raise SuspiciousFileOperation(
    ...<2 lines>...
    )
django.core.exceptions.SuspiciousFileOperation: The joined path (C:\placeholder.svg) is located outside of the base path component (C:\Users\kouek\kouekam\business\conect pin and go delivery\pin-and-go-delivery\backend\media)
ERROR 2025-08-06 10:56:16,430 handlers 26304 28536 There was an exception deleting the file `/placeholder.svg` on field `agri_connect.agriproductimage.image`
Traceback (most recent call last):
  File "C:\Users\kouek\AppData\Local\Programs\Python\Python313\Lib\site-packages\django_cleanup\handlers.py", line 110, in run_on_commit
    file_.delete(save=False)
    ~~~~~~~~~~~~^^^^^^^^^^^^
  File "C:\Users\kouek\AppData\Local\Programs\Python\Python313\Lib\site-packages\django\db\models\fields\files.py", line 414, in delete
    super().delete(save)
    ~~~~~~~~~~~~~~^^^^^^
  File "C:\Users\kouek\AppData\Local\Programs\Python\Python313\Lib\site-packages\django\db\models\fields\files.py", line 118, in delete
    self.storage.delete(self.name)
    ~~~~~~~~~~~~~~~~~~~^^^^^^^^^^^
  File "C:\Users\kouek\AppData\Local\Programs\Python\Python313\Lib\site-packages\django\core\files\storage\filesystem.py", line 183, in delete
    name = self.path(name)
  File "C:\Users\kouek\AppData\Local\Programs\Python\Python313\Lib\site-packages\django\core\files\storage\filesystem.py", line 220, in path
    return safe_join(self.location, name)
  File "C:\Users\kouek\AppData\Local\Programs\Python\Python313\Lib\site-packages\django\utils\_os.py", line 31, in safe_join
    raise SuspiciousFileOperation(
    ...<2 lines>...
    )
django.core.exceptions.SuspiciousFileOperation: The joined path (C:\placeholder.svg) is located outside of the base path component (C:\Users\kouek\kouekam\business\conect pin and go delivery\pin-and-go-delivery\backend\media)
ERROR 2025-08-06 10:56:16,430 handlers 26304 28536 There was an exception deleting the file `/placeholder.svg` on field `agri_connect.agriproductimage.image`
Traceback (most recent call last):
  File "C:\Users\kouek\AppData\Local\Programs\Python\Python313\Lib\site-packages\django_cleanup\handlers.py", line 110, in run_on_commit
    file_.delete(save=False)
    ~~~~~~~~~~~~^^^^^^^^^^^^
  File "C:\Users\kouek\AppData\Local\Programs\Python\Python313\Lib\site-packages\django\db\models\fields\files.py", line 414, in delete
    super().delete(save)
    ~~~~~~~~~~~~~~^^^^^^
  File "C:\Users\kouek\AppData\Local\Programs\Python\Python313\Lib\site-packages\django\db\models\fields\files.py", line 118, in delete
    self.storage.delete(self.name)
    ~~~~~~~~~~~~~~~~~~~^^^^^^^^^^^
  File "C:\Users\kouek\AppData\Local\Programs\Python\Python313\Lib\site-packages\django\core\files\storage\filesystem.py", line 183, in delete
    name = self.path(name)
  File "C:\Users\kouek\AppData\Local\Programs\Python\Python313\Lib\site-packages\django\core\files\storage\filesystem.py", line 220, in path
    return safe_join(self.location, name)
  File "C:\Users\kouek\AppData\Local\Programs\Python\Python313\Lib\site-packages\django\utils\_os.py", line 31, in safe_join
    raise SuspiciousFileOperation(
    ...<2 lines>...
    )
django.core.exceptions.SuspiciousFileOperation: The joined path (C:\placeholder.svg) is located outside of the base path component (C:\Users\kouek\kouekam\business\conect pin and go delivery\pin-and-go-delivery\backend\media)
ERROR 2025-08-06 10:56:16,431 handlers 26304 28536 There was an exception deleting the file `/placeholder.svg` on field `agri_connect.agriproductimage.image`
Traceback (most recent call last):
  File "C:\Users\kouek\AppData\Local\Programs\Python\Python313\Lib\site-packages\django_cleanup\handlers.py", line 110, in run_on_commit
    file_.delete(save=False)
    ~~~~~~~~~~~~^^^^^^^^^^^^
  File "C:\Users\kouek\AppData\Local\Programs\Python\Python313\Lib\site-packages\django\db\models\fields\files.py", line 414, in delete
    super().delete(save)
    ~~~~~~~~~~~~~~^^^^^^
  File "C:\Users\kouek\AppData\Local\Programs\Python\Python313\Lib\site-packages\django\db\models\fields\files.py", line 118, in delete
    self.storage.delete(self.name)
    ~~~~~~~~~~~~~~~~~~~^^^^^^^^^^^
  File "C:\Users\kouek\AppData\Local\Programs\Python\Python313\Lib\site-packages\django\core\files\storage\filesystem.py", line 183, in delete
    name = self.path(name)
  File "C:\Users\kouek\AppData\Local\Programs\Python\Python313\Lib\site-packages\django\core\files\storage\filesystem.py", line 220, in path
    return safe_join(self.location, name)
  File "C:\Users\kouek\AppData\Local\Programs\Python\Python313\Lib\site-packages\django\utils\_os.py", line 31, in safe_join
    raise SuspiciousFileOperation(
    ...<2 lines>...
    )
django.core.exceptions.SuspiciousFileOperation: The joined path (C:\placeholder.svg) is located outside of the base path component (C:\Users\kouek\kouekam\business\conect pin and go delivery\pin-and-go-delivery\backend\media)
ERROR 2025-08-06 10:56:16,432 handlers 26304 28536 There was an exception deleting the file `/placeholder.svg` on field `agri_connect.agriproductimage.image`
Traceback (most recent call last):
  File "C:\Users\kouek\AppData\Local\Programs\Python\Python313\Lib\site-packages\django_cleanup\handlers.py", line 110, in run_on_commit
    file_.delete(save=False)
    ~~~~~~~~~~~~^^^^^^^^^^^^
  File "C:\Users\kouek\AppData\Local\Programs\Python\Python313\Lib\site-packages\django\db\models\fields\files.py", line 414, in delete
    super().delete(save)
    ~~~~~~~~~~~~~~^^^^^^
  File "C:\Users\kouek\AppData\Local\Programs\Python\Python313\Lib\site-packages\django\db\models\fields\files.py", line 118, in delete
    self.storage.delete(self.name)
    ~~~~~~~~~~~~~~~~~~~^^^^^^^^^^^
  File "C:\Users\kouek\AppData\Local\Programs\Python\Python313\Lib\site-packages\django\core\files\storage\filesystem.py", line 183, in delete
    name = self.path(name)
  File "C:\Users\kouek\AppData\Local\Programs\Python\Python313\Lib\site-packages\django\core\files\storage\filesystem.py", line 220, in path
    return safe_join(self.location, name)
  File "C:\Users\kouek\AppData\Local\Programs\Python\Python313\Lib\site-packages\django\utils\_os.py", line 31, in safe_join
    raise SuspiciousFileOperation(
    ...<2 lines>...
    )
django.core.exceptions.SuspiciousFileOperation: The joined path (C:\placeholder.svg) is located outside of the base path component (C:\Users\kouek\kouekam\business\conect pin and go delivery\pin-and-go-delivery\backend\media)
ERROR 2025-08-06 10:56:16,432 handlers 26304 28536 There was an exception deleting the file `/placeholder.svg` on field `agri_connect.agriproductimage.image`
Traceback (most recent call last):
  File "C:\Users\kouek\AppData\Local\Programs\Python\Python313\Lib\site-packages\django_cleanup\handlers.py", line 110, in run_on_commit
    file_.delete(save=False)
    ~~~~~~~~~~~~^^^^^^^^^^^^
  File "C:\Users\kouek\AppData\Local\Programs\Python\Python313\Lib\site-packages\django\db\models\fields\files.py", line 414, in delete
    super().delete(save)
    ~~~~~~~~~~~~~~^^^^^^
  File "C:\Users\kouek\AppData\Local\Programs\Python\Python313\Lib\site-packages\django\db\models\fields\files.py", line 118, in delete
    self.storage.delete(self.name)
    ~~~~~~~~~~~~~~~~~~~^^^^^^^^^^^
  File "C:\Users\kouek\AppData\Local\Programs\Python\Python313\Lib\site-packages\django\core\files\storage\filesystem.py", line 183, in delete
    name = self.path(name)
  File "C:\Users\kouek\AppData\Local\Programs\Python\Python313\Lib\site-packages\django\core\files\storage\filesystem.py", line 220, in path
    return safe_join(self.location, name)
  File "C:\Users\kouek\AppData\Local\Programs\Python\Python313\Lib\site-packages\django\utils\_os.py", line 31, in safe_join
    raise SuspiciousFileOperation(
    ...<2 lines>...
    )
django.core.exceptions.SuspiciousFileOperation: The joined path (C:\placeholder.svg) is located outside of the base path component (C:\Users\kouek\kouekam\business\conect pin and go delivery\pin-and-go-delivery\backend\media)
ERROR 2025-08-06 10:56:16,433 handlers 26304 28536 There was an exception deleting the file `/placeholder.svg` on field `agri_connect.agriproductimage.image`
Traceback (most recent call last):
  File "C:\Users\kouek\AppData\Local\Programs\Python\Python313\Lib\site-packages\django_cleanup\handlers.py", line 110, in run_on_commit
    file_.delete(save=False)
    ~~~~~~~~~~~~^^^^^^^^^^^^
  File "C:\Users\kouek\AppData\Local\Programs\Python\Python313\Lib\site-packages\django\db\models\fields\files.py", line 414, in delete
    super().delete(save)
    ~~~~~~~~~~~~~~^^^^^^
  File "C:\Users\kouek\AppData\Local\Programs\Python\Python313\Lib\site-packages\django\db\models\fields\files.py", line 118, in delete
    self.storage.delete(self.name)
    ~~~~~~~~~~~~~~~~~~~^^^^^^^^^^^
  File "C:\Users\kouek\AppData\Local\Programs\Python\Python313\Lib\site-packages\django\core\files\storage\filesystem.py", line 183, in delete
    name = self.path(name)
  File "C:\Users\kouek\AppData\Local\Programs\Python\Python313\Lib\site-packages\django\core\files\storage\filesystem.py", line 220, in path
    return safe_join(self.location, name)
  File "C:\Users\kouek\AppData\Local\Programs\Python\Python313\Lib\site-packages\django\utils\_os.py", line 31, in safe_join
    raise SuspiciousFileOperation(
    ...<2 lines>...
    )
django.core.exceptions.SuspiciousFileOperation: The joined path (C:\placeholder.svg) is located outside of the base path component (C:\Users\kouek\kouekam\business\conect pin and go delivery\pin-and-go-delivery\backend\media)
WARNING 2025-08-06 11:17:07,375 log 9268 22692 Unauthorized: /api/users/profile/
ERROR 2025-08-06 11:22:17,931 log 9268 17048 Internal Server Error: /api/agri-connect/products/
Traceback (most recent call last):
  File "C:\Users\kouek\kouekam\business\conect pin and go delivery\pin-and-go-delivery\venv\Lib\site-packages\django\core\handlers\exception.py", line 55, in inner
    response = get_response(request)
  File "C:\Users\kouek\kouekam\business\conect pin and go delivery\pin-and-go-delivery\venv\Lib\site-packages\django\core\handlers\base.py", line 197, in _get_response
    response = wrapped_callback(request, *callback_args, **callback_kwargs)
  File "C:\Users\kouek\kouekam\business\conect pin and go delivery\pin-and-go-delivery\venv\Lib\site-packages\django\views\decorators\csrf.py", line 65, in _view_wrapper
    return view_func(request, *args, **kwargs)
  File "C:\Users\kouek\kouekam\business\conect pin and go delivery\pin-and-go-delivery\venv\Lib\site-packages\django\views\generic\base.py", line 105, in view
    return self.dispatch(request, *args, **kwargs)
           ~~~~~~~~~~~~~^^^^^^^^^^^^^^^^^^^^^^^^^^
  File "C:\Users\kouek\kouekam\business\conect pin and go delivery\pin-and-go-delivery\venv\Lib\site-packages\rest_framework\views.py", line 515, in dispatch
    response = self.handle_exception(exc)
  File "C:\Users\kouek\kouekam\business\conect pin and go delivery\pin-and-go-delivery\venv\Lib\site-packages\rest_framework\views.py", line 475, in handle_exception
    self.raise_uncaught_exception(exc)
    ~~~~~~~~~~~~~~~~~~~~~~~~~~~~~^^^^^
  File "C:\Users\kouek\kouekam\business\conect pin and go delivery\pin-and-go-delivery\venv\Lib\site-packages\rest_framework\views.py", line 486, in raise_uncaught_exception
    raise exc
  File "C:\Users\kouek\kouekam\business\conect pin and go delivery\pin-and-go-delivery\venv\Lib\site-packages\rest_framework\views.py", line 512, in dispatch
    response = handler(request, *args, **kwargs)
  File "C:\Users\kouek\kouekam\business\conect pin and go delivery\pin-and-go-delivery\venv\Lib\site-packages\rest_framework\generics.py", line 203, in get
    return self.list(request, *args, **kwargs)
           ~~~~~~~~~^^^^^^^^^^^^^^^^^^^^^^^^^^
  File "C:\Users\kouek\kouekam\business\conect pin and go delivery\pin-and-go-delivery\venv\Lib\site-packages\rest_framework\mixins.py", line 38, in list
    queryset = self.filter_queryset(self.get_queryset())
  File "C:\Users\kouek\kouekam\business\conect pin and go delivery\pin-and-go-delivery\venv\Lib\site-packages\rest_framework\generics.py", line 154, in filter_queryset
    queryset = backend().filter_queryset(self.request, queryset, self)
  File "C:\Users\kouek\kouekam\business\conect pin and go delivery\pin-and-go-delivery\venv\Lib\site-packages\django_filters\rest_framework\backends.py", line 66, in filter_queryset
    filterset = self.get_filterset(request, queryset, view)
  File "C:\Users\kouek\kouekam\business\conect pin and go delivery\pin-and-go-delivery\venv\Lib\site-packages\django_filters\rest_framework\backends.py", line 18, in get_filterset
    filterset_class = self.get_filterset_class(view, queryset)
  File "C:\Users\kouek\kouekam\business\conect pin and go delivery\pin-and-go-delivery\venv\Lib\site-packages\django_filters\rest_framework\backends.py", line 49, in get_filterset_class
    class AutoFilterSet(self.filterset_base):
    ...<2 lines>...
            fields = filterset_fields
  File "C:\Users\kouek\kouekam\business\conect pin and go delivery\pin-and-go-delivery\venv\Lib\site-packages\django_filters\filterset.py", line 82, in __new__
    new_class.base_filters = new_class.get_filters()
                             ~~~~~~~~~~~~~~~~~~~~~^^
  File "C:\Users\kouek\kouekam\business\conect pin and go delivery\pin-and-go-delivery\venv\Lib\site-packages\django_filters\filterset.py", line 371, in get_filters
    raise TypeError(
    ...<2 lines>...
    )
TypeError: 'Meta.fields' must not contain non-model field names: is_on_sale
ERROR 2025-08-06 11:22:19,825 log 9268 22692 Internal Server Error: /api/agri-connect/products/
Traceback (most recent call last):
  File "C:\Users\kouek\kouekam\business\conect pin and go delivery\pin-and-go-delivery\venv\Lib\site-packages\django\core\handlers\exception.py", line 55, in inner
    response = get_response(request)
  File "C:\Users\kouek\kouekam\business\conect pin and go delivery\pin-and-go-delivery\venv\Lib\site-packages\django\core\handlers\base.py", line 197, in _get_response
    response = wrapped_callback(request, *callback_args, **callback_kwargs)
  File "C:\Users\kouek\kouekam\business\conect pin and go delivery\pin-and-go-delivery\venv\Lib\site-packages\django\views\decorators\csrf.py", line 65, in _view_wrapper
    return view_func(request, *args, **kwargs)
  File "C:\Users\kouek\kouekam\business\conect pin and go delivery\pin-and-go-delivery\venv\Lib\site-packages\django\views\generic\base.py", line 105, in view
    return self.dispatch(request, *args, **kwargs)
           ~~~~~~~~~~~~~^^^^^^^^^^^^^^^^^^^^^^^^^^
  File "C:\Users\kouek\kouekam\business\conect pin and go delivery\pin-and-go-delivery\venv\Lib\site-packages\rest_framework\views.py", line 515, in dispatch
    response = self.handle_exception(exc)
  File "C:\Users\kouek\kouekam\business\conect pin and go delivery\pin-and-go-delivery\venv\Lib\site-packages\rest_framework\views.py", line 475, in handle_exception
    self.raise_uncaught_exception(exc)
    ~~~~~~~~~~~~~~~~~~~~~~~~~~~~~^^^^^
  File "C:\Users\kouek\kouekam\business\conect pin and go delivery\pin-and-go-delivery\venv\Lib\site-packages\rest_framework\views.py", line 486, in raise_uncaught_exception
    raise exc
  File "C:\Users\kouek\kouekam\business\conect pin and go delivery\pin-and-go-delivery\venv\Lib\site-packages\rest_framework\views.py", line 512, in dispatch
    response = handler(request, *args, **kwargs)
  File "C:\Users\kouek\kouekam\business\conect pin and go delivery\pin-and-go-delivery\venv\Lib\site-packages\rest_framework\generics.py", line 203, in get
    return self.list(request, *args, **kwargs)
           ~~~~~~~~~^^^^^^^^^^^^^^^^^^^^^^^^^^
  File "C:\Users\kouek\kouekam\business\conect pin and go delivery\pin-and-go-delivery\venv\Lib\site-packages\rest_framework\mixins.py", line 38, in list
    queryset = self.filter_queryset(self.get_queryset())
  File "C:\Users\kouek\kouekam\business\conect pin and go delivery\pin-and-go-delivery\venv\Lib\site-packages\rest_framework\generics.py", line 154, in filter_queryset
    queryset = backend().filter_queryset(self.request, queryset, self)
  File "C:\Users\kouek\kouekam\business\conect pin and go delivery\pin-and-go-delivery\venv\Lib\site-packages\django_filters\rest_framework\backends.py", line 66, in filter_queryset
    filterset = self.get_filterset(request, queryset, view)
  File "C:\Users\kouek\kouekam\business\conect pin and go delivery\pin-and-go-delivery\venv\Lib\site-packages\django_filters\rest_framework\backends.py", line 18, in get_filterset
    filterset_class = self.get_filterset_class(view, queryset)
  File "C:\Users\kouek\kouekam\business\conect pin and go delivery\pin-and-go-delivery\venv\Lib\site-packages\django_filters\rest_framework\backends.py", line 49, in get_filterset_class
    class AutoFilterSet(self.filterset_base):
    ...<2 lines>...
            fields = filterset_fields
  File "C:\Users\kouek\kouekam\business\conect pin and go delivery\pin-and-go-delivery\venv\Lib\site-packages\django_filters\filterset.py", line 82, in __new__
    new_class.base_filters = new_class.get_filters()
                             ~~~~~~~~~~~~~~~~~~~~~^^
  File "C:\Users\kouek\kouekam\business\conect pin and go delivery\pin-and-go-delivery\venv\Lib\site-packages\django_filters\filterset.py", line 371, in get_filters
    raise TypeError(
    ...<2 lines>...
    )
TypeError: 'Meta.fields' must not contain non-model field names: is_on_sale
INFO 2025-08-06 11:22:21,603 autoreload 9268 23636 C:\Users\kouek\kouekam\business\conect pin and go delivery\pin-and-go-delivery\backend\marketplace\views.py changed, reloading.
INFO 2025-08-06 11:22:22,887 autoreload 3864 13052 Watching for file changes with StatReloader
WARNING 2025-08-06 11:22:35,253 log 3864 27664 Method Not Allowed: /api/marketplace/cart/add/
WARNING 2025-08-06 11:22:38,097 log 3864 27664 Method Not Allowed: /api/marketplace/cart/add/
WARNING 2025-08-06 11:22:51,448 log 3864 27664 Method Not Allowed: /api/marketplace/cart/add/
ERROR 2025-08-06 11:24:27,283 log 3864 27664 Internal Server Error: /api/agri-connect/products/
Traceback (most recent call last):
  File "C:\Users\kouek\kouekam\business\conect pin and go delivery\pin-and-go-delivery\venv\Lib\site-packages\django\core\handlers\exception.py", line 55, in inner
    response = get_response(request)
  File "C:\Users\kouek\kouekam\business\conect pin and go delivery\pin-and-go-delivery\venv\Lib\site-packages\django\core\handlers\base.py", line 197, in _get_response
    response = wrapped_callback(request, *callback_args, **callback_kwargs)
  File "C:\Users\kouek\kouekam\business\conect pin and go delivery\pin-and-go-delivery\venv\Lib\site-packages\django\views\decorators\csrf.py", line 65, in _view_wrapper
    return view_func(request, *args, **kwargs)
  File "C:\Users\kouek\kouekam\business\conect pin and go delivery\pin-and-go-delivery\venv\Lib\site-packages\django\views\generic\base.py", line 105, in view
    return self.dispatch(request, *args, **kwargs)
           ~~~~~~~~~~~~~^^^^^^^^^^^^^^^^^^^^^^^^^^
  File "C:\Users\kouek\kouekam\business\conect pin and go delivery\pin-and-go-delivery\venv\Lib\site-packages\rest_framework\views.py", line 515, in dispatch
    response = self.handle_exception(exc)
  File "C:\Users\kouek\kouekam\business\conect pin and go delivery\pin-and-go-delivery\venv\Lib\site-packages\rest_framework\views.py", line 475, in handle_exception
    self.raise_uncaught_exception(exc)
    ~~~~~~~~~~~~~~~~~~~~~~~~~~~~~^^^^^
  File "C:\Users\kouek\kouekam\business\conect pin and go delivery\pin-and-go-delivery\venv\Lib\site-packages\rest_framework\views.py", line 486, in raise_uncaught_exception
    raise exc
  File "C:\Users\kouek\kouekam\business\conect pin and go delivery\pin-and-go-delivery\venv\Lib\site-packages\rest_framework\views.py", line 512, in dispatch
    response = handler(request, *args, **kwargs)
  File "C:\Users\kouek\kouekam\business\conect pin and go delivery\pin-and-go-delivery\venv\Lib\site-packages\rest_framework\generics.py", line 203, in get
    return self.list(request, *args, **kwargs)
           ~~~~~~~~~^^^^^^^^^^^^^^^^^^^^^^^^^^
  File "C:\Users\kouek\kouekam\business\conect pin and go delivery\pin-and-go-delivery\venv\Lib\site-packages\rest_framework\mixins.py", line 38, in list
    queryset = self.filter_queryset(self.get_queryset())
  File "C:\Users\kouek\kouekam\business\conect pin and go delivery\pin-and-go-delivery\venv\Lib\site-packages\rest_framework\generics.py", line 154, in filter_queryset
    queryset = backend().filter_queryset(self.request, queryset, self)
  File "C:\Users\kouek\kouekam\business\conect pin and go delivery\pin-and-go-delivery\venv\Lib\site-packages\django_filters\rest_framework\backends.py", line 66, in filter_queryset
    filterset = self.get_filterset(request, queryset, view)
  File "C:\Users\kouek\kouekam\business\conect pin and go delivery\pin-and-go-delivery\venv\Lib\site-packages\django_filters\rest_framework\backends.py", line 18, in get_filterset
    filterset_class = self.get_filterset_class(view, queryset)
  File "C:\Users\kouek\kouekam\business\conect pin and go delivery\pin-and-go-delivery\venv\Lib\site-packages\django_filters\rest_framework\backends.py", line 49, in get_filterset_class
    class AutoFilterSet(self.filterset_base):
    ...<2 lines>...
            fields = filterset_fields
  File "C:\Users\kouek\kouekam\business\conect pin and go delivery\pin-and-go-delivery\venv\Lib\site-packages\django_filters\filterset.py", line 82, in __new__
    new_class.base_filters = new_class.get_filters()
                             ~~~~~~~~~~~~~~~~~~~~~^^
  File "C:\Users\kouek\kouekam\business\conect pin and go delivery\pin-and-go-delivery\venv\Lib\site-packages\django_filters\filterset.py", line 371, in get_filters
    raise TypeError(
    ...<2 lines>...
    )
TypeError: 'Meta.fields' must not contain non-model field names: is_on_sale
INFO 2025-08-06 11:24:35,155 autoreload 3864 13052 C:\Users\kouek\kouekam\business\conect pin and go delivery\pin-and-go-delivery\backend\marketplace\views.py changed, reloading.
INFO 2025-08-06 11:24:36,698 autoreload 21372 23448 Watching for file changes with StatReloader
INFO 2025-08-06 11:26:23,400 autoreload 21372 23448 C:\Users\kouek\kouekam\business\conect pin and go delivery\pin-and-go-delivery\backend\marketplace\views.py changed, reloading.
INFO 2025-08-06 11:26:24,754 autoreload 23284 19652 Watching for file changes with StatReloader
ERROR 2025-08-06 11:26:54,629 log 23284 10096 Internal Server Error: /api/agri-connect/products/
Traceback (most recent call last):
  File "C:\Users\kouek\kouekam\business\conect pin and go delivery\pin-and-go-delivery\venv\Lib\site-packages\django\core\handlers\exception.py", line 55, in inner
    response = get_response(request)
  File "C:\Users\kouek\kouekam\business\conect pin and go delivery\pin-and-go-delivery\venv\Lib\site-packages\django\core\handlers\base.py", line 197, in _get_response
    response = wrapped_callback(request, *callback_args, **callback_kwargs)
  File "C:\Users\kouek\kouekam\business\conect pin and go delivery\pin-and-go-delivery\venv\Lib\site-packages\django\views\decorators\csrf.py", line 65, in _view_wrapper
    return view_func(request, *args, **kwargs)
  File "C:\Users\kouek\kouekam\business\conect pin and go delivery\pin-and-go-delivery\venv\Lib\site-packages\django\views\generic\base.py", line 105, in view
    return self.dispatch(request, *args, **kwargs)
           ~~~~~~~~~~~~~^^^^^^^^^^^^^^^^^^^^^^^^^^
  File "C:\Users\kouek\kouekam\business\conect pin and go delivery\pin-and-go-delivery\venv\Lib\site-packages\rest_framework\views.py", line 515, in dispatch
    response = self.handle_exception(exc)
  File "C:\Users\kouek\kouekam\business\conect pin and go delivery\pin-and-go-delivery\venv\Lib\site-packages\rest_framework\views.py", line 475, in handle_exception
    self.raise_uncaught_exception(exc)
    ~~~~~~~~~~~~~~~~~~~~~~~~~~~~~^^^^^
  File "C:\Users\kouek\kouekam\business\conect pin and go delivery\pin-and-go-delivery\venv\Lib\site-packages\rest_framework\views.py", line 486, in raise_uncaught_exception
    raise exc
  File "C:\Users\kouek\kouekam\business\conect pin and go delivery\pin-and-go-delivery\venv\Lib\site-packages\rest_framework\views.py", line 512, in dispatch
    response = handler(request, *args, **kwargs)
  File "C:\Users\kouek\kouekam\business\conect pin and go delivery\pin-and-go-delivery\venv\Lib\site-packages\rest_framework\generics.py", line 203, in get
    return self.list(request, *args, **kwargs)
           ~~~~~~~~~^^^^^^^^^^^^^^^^^^^^^^^^^^
  File "C:\Users\kouek\kouekam\business\conect pin and go delivery\pin-and-go-delivery\venv\Lib\site-packages\rest_framework\mixins.py", line 38, in list
    queryset = self.filter_queryset(self.get_queryset())
  File "C:\Users\kouek\kouekam\business\conect pin and go delivery\pin-and-go-delivery\venv\Lib\site-packages\rest_framework\generics.py", line 154, in filter_queryset
    queryset = backend().filter_queryset(self.request, queryset, self)
  File "C:\Users\kouek\kouekam\business\conect pin and go delivery\pin-and-go-delivery\venv\Lib\site-packages\django_filters\rest_framework\backends.py", line 66, in filter_queryset
    filterset = self.get_filterset(request, queryset, view)
  File "C:\Users\kouek\kouekam\business\conect pin and go delivery\pin-and-go-delivery\venv\Lib\site-packages\django_filters\rest_framework\backends.py", line 18, in get_filterset
    filterset_class = self.get_filterset_class(view, queryset)
  File "C:\Users\kouek\kouekam\business\conect pin and go delivery\pin-and-go-delivery\venv\Lib\site-packages\django_filters\rest_framework\backends.py", line 49, in get_filterset_class
    class AutoFilterSet(self.filterset_base):
    ...<2 lines>...
            fields = filterset_fields
  File "C:\Users\kouek\kouekam\business\conect pin and go delivery\pin-and-go-delivery\venv\Lib\site-packages\django_filters\filterset.py", line 82, in __new__
    new_class.base_filters = new_class.get_filters()
                             ~~~~~~~~~~~~~~~~~~~~~^^
  File "C:\Users\kouek\kouekam\business\conect pin and go delivery\pin-and-go-delivery\venv\Lib\site-packages\django_filters\filterset.py", line 371, in get_filters
    raise TypeError(
    ...<2 lines>...
    )
TypeError: 'Meta.fields' must not contain non-model field names: is_on_sale
INFO 2025-08-06 11:27:38,773 autoreload 23284 19652 C:\Users\kouek\kouekam\business\conect pin and go delivery\pin-and-go-delivery\backend\agri_connect\views.py changed, reloading.
INFO 2025-08-06 11:27:39,783 autoreload 2088 20592 Watching for file changes with StatReloader
INFO 2025-08-06 11:28:08,033 autoreload 2088 20592 C:\Users\kouek\kouekam\business\conect pin and go delivery\pin-and-go-delivery\backend\agri_connect\views.py changed, reloading.
INFO 2025-08-06 11:28:09,242 autoreload 17000 5064 Watching for file changes with StatReloader
ERROR 2025-08-06 11:28:38,215 log 17000 1784 Internal Server Error: /api/agri-connect/products/
Traceback (most recent call last):
  File "C:\Users\kouek\kouekam\business\conect pin and go delivery\pin-and-go-delivery\venv\Lib\site-packages\django\core\handlers\exception.py", line 55, in inner
    response = get_response(request)
  File "C:\Users\kouek\kouekam\business\conect pin and go delivery\pin-and-go-delivery\venv\Lib\site-packages\django\core\handlers\base.py", line 197, in _get_response
    response = wrapped_callback(request, *callback_args, **callback_kwargs)
  File "C:\Users\kouek\kouekam\business\conect pin and go delivery\pin-and-go-delivery\venv\Lib\site-packages\django\views\decorators\csrf.py", line 65, in _view_wrapper
    return view_func(request, *args, **kwargs)
  File "C:\Users\kouek\kouekam\business\conect pin and go delivery\pin-and-go-delivery\venv\Lib\site-packages\django\views\generic\base.py", line 105, in view
    return self.dispatch(request, *args, **kwargs)
           ~~~~~~~~~~~~~^^^^^^^^^^^^^^^^^^^^^^^^^^
  File "C:\Users\kouek\kouekam\business\conect pin and go delivery\pin-and-go-delivery\venv\Lib\site-packages\rest_framework\views.py", line 515, in dispatch
    response = self.handle_exception(exc)
  File "C:\Users\kouek\kouekam\business\conect pin and go delivery\pin-and-go-delivery\venv\Lib\site-packages\rest_framework\views.py", line 475, in handle_exception
    self.raise_uncaught_exception(exc)
    ~~~~~~~~~~~~~~~~~~~~~~~~~~~~~^^^^^
  File "C:\Users\kouek\kouekam\business\conect pin and go delivery\pin-and-go-delivery\venv\Lib\site-packages\rest_framework\views.py", line 486, in raise_uncaught_exception
    raise exc
  File "C:\Users\kouek\kouekam\business\conect pin and go delivery\pin-and-go-delivery\venv\Lib\site-packages\rest_framework\views.py", line 512, in dispatch
    response = handler(request, *args, **kwargs)
  File "C:\Users\kouek\kouekam\business\conect pin and go delivery\pin-and-go-delivery\venv\Lib\site-packages\rest_framework\generics.py", line 203, in get
    return self.list(request, *args, **kwargs)
           ~~~~~~~~~^^^^^^^^^^^^^^^^^^^^^^^^^^
  File "C:\Users\kouek\kouekam\business\conect pin and go delivery\pin-and-go-delivery\venv\Lib\site-packages\rest_framework\mixins.py", line 38, in list
    queryset = self.filter_queryset(self.get_queryset())
  File "C:\Users\kouek\kouekam\business\conect pin and go delivery\pin-and-go-delivery\venv\Lib\site-packages\rest_framework\generics.py", line 154, in filter_queryset
    queryset = backend().filter_queryset(self.request, queryset, self)
  File "C:\Users\kouek\kouekam\business\conect pin and go delivery\pin-and-go-delivery\venv\Lib\site-packages\django_filters\rest_framework\backends.py", line 66, in filter_queryset
    filterset = self.get_filterset(request, queryset, view)
  File "C:\Users\kouek\kouekam\business\conect pin and go delivery\pin-and-go-delivery\venv\Lib\site-packages\django_filters\rest_framework\backends.py", line 18, in get_filterset
    filterset_class = self.get_filterset_class(view, queryset)
  File "C:\Users\kouek\kouekam\business\conect pin and go delivery\pin-and-go-delivery\venv\Lib\site-packages\django_filters\rest_framework\backends.py", line 49, in get_filterset_class
    class AutoFilterSet(self.filterset_base):
    ...<2 lines>...
            fields = filterset_fields
  File "C:\Users\kouek\kouekam\business\conect pin and go delivery\pin-and-go-delivery\venv\Lib\site-packages\django_filters\filterset.py", line 82, in __new__
    new_class.base_filters = new_class.get_filters()
                             ~~~~~~~~~~~~~~~~~~~~~^^
  File "C:\Users\kouek\kouekam\business\conect pin and go delivery\pin-and-go-delivery\venv\Lib\site-packages\django_filters\filterset.py", line 371, in get_filters
    raise TypeError(
    ...<2 lines>...
    )
TypeError: 'Meta.fields' must not contain non-model field names: is_on_sale
WARNING 2025-08-06 11:29:00,663 log 17000 1784 Method Not Allowed: /api/marketplace/cart/add/
WARNING 2025-08-06 11:36:15,998 log 17000 1784 Not Found: /api/marketplace/cart/undefined/add_item/
WARNING 2025-08-06 11:36:20,905 log 17000 1784 Not Found: /api/marketplace/cart/undefined/add_item/
INFO 2025-08-06 11:38:57,280 autoreload 17000 5064 C:\Users\kouek\kouekam\business\conect pin and go delivery\pin-and-go-delivery\backend\marketplace\views.py changed, reloading.
INFO 2025-08-06 11:38:58,515 autoreload 11336 2736 Watching for file changes with StatReloader
INFO 2025-08-06 11:39:26,117 autoreload 11336 2736 C:\Users\kouek\kouekam\business\conect pin and go delivery\pin-and-go-delivery\backend\marketplace\views.py changed, reloading.
INFO 2025-08-06 11:39:27,046 autoreload 25636 22080 Watching for file changes with StatReloader
INFO 2025-08-06 11:40:19,848 autoreload 25636 22080 C:\Users\kouek\kouekam\business\conect pin and go delivery\pin-and-go-delivery\backend\marketplace\views.py changed, reloading.
INFO 2025-08-06 11:40:20,856 autoreload 9972 26368 Watching for file changes with StatReloader
ERROR 2025-08-06 11:47:27,781 log 9972 25484 Internal Server Error: /api/agri-connect/products/
Traceback (most recent call last):
  File "C:\Users\kouek\kouekam\business\conect pin and go delivery\pin-and-go-delivery\venv\Lib\site-packages\django\core\handlers\exception.py", line 55, in inner
    response = get_response(request)
  File "C:\Users\kouek\kouekam\business\conect pin and go delivery\pin-and-go-delivery\venv\Lib\site-packages\django\core\handlers\base.py", line 197, in _get_response
    response = wrapped_callback(request, *callback_args, **callback_kwargs)
  File "C:\Users\kouek\kouekam\business\conect pin and go delivery\pin-and-go-delivery\venv\Lib\site-packages\django\views\decorators\csrf.py", line 65, in _view_wrapper
    return view_func(request, *args, **kwargs)
  File "C:\Users\kouek\kouekam\business\conect pin and go delivery\pin-and-go-delivery\venv\Lib\site-packages\django\views\generic\base.py", line 105, in view
    return self.dispatch(request, *args, **kwargs)
           ~~~~~~~~~~~~~^^^^^^^^^^^^^^^^^^^^^^^^^^
  File "C:\Users\kouek\kouekam\business\conect pin and go delivery\pin-and-go-delivery\venv\Lib\site-packages\rest_framework\views.py", line 515, in dispatch
    response = self.handle_exception(exc)
  File "C:\Users\kouek\kouekam\business\conect pin and go delivery\pin-and-go-delivery\venv\Lib\site-packages\rest_framework\views.py", line 475, in handle_exception
    self.raise_uncaught_exception(exc)
    ~~~~~~~~~~~~~~~~~~~~~~~~~~~~~^^^^^
  File "C:\Users\kouek\kouekam\business\conect pin and go delivery\pin-and-go-delivery\venv\Lib\site-packages\rest_framework\views.py", line 486, in raise_uncaught_exception
    raise exc
  File "C:\Users\kouek\kouekam\business\conect pin and go delivery\pin-and-go-delivery\venv\Lib\site-packages\rest_framework\views.py", line 512, in dispatch
    response = handler(request, *args, **kwargs)
  File "C:\Users\kouek\kouekam\business\conect pin and go delivery\pin-and-go-delivery\venv\Lib\site-packages\rest_framework\generics.py", line 203, in get
    return self.list(request, *args, **kwargs)
           ~~~~~~~~~^^^^^^^^^^^^^^^^^^^^^^^^^^
  File "C:\Users\kouek\kouekam\business\conect pin and go delivery\pin-and-go-delivery\venv\Lib\site-packages\rest_framework\mixins.py", line 38, in list
    queryset = self.filter_queryset(self.get_queryset())
  File "C:\Users\kouek\kouekam\business\conect pin and go delivery\pin-and-go-delivery\venv\Lib\site-packages\rest_framework\generics.py", line 154, in filter_queryset
    queryset = backend().filter_queryset(self.request, queryset, self)
  File "C:\Users\kouek\kouekam\business\conect pin and go delivery\pin-and-go-delivery\venv\Lib\site-packages\django_filters\rest_framework\backends.py", line 66, in filter_queryset
    filterset = self.get_filterset(request, queryset, view)
  File "C:\Users\kouek\kouekam\business\conect pin and go delivery\pin-and-go-delivery\venv\Lib\site-packages\django_filters\rest_framework\backends.py", line 18, in get_filterset
    filterset_class = self.get_filterset_class(view, queryset)
  File "C:\Users\kouek\kouekam\business\conect pin and go delivery\pin-and-go-delivery\venv\Lib\site-packages\django_filters\rest_framework\backends.py", line 49, in get_filterset_class
    class AutoFilterSet(self.filterset_base):
    ...<2 lines>...
            fields = filterset_fields
  File "C:\Users\kouek\kouekam\business\conect pin and go delivery\pin-and-go-delivery\venv\Lib\site-packages\django_filters\filterset.py", line 82, in __new__
    new_class.base_filters = new_class.get_filters()
                             ~~~~~~~~~~~~~~~~~~~~~^^
  File "C:\Users\kouek\kouekam\business\conect pin and go delivery\pin-and-go-delivery\venv\Lib\site-packages\django_filters\filterset.py", line 371, in get_filters
    raise TypeError(
    ...<2 lines>...
    )
TypeError: 'Meta.fields' must not contain non-model field names: is_on_sale
ERROR 2025-08-06 11:47:29,145 log 9972 25484 Internal Server Error: /api/agri-connect/products/
Traceback (most recent call last):
  File "C:\Users\kouek\kouekam\business\conect pin and go delivery\pin-and-go-delivery\venv\Lib\site-packages\django\core\handlers\exception.py", line 55, in inner
    response = get_response(request)
  File "C:\Users\kouek\kouekam\business\conect pin and go delivery\pin-and-go-delivery\venv\Lib\site-packages\django\core\handlers\base.py", line 197, in _get_response
    response = wrapped_callback(request, *callback_args, **callback_kwargs)
  File "C:\Users\kouek\kouekam\business\conect pin and go delivery\pin-and-go-delivery\venv\Lib\site-packages\django\views\decorators\csrf.py", line 65, in _view_wrapper
    return view_func(request, *args, **kwargs)
  File "C:\Users\kouek\kouekam\business\conect pin and go delivery\pin-and-go-delivery\venv\Lib\site-packages\django\views\generic\base.py", line 105, in view
    return self.dispatch(request, *args, **kwargs)
           ~~~~~~~~~~~~~^^^^^^^^^^^^^^^^^^^^^^^^^^
  File "C:\Users\kouek\kouekam\business\conect pin and go delivery\pin-and-go-delivery\venv\Lib\site-packages\rest_framework\views.py", line 515, in dispatch
    response = self.handle_exception(exc)
  File "C:\Users\kouek\kouekam\business\conect pin and go delivery\pin-and-go-delivery\venv\Lib\site-packages\rest_framework\views.py", line 475, in handle_exception
    self.raise_uncaught_exception(exc)
    ~~~~~~~~~~~~~~~~~~~~~~~~~~~~~^^^^^
  File "C:\Users\kouek\kouekam\business\conect pin and go delivery\pin-and-go-delivery\venv\Lib\site-packages\rest_framework\views.py", line 486, in raise_uncaught_exception
    raise exc
  File "C:\Users\kouek\kouekam\business\conect pin and go delivery\pin-and-go-delivery\venv\Lib\site-packages\rest_framework\views.py", line 512, in dispatch
    response = handler(request, *args, **kwargs)
  File "C:\Users\kouek\kouekam\business\conect pin and go delivery\pin-and-go-delivery\venv\Lib\site-packages\rest_framework\generics.py", line 203, in get
    return self.list(request, *args, **kwargs)
           ~~~~~~~~~^^^^^^^^^^^^^^^^^^^^^^^^^^
  File "C:\Users\kouek\kouekam\business\conect pin and go delivery\pin-and-go-delivery\venv\Lib\site-packages\rest_framework\mixins.py", line 38, in list
    queryset = self.filter_queryset(self.get_queryset())
  File "C:\Users\kouek\kouekam\business\conect pin and go delivery\pin-and-go-delivery\venv\Lib\site-packages\rest_framework\generics.py", line 154, in filter_queryset
    queryset = backend().filter_queryset(self.request, queryset, self)
  File "C:\Users\kouek\kouekam\business\conect pin and go delivery\pin-and-go-delivery\venv\Lib\site-packages\django_filters\rest_framework\backends.py", line 66, in filter_queryset
    filterset = self.get_filterset(request, queryset, view)
  File "C:\Users\kouek\kouekam\business\conect pin and go delivery\pin-and-go-delivery\venv\Lib\site-packages\django_filters\rest_framework\backends.py", line 18, in get_filterset
    filterset_class = self.get_filterset_class(view, queryset)
  File "C:\Users\kouek\kouekam\business\conect pin and go delivery\pin-and-go-delivery\venv\Lib\site-packages\django_filters\rest_framework\backends.py", line 49, in get_filterset_class
    class AutoFilterSet(self.filterset_base):
    ...<2 lines>...
            fields = filterset_fields
  File "C:\Users\kouek\kouekam\business\conect pin and go delivery\pin-and-go-delivery\venv\Lib\site-packages\django_filters\filterset.py", line 82, in __new__
    new_class.base_filters = new_class.get_filters()
                             ~~~~~~~~~~~~~~~~~~~~~^^
  File "C:\Users\kouek\kouekam\business\conect pin and go delivery\pin-and-go-delivery\venv\Lib\site-packages\django_filters\filterset.py", line 371, in get_filters
    raise TypeError(
    ...<2 lines>...
    )
TypeError: 'Meta.fields' must not contain non-model field names: is_on_sale
WARNING 2025-08-06 11:47:38,400 log 9972 2736 Bad Request: /api/marketplace/products/
WARNING 2025-08-06 11:47:39,506 log 9972 2736 Bad Request: /api/marketplace/products/
WARNING 2025-08-06 11:47:41,856 log 9972 2736 Bad Request: /api/marketplace/products/
WARNING 2025-08-06 11:47:42,955 log 9972 2736 Bad Request: /api/marketplace/products/
WARNING 2025-08-06 11:47:44,626 log 9972 2736 Bad Request: /api/marketplace/products/
WARNING 2025-08-06 11:47:45,782 log 9972 2736 Bad Request: /api/marketplace/products/
WARNING 2025-08-06 11:47:47,276 log 9972 2736 Bad Request: /api/marketplace/products/
WARNING 2025-08-06 11:47:48,449 log 9972 2736 Bad Request: /api/marketplace/products/
INFO 2025-08-06 11:48:30,337 autoreload 9972 26368 C:\Users\kouek\kouekam\business\conect pin and go delivery\pin-and-go-delivery\backend\marketplace\views.py changed, reloading.
INFO 2025-08-06 11:48:31,283 autoreload 25392 20996 Watching for file changes with StatReloader
WARNING 2025-08-06 11:48:39,684 log 25392 21508 Bad Request: /api/marketplace/products/
WARNING 2025-08-06 11:48:40,786 log 25392 21508 Bad Request: /api/marketplace/products/
INFO 2025-08-06 11:49:00,721 autoreload 25392 20996 C:\Users\kouek\kouekam\business\conect pin and go delivery\pin-and-go-delivery\backend\marketplace\views.py changed, reloading.
INFO 2025-08-06 11:49:01,687 autoreload 7764 3116 Watching for file changes with StatReloader
WARNING 2025-08-06 11:50:48,351 log 7764 21644 Not Found: /api/notifications/
WARNING 2025-08-06 12:43:07,554 log 7764 28040 Unauthorized: /api/users/profile/
WARNING 2025-08-06 12:43:08,555 log 7764 28040 Not Found: /api/notifications/
WARNING 2025-08-06 12:43:09,720 log 7764 28040 Not Found: /api/notifications/
WARNING 2025-08-06 12:43:12,248 log 7764 28040 Bad Request: /api/marketplace/products/
INFO 2025-08-06 12:43:13,296 autoreload 7764 3116 C:\Users\kouek\kouekam\business\conect pin and go delivery\pin-and-go-delivery\backend\marketplace\views.py changed, reloading.
INFO 2025-08-06 12:43:18,924 autoreload 16212 19564 Watching for file changes with StatReloader
WARNING 2025-08-06 12:46:04,404 log 16212 27212 Not Found: /api/notifications/
WARNING 2025-08-06 12:46:05,424 log 16212 27212 Not Found: /api/notifications/
ERROR 2025-08-06 12:46:16,408 log 16212 27212 Internal Server Error: /api/agri-connect/products/
Traceback (most recent call last):
  File "C:\Users\kouek\kouekam\business\conect pin and go delivery\pin-and-go-delivery\venv\Lib\site-packages\django\core\handlers\exception.py", line 55, in inner
    response = get_response(request)
  File "C:\Users\kouek\kouekam\business\conect pin and go delivery\pin-and-go-delivery\venv\Lib\site-packages\django\core\handlers\base.py", line 197, in _get_response
    response = wrapped_callback(request, *callback_args, **callback_kwargs)
  File "C:\Users\kouek\kouekam\business\conect pin and go delivery\pin-and-go-delivery\venv\Lib\site-packages\django\views\decorators\csrf.py", line 65, in _view_wrapper
    return view_func(request, *args, **kwargs)
  File "C:\Users\kouek\kouekam\business\conect pin and go delivery\pin-and-go-delivery\venv\Lib\site-packages\django\views\generic\base.py", line 105, in view
    return self.dispatch(request, *args, **kwargs)
           ~~~~~~~~~~~~~^^^^^^^^^^^^^^^^^^^^^^^^^^
  File "C:\Users\kouek\kouekam\business\conect pin and go delivery\pin-and-go-delivery\venv\Lib\site-packages\rest_framework\views.py", line 515, in dispatch
    response = self.handle_exception(exc)
  File "C:\Users\kouek\kouekam\business\conect pin and go delivery\pin-and-go-delivery\venv\Lib\site-packages\rest_framework\views.py", line 475, in handle_exception
    self.raise_uncaught_exception(exc)
    ~~~~~~~~~~~~~~~~~~~~~~~~~~~~~^^^^^
  File "C:\Users\kouek\kouekam\business\conect pin and go delivery\pin-and-go-delivery\venv\Lib\site-packages\rest_framework\views.py", line 486, in raise_uncaught_exception
    raise exc
  File "C:\Users\kouek\kouekam\business\conect pin and go delivery\pin-and-go-delivery\venv\Lib\site-packages\rest_framework\views.py", line 512, in dispatch
    response = handler(request, *args, **kwargs)
  File "C:\Users\kouek\kouekam\business\conect pin and go delivery\pin-and-go-delivery\venv\Lib\site-packages\rest_framework\generics.py", line 203, in get
    return self.list(request, *args, **kwargs)
           ~~~~~~~~~^^^^^^^^^^^^^^^^^^^^^^^^^^
  File "C:\Users\kouek\kouekam\business\conect pin and go delivery\pin-and-go-delivery\venv\Lib\site-packages\rest_framework\mixins.py", line 38, in list
    queryset = self.filter_queryset(self.get_queryset())
  File "C:\Users\kouek\kouekam\business\conect pin and go delivery\pin-and-go-delivery\venv\Lib\site-packages\rest_framework\generics.py", line 154, in filter_queryset
    queryset = backend().filter_queryset(self.request, queryset, self)
  File "C:\Users\kouek\kouekam\business\conect pin and go delivery\pin-and-go-delivery\venv\Lib\site-packages\django_filters\rest_framework\backends.py", line 66, in filter_queryset
    filterset = self.get_filterset(request, queryset, view)
  File "C:\Users\kouek\kouekam\business\conect pin and go delivery\pin-and-go-delivery\venv\Lib\site-packages\django_filters\rest_framework\backends.py", line 18, in get_filterset
    filterset_class = self.get_filterset_class(view, queryset)
  File "C:\Users\kouek\kouekam\business\conect pin and go delivery\pin-and-go-delivery\venv\Lib\site-packages\django_filters\rest_framework\backends.py", line 49, in get_filterset_class
    class AutoFilterSet(self.filterset_base):
    ...<2 lines>...
            fields = filterset_fields
  File "C:\Users\kouek\kouekam\business\conect pin and go delivery\pin-and-go-delivery\venv\Lib\site-packages\django_filters\filterset.py", line 82, in __new__
    new_class.base_filters = new_class.get_filters()
                             ~~~~~~~~~~~~~~~~~~~~~^^
  File "C:\Users\kouek\kouekam\business\conect pin and go delivery\pin-and-go-delivery\venv\Lib\site-packages\django_filters\filterset.py", line 371, in get_filters
    raise TypeError(
    ...<2 lines>...
    )
TypeError: 'Meta.fields' must not contain non-model field names: is_on_sale
ERROR 2025-08-06 12:46:17,548 log 16212 27212 Internal Server Error: /api/agri-connect/products/
Traceback (most recent call last):
  File "C:\Users\kouek\kouekam\business\conect pin and go delivery\pin-and-go-delivery\venv\Lib\site-packages\django\core\handlers\exception.py", line 55, in inner
    response = get_response(request)
  File "C:\Users\kouek\kouekam\business\conect pin and go delivery\pin-and-go-delivery\venv\Lib\site-packages\django\core\handlers\base.py", line 197, in _get_response
    response = wrapped_callback(request, *callback_args, **callback_kwargs)
  File "C:\Users\kouek\kouekam\business\conect pin and go delivery\pin-and-go-delivery\venv\Lib\site-packages\django\views\decorators\csrf.py", line 65, in _view_wrapper
    return view_func(request, *args, **kwargs)
  File "C:\Users\kouek\kouekam\business\conect pin and go delivery\pin-and-go-delivery\venv\Lib\site-packages\django\views\generic\base.py", line 105, in view
    return self.dispatch(request, *args, **kwargs)
           ~~~~~~~~~~~~~^^^^^^^^^^^^^^^^^^^^^^^^^^
  File "C:\Users\kouek\kouekam\business\conect pin and go delivery\pin-and-go-delivery\venv\Lib\site-packages\rest_framework\views.py", line 515, in dispatch
    response = self.handle_exception(exc)
  File "C:\Users\kouek\kouekam\business\conect pin and go delivery\pin-and-go-delivery\venv\Lib\site-packages\rest_framework\views.py", line 475, in handle_exception
    self.raise_uncaught_exception(exc)
    ~~~~~~~~~~~~~~~~~~~~~~~~~~~~~^^^^^
  File "C:\Users\kouek\kouekam\business\conect pin and go delivery\pin-and-go-delivery\venv\Lib\site-packages\rest_framework\views.py", line 486, in raise_uncaught_exception
    raise exc
  File "C:\Users\kouek\kouekam\business\conect pin and go delivery\pin-and-go-delivery\venv\Lib\site-packages\rest_framework\views.py", line 512, in dispatch
    response = handler(request, *args, **kwargs)
  File "C:\Users\kouek\kouekam\business\conect pin and go delivery\pin-and-go-delivery\venv\Lib\site-packages\rest_framework\generics.py", line 203, in get
    return self.list(request, *args, **kwargs)
           ~~~~~~~~~^^^^^^^^^^^^^^^^^^^^^^^^^^
  File "C:\Users\kouek\kouekam\business\conect pin and go delivery\pin-and-go-delivery\venv\Lib\site-packages\rest_framework\mixins.py", line 38, in list
    queryset = self.filter_queryset(self.get_queryset())
  File "C:\Users\kouek\kouekam\business\conect pin and go delivery\pin-and-go-delivery\venv\Lib\site-packages\rest_framework\generics.py", line 154, in filter_queryset
    queryset = backend().filter_queryset(self.request, queryset, self)
  File "C:\Users\kouek\kouekam\business\conect pin and go delivery\pin-and-go-delivery\venv\Lib\site-packages\django_filters\rest_framework\backends.py", line 66, in filter_queryset
    filterset = self.get_filterset(request, queryset, view)
  File "C:\Users\kouek\kouekam\business\conect pin and go delivery\pin-and-go-delivery\venv\Lib\site-packages\django_filters\rest_framework\backends.py", line 18, in get_filterset
    filterset_class = self.get_filterset_class(view, queryset)
  File "C:\Users\kouek\kouekam\business\conect pin and go delivery\pin-and-go-delivery\venv\Lib\site-packages\django_filters\rest_framework\backends.py", line 49, in get_filterset_class
    class AutoFilterSet(self.filterset_base):
    ...<2 lines>...
            fields = filterset_fields
  File "C:\Users\kouek\kouekam\business\conect pin and go delivery\pin-and-go-delivery\venv\Lib\site-packages\django_filters\filterset.py", line 82, in __new__
    new_class.base_filters = new_class.get_filters()
                             ~~~~~~~~~~~~~~~~~~~~~^^
  File "C:\Users\kouek\kouekam\business\conect pin and go delivery\pin-and-go-delivery\venv\Lib\site-packages\django_filters\filterset.py", line 371, in get_filters
    raise TypeError(
    ...<2 lines>...
    )
TypeError: 'Meta.fields' must not contain non-model field names: is_on_sale
WARNING 2025-08-06 15:28:40,500 log 16212 22444 Unauthorized: /api/marketplace/categories/
WARNING 2025-08-06 15:28:40,500 log 16212 29476 Unauthorized: /api/marketplace/products/
WARNING 2025-08-06 15:28:40,562 log 16212 22444 Not Found: /api/notifications/
INFO 2025-08-11 13:50:47,285 autoreload 8420 22252 Watching for file changes with StatReloader
INFO 2025-08-11 13:54:38,462 autoreload 8420 22252 C:\Users\kouek\kouekam\business\conect pin and go delivery\farm business\backend\payments\apps.py changed, reloading.
INFO 2025-08-11 13:57:31,168 autoreload 19728 8752 Watching for file changes with StatReloader
INFO 2025-08-11 13:57:45,462 autoreload 19728 8752 C:\Users\kouek\kouekam\business\conect pin and go delivery\farm business\backend\payments\signals.py changed, reloading.
INFO 2025-08-11 13:57:46,890 autoreload 5220 24528 Watching for file changes with StatReloader
INFO 2025-08-11 13:58:00,286 autoreload 5220 24528 C:\Users\kouek\kouekam\business\conect pin and go delivery\farm business\backend\payments\models.py changed, reloading.
INFO 2025-08-11 13:58:01,420 autoreload 22180 23512 Watching for file changes with StatReloader
INFO 2025-08-11 13:58:30,539 autoreload 22180 23512 C:\Users\kouek\kouekam\business\conect pin and go delivery\farm business\backend\chronoconnect\settings.py changed, reloading.
INFO 2025-08-11 13:58:31,429 autoreload 23804 23676 Watching for file changes with StatReloader
INFO 2025-08-11 13:59:17,279 autoreload 23996 20564 Watching for file changes with StatReloader
INFO 2025-08-11 14:04:00,358 autoreload 23996 20564 C:\Users\kouek\kouekam\business\conect pin and go delivery\farm business\backend\logistics\models.py changed, reloading.
INFO 2025-08-11 14:04:01,604 autoreload 22584 20692 Watching for file changes with StatReloader
INFO 2025-08-11 14:04:08,606 autoreload 22584 20692 C:\Users\kouek\kouekam\business\conect pin and go delivery\farm business\backend\logistics\models.py changed, reloading.
INFO 2025-08-11 14:04:09,499 autoreload 22700 23928 Watching for file changes with StatReloader
INFO 2025-08-11 14:04:16,465 autoreload 22700 23928 C:\Users\kouek\kouekam\business\conect pin and go delivery\farm business\backend\logistics\models.py changed, reloading.
INFO 2025-08-11 14:04:17,378 autoreload 22828 21964 Watching for file changes with StatReloader
INFO 2025-08-11 14:04:33,830 autoreload 22828 21964 C:\Users\kouek\kouekam\business\conect pin and go delivery\farm business\backend\logistics\models.py changed, reloading.
INFO 2025-08-11 14:04:34,744 autoreload 23812 24396 Watching for file changes with StatReloader
INFO 2025-08-11 14:05:10,435 autoreload 23812 24396 C:\Users\kouek\kouekam\business\conect pin and go delivery\farm business\backend\agri_connect\models.py changed, reloading.
INFO 2025-08-11 14:05:11,320 autoreload 23796 14272 Watching for file changes with StatReloader
INFO 2025-08-11 14:05:21,428 autoreload 23796 14272 C:\Users\kouek\kouekam\business\conect pin and go delivery\farm business\backend\agri_connect\models.py changed, reloading.
INFO 2025-08-11 14:05:22,288 autoreload 19856 6724 Watching for file changes with StatReloader
INFO 2025-08-11 14:05:30,282 autoreload 19856 6724 C:\Users\kouek\kouekam\business\conect pin and go delivery\farm business\backend\agri_connect\models.py changed, reloading.
INFO 2025-08-11 14:05:31,183 autoreload 23704 22456 Watching for file changes with StatReloader
INFO 2025-08-11 14:05:40,213 autoreload 23704 22456 C:\Users\kouek\kouekam\business\conect pin and go delivery\farm business\backend\agri_connect\models.py changed, reloading.
INFO 2025-08-11 14:05:41,061 autoreload 19592 9512 Watching for file changes with StatReloader
INFO 2025-08-11 14:05:50,162 autoreload 19592 9512 C:\Users\kouek\kouekam\business\conect pin and go delivery\farm business\backend\agri_connect\models.py changed, reloading.
INFO 2025-08-11 14:05:51,101 autoreload 23436 22668 Watching for file changes with StatReloader
INFO 2025-08-11 14:06:00,077 autoreload 23436 22668 C:\Users\kouek\kouekam\business\conect pin and go delivery\farm business\backend\agri_connect\models.py changed, reloading.
INFO 2025-08-11 14:06:00,950 autoreload 8076 2560 Watching for file changes with StatReloader
INFO 2025-08-11 14:06:11,118 autoreload 8076 2560 C:\Users\kouek\kouekam\business\conect pin and go delivery\farm business\backend\agri_connect\models.py changed, reloading.
INFO 2025-08-11 14:06:12,171 autoreload 23948 15516 Watching for file changes with StatReloader
INFO 2025-08-11 14:06:36,013 autoreload 23948 15516 C:\Users\kouek\kouekam\business\conect pin and go delivery\farm business\backend\agri_connect\urls.py changed, reloading.
INFO 2025-08-11 14:06:36,876 autoreload 5172 23564 Watching for file changes with StatReloader
INFO 2025-08-11 14:06:46,940 autoreload 5172 23564 C:\Users\kouek\kouekam\business\conect pin and go delivery\farm business\backend\agri_connect\urls.py changed, reloading.
INFO 2025-08-11 14:06:47,794 autoreload 17116 21892 Watching for file changes with StatReloader
INFO 2025-08-11 14:07:09,470 autoreload 17116 21892 C:\Users\kouek\kouekam\business\conect pin and go delivery\farm business\backend\payments\models.py changed, reloading.
INFO 2025-08-11 14:07:10,784 autoreload 19900 19764 Watching for file changes with StatReloader
INFO 2025-08-11 14:07:28,203 autoreload 1180 5008 Watching for file changes with StatReloader
INFO 2025-08-11 14:08:58,445 autoreload 11204 11068 Watching for file changes with StatReloader
INFO 2025-08-11 14:09:14,936 autoreload 11204 11068 C:\Users\kouek\kouekam\business\conect pin and go delivery\farm business\backend\chronoconnect\settings.py changed, reloading.
INFO 2025-08-11 14:09:16,304 autoreload 13056 23868 Watching for file changes with StatReloader
INFO 2025-08-11 14:13:39,828 autoreload 13056 23868 C:\Users\kouek\kouekam\business\conect pin and go delivery\farm business\backend\agri_connect\views.py changed, reloading.
INFO 2025-08-11 14:13:41,019 autoreload 22292 11632 Watching for file changes with StatReloader
INFO 2025-08-11 14:13:58,575 autoreload 22292 11632 C:\Users\kouek\kouekam\business\conect pin and go delivery\farm business\backend\agri_connect\models.py changed, reloading.
INFO 2025-08-11 14:13:59,524 autoreload 392 7548 Watching for file changes with StatReloader
INFO 2025-08-11 14:14:16,010 autoreload 392 7548 C:\Users\kouek\kouekam\business\conect pin and go delivery\farm business\backend\agri_connect\models.py changed, reloading.
INFO 2025-08-11 14:14:16,901 autoreload 23780 1568 Watching for file changes with StatReloader
INFO 2025-08-11 14:14:33,448 autoreload 23780 1568 C:\Users\kouek\kouekam\business\conect pin and go delivery\farm business\backend\chronoconnect\settings.py changed, reloading.
INFO 2025-08-11 14:14:34,821 autoreload 12744 7384 Watching for file changes with StatReloader
INFO 2025-08-11 14:14:45,052 autoreload 12744 7384 C:\Users\kouek\kouekam\business\conect pin and go delivery\farm business\backend\agri_connect\serializers.py changed, reloading.
INFO 2025-08-11 14:14:46,129 autoreload 11632 16616 Watching for file changes with StatReloader
INFO 2025-08-11 14:14:58,573 autoreload 11632 16616 C:\Users\kouek\kouekam\business\conect pin and go delivery\farm business\backend\agri_connect\views.py changed, reloading.
INFO 2025-08-11 14:14:59,720 autoreload 2716 19780 Watching for file changes with StatReloader
INFO 2025-08-11 14:16:08,270 autoreload 2716 19780 C:\Users\kouek\kouekam\business\conect pin and go delivery\farm business\backend\logistics\serializers.py changed, reloading.
INFO 2025-08-11 14:16:09,218 autoreload 3868 23288 Watching for file changes with StatReloader
INFO 2025-08-11 14:26:50,705 autoreload 23284 25564 Watching for file changes with StatReloader
WARNING 2025-08-11 14:27:04,285 log 23284 3532 Unauthorized: /api/users/profile/
WARNING 2025-08-11 14:27:04,706 log 23284 3532 Not Found: /api/notifications/
WARNING 2025-08-11 14:27:05,799 log 23284 3532 Not Found: /api/notifications/
WARNING 2025-08-11 14:27:28,754 log 23284 3532 Not Found: /api/notifications/
WARNING 2025-08-11 14:27:29,791 log 23284 3532 Not Found: /api/notifications/
ERROR 2025-08-11 14:27:35,462 log 23284 3532 Internal Server Error: /api/agri-connect/products/
Traceback (most recent call last):
  File "C:\Users\kouek\kouekam\business\conect pin and go delivery\farm business\venv\Lib\site-packages\django\core\handlers\exception.py", line 55, in inner
    response = get_response(request)
  File "C:\Users\kouek\kouekam\business\conect pin and go delivery\farm business\venv\Lib\site-packages\django\core\handlers\base.py", line 197, in _get_response
    response = wrapped_callback(request, *callback_args, **callback_kwargs)
  File "C:\Users\kouek\kouekam\business\conect pin and go delivery\farm business\venv\Lib\site-packages\django\views\decorators\csrf.py", line 65, in _view_wrapper
    return view_func(request, *args, **kwargs)
  File "C:\Users\kouek\kouekam\business\conect pin and go delivery\farm business\venv\Lib\site-packages\django\views\generic\base.py", line 105, in view
    return self.dispatch(request, *args, **kwargs)
           ~~~~~~~~~~~~~^^^^^^^^^^^^^^^^^^^^^^^^^^
  File "C:\Users\kouek\kouekam\business\conect pin and go delivery\farm business\venv\Lib\site-packages\rest_framework\views.py", line 515, in dispatch
    response = self.handle_exception(exc)
  File "C:\Users\kouek\kouekam\business\conect pin and go delivery\farm business\venv\Lib\site-packages\rest_framework\views.py", line 475, in handle_exception
    self.raise_uncaught_exception(exc)
    ~~~~~~~~~~~~~~~~~~~~~~~~~~~~~^^^^^
  File "C:\Users\kouek\kouekam\business\conect pin and go delivery\farm business\venv\Lib\site-packages\rest_framework\views.py", line 486, in raise_uncaught_exception
    raise exc
  File "C:\Users\kouek\kouekam\business\conect pin and go delivery\farm business\venv\Lib\site-packages\rest_framework\views.py", line 512, in dispatch
    response = handler(request, *args, **kwargs)
  File "C:\Users\kouek\kouekam\business\conect pin and go delivery\farm business\venv\Lib\site-packages\rest_framework\generics.py", line 203, in get
    return self.list(request, *args, **kwargs)
           ~~~~~~~~~^^^^^^^^^^^^^^^^^^^^^^^^^^
  File "C:\Users\kouek\kouekam\business\conect pin and go delivery\farm business\venv\Lib\site-packages\rest_framework\mixins.py", line 38, in list
    queryset = self.filter_queryset(self.get_queryset())
  File "C:\Users\kouek\kouekam\business\conect pin and go delivery\farm business\venv\Lib\site-packages\rest_framework\generics.py", line 154, in filter_queryset
    queryset = backend().filter_queryset(self.request, queryset, self)
  File "C:\Users\kouek\kouekam\business\conect pin and go delivery\farm business\venv\Lib\site-packages\django_filters\rest_framework\backends.py", line 66, in filter_queryset
    filterset = self.get_filterset(request, queryset, view)
  File "C:\Users\kouek\kouekam\business\conect pin and go delivery\farm business\venv\Lib\site-packages\django_filters\rest_framework\backends.py", line 18, in get_filterset
    filterset_class = self.get_filterset_class(view, queryset)
  File "C:\Users\kouek\kouekam\business\conect pin and go delivery\farm business\venv\Lib\site-packages\django_filters\rest_framework\backends.py", line 49, in get_filterset_class
    class AutoFilterSet(self.filterset_base):
    ...<2 lines>...
            fields = filterset_fields
  File "C:\Users\kouek\kouekam\business\conect pin and go delivery\farm business\venv\Lib\site-packages\django_filters\filterset.py", line 82, in __new__
    new_class.base_filters = new_class.get_filters()
                             ~~~~~~~~~~~~~~~~~~~~~^^
  File "C:\Users\kouek\kouekam\business\conect pin and go delivery\farm business\venv\Lib\site-packages\django_filters\filterset.py", line 371, in get_filters
    raise TypeError(
    ...<2 lines>...
    )
TypeError: 'Meta.fields' must not contain non-model field names: is_on_sale
ERROR 2025-08-11 14:27:36,645 log 23284 3532 Internal Server Error: /api/agri-connect/products/
Traceback (most recent call last):
  File "C:\Users\kouek\kouekam\business\conect pin and go delivery\farm business\venv\Lib\site-packages\django\core\handlers\exception.py", line 55, in inner
    response = get_response(request)
  File "C:\Users\kouek\kouekam\business\conect pin and go delivery\farm business\venv\Lib\site-packages\django\core\handlers\base.py", line 197, in _get_response
    response = wrapped_callback(request, *callback_args, **callback_kwargs)
  File "C:\Users\kouek\kouekam\business\conect pin and go delivery\farm business\venv\Lib\site-packages\django\views\decorators\csrf.py", line 65, in _view_wrapper
    return view_func(request, *args, **kwargs)
  File "C:\Users\kouek\kouekam\business\conect pin and go delivery\farm business\venv\Lib\site-packages\django\views\generic\base.py", line 105, in view
    return self.dispatch(request, *args, **kwargs)
           ~~~~~~~~~~~~~^^^^^^^^^^^^^^^^^^^^^^^^^^
  File "C:\Users\kouek\kouekam\business\conect pin and go delivery\farm business\venv\Lib\site-packages\rest_framework\views.py", line 515, in dispatch
    response = self.handle_exception(exc)
  File "C:\Users\kouek\kouekam\business\conect pin and go delivery\farm business\venv\Lib\site-packages\rest_framework\views.py", line 475, in handle_exception
    self.raise_uncaught_exception(exc)
    ~~~~~~~~~~~~~~~~~~~~~~~~~~~~~^^^^^
  File "C:\Users\kouek\kouekam\business\conect pin and go delivery\farm business\venv\Lib\site-packages\rest_framework\views.py", line 486, in raise_uncaught_exception
    raise exc
  File "C:\Users\kouek\kouekam\business\conect pin and go delivery\farm business\venv\Lib\site-packages\rest_framework\views.py", line 512, in dispatch
    response = handler(request, *args, **kwargs)
  File "C:\Users\kouek\kouekam\business\conect pin and go delivery\farm business\venv\Lib\site-packages\rest_framework\generics.py", line 203, in get
    return self.list(request, *args, **kwargs)
           ~~~~~~~~~^^^^^^^^^^^^^^^^^^^^^^^^^^
  File "C:\Users\kouek\kouekam\business\conect pin and go delivery\farm business\venv\Lib\site-packages\rest_framework\mixins.py", line 38, in list
    queryset = self.filter_queryset(self.get_queryset())
  File "C:\Users\kouek\kouekam\business\conect pin and go delivery\farm business\venv\Lib\site-packages\rest_framework\generics.py", line 154, in filter_queryset
    queryset = backend().filter_queryset(self.request, queryset, self)
  File "C:\Users\kouek\kouekam\business\conect pin and go delivery\farm business\venv\Lib\site-packages\django_filters\rest_framework\backends.py", line 66, in filter_queryset
    filterset = self.get_filterset(request, queryset, view)
  File "C:\Users\kouek\kouekam\business\conect pin and go delivery\farm business\venv\Lib\site-packages\django_filters\rest_framework\backends.py", line 18, in get_filterset
    filterset_class = self.get_filterset_class(view, queryset)
  File "C:\Users\kouek\kouekam\business\conect pin and go delivery\farm business\venv\Lib\site-packages\django_filters\rest_framework\backends.py", line 49, in get_filterset_class
    class AutoFilterSet(self.filterset_base):
    ...<2 lines>...
            fields = filterset_fields
  File "C:\Users\kouek\kouekam\business\conect pin and go delivery\farm business\venv\Lib\site-packages\django_filters\filterset.py", line 82, in __new__
    new_class.base_filters = new_class.get_filters()
                             ~~~~~~~~~~~~~~~~~~~~~^^
  File "C:\Users\kouek\kouekam\business\conect pin and go delivery\farm business\venv\Lib\site-packages\django_filters\filterset.py", line 371, in get_filters
    raise TypeError(
    ...<2 lines>...
    )
TypeError: 'Meta.fields' must not contain non-model field names: is_on_sale
WARNING 2025-08-11 14:27:45,039 log 23284 24648 Not Found: /favicon.ico
INFO 2025-08-11 14:37:07,882 autoreload 23284 25564 C:\Users\kouek\kouekam\business\conect pin and go delivery\farm business\backend\agri_connect\views.py changed, reloading.
INFO 2025-08-11 14:37:09,071 autoreload 7532 20684 Watching for file changes with StatReloader
INFO 2025-08-11 14:37:10,882 autoreload 7532 20684 C:\Users\kouek\kouekam\business\conect pin and go delivery\farm business\backend\agri_connect\views.py changed, reloading.
INFO 2025-08-11 14:37:11,810 autoreload 21024 19092 Watching for file changes with StatReloader
INFO 2025-08-11 14:40:35,882 autoreload 21024 19092 C:\Users\kouek\kouekam\business\conect pin and go delivery\farm business\backend\agri_connect\views.py changed, reloading.
INFO 2025-08-11 14:40:36,927 autoreload 2704 396 Watching for file changes with StatReloader
INFO 2025-08-11 14:42:24,180 autoreload 24656 24020 Watching for file changes with StatReloader
INFO 2025-08-11 14:48:02,337 autoreload 24656 24020 C:\Users\kouek\kouekam\business\conect pin and go delivery\farm business\backend\agri_connect\views.py changed, reloading.
INFO 2025-08-11 14:48:03,378 autoreload 23784 15628 Watching for file changes with StatReloader
INFO 2025-08-11 14:49:51,502 autoreload 19152 25480 Watching for file changes with StatReloader
WARNING 2025-08-11 14:53:26,320 log 19152 10648 Not Found: /api/notifications/
ERROR 2025-08-11 14:53:26,449 log 19152 23036 Internal Server Error: /api/agri-connect/products/
Traceback (most recent call last):
  File "C:\Users\kouek\kouekam\business\conect pin and go delivery\farm business\venv\Lib\site-packages\django\core\handlers\exception.py", line 55, in inner
    response = get_response(request)
  File "C:\Users\kouek\kouekam\business\conect pin and go delivery\farm business\venv\Lib\site-packages\django\core\handlers\base.py", line 197, in _get_response
    response = wrapped_callback(request, *callback_args, **callback_kwargs)
  File "C:\Users\kouek\kouekam\business\conect pin and go delivery\farm business\venv\Lib\site-packages\django\views\decorators\csrf.py", line 65, in _view_wrapper
    return view_func(request, *args, **kwargs)
  File "C:\Users\kouek\kouekam\business\conect pin and go delivery\farm business\venv\Lib\site-packages\django\views\generic\base.py", line 105, in view
    return self.dispatch(request, *args, **kwargs)
           ~~~~~~~~~~~~~^^^^^^^^^^^^^^^^^^^^^^^^^^
  File "C:\Users\kouek\kouekam\business\conect pin and go delivery\farm business\venv\Lib\site-packages\rest_framework\views.py", line 515, in dispatch
    response = self.handle_exception(exc)
  File "C:\Users\kouek\kouekam\business\conect pin and go delivery\farm business\venv\Lib\site-packages\rest_framework\views.py", line 475, in handle_exception
    self.raise_uncaught_exception(exc)
    ~~~~~~~~~~~~~~~~~~~~~~~~~~~~~^^^^^
  File "C:\Users\kouek\kouekam\business\conect pin and go delivery\farm business\venv\Lib\site-packages\rest_framework\views.py", line 486, in raise_uncaught_exception
    raise exc
  File "C:\Users\kouek\kouekam\business\conect pin and go delivery\farm business\venv\Lib\site-packages\rest_framework\views.py", line 512, in dispatch
    response = handler(request, *args, **kwargs)
  File "C:\Users\kouek\kouekam\business\conect pin and go delivery\farm business\venv\Lib\site-packages\rest_framework\generics.py", line 203, in get
    return self.list(request, *args, **kwargs)
           ~~~~~~~~~^^^^^^^^^^^^^^^^^^^^^^^^^^
  File "C:\Users\kouek\kouekam\business\conect pin and go delivery\farm business\venv\Lib\site-packages\rest_framework\mixins.py", line 38, in list
    queryset = self.filter_queryset(self.get_queryset())
  File "C:\Users\kouek\kouekam\business\conect pin and go delivery\farm business\venv\Lib\site-packages\rest_framework\generics.py", line 154, in filter_queryset
    queryset = backend().filter_queryset(self.request, queryset, self)
  File "C:\Users\kouek\kouekam\business\conect pin and go delivery\farm business\venv\Lib\site-packages\django_filters\rest_framework\backends.py", line 66, in filter_queryset
    filterset = self.get_filterset(request, queryset, view)
  File "C:\Users\kouek\kouekam\business\conect pin and go delivery\farm business\venv\Lib\site-packages\django_filters\rest_framework\backends.py", line 18, in get_filterset
    filterset_class = self.get_filterset_class(view, queryset)
  File "C:\Users\kouek\kouekam\business\conect pin and go delivery\farm business\venv\Lib\site-packages\django_filters\rest_framework\backends.py", line 49, in get_filterset_class
    class AutoFilterSet(self.filterset_base):
    ...<2 lines>...
            fields = filterset_fields
  File "C:\Users\kouek\kouekam\business\conect pin and go delivery\farm business\venv\Lib\site-packages\django_filters\filterset.py", line 82, in __new__
    new_class.base_filters = new_class.get_filters()
                             ~~~~~~~~~~~~~~~~~~~~~^^
  File "C:\Users\kouek\kouekam\business\conect pin and go delivery\farm business\venv\Lib\site-packages\django_filters\filterset.py", line 371, in get_filters
    raise TypeError(
    ...<2 lines>...
    )
TypeError: 'Meta.fields' must not contain non-model field names: is_on_sale
WARNING 2025-08-11 14:53:27,343 log 19152 23036 Not Found: /api/notifications/
ERROR 2025-08-11 14:53:27,564 log 19152 23036 Internal Server Error: /api/agri-connect/products/
Traceback (most recent call last):
  File "C:\Users\kouek\kouekam\business\conect pin and go delivery\farm business\venv\Lib\site-packages\django\core\handlers\exception.py", line 55, in inner
    response = get_response(request)
  File "C:\Users\kouek\kouekam\business\conect pin and go delivery\farm business\venv\Lib\site-packages\django\core\handlers\base.py", line 197, in _get_response
    response = wrapped_callback(request, *callback_args, **callback_kwargs)
  File "C:\Users\kouek\kouekam\business\conect pin and go delivery\farm business\venv\Lib\site-packages\django\views\decorators\csrf.py", line 65, in _view_wrapper
    return view_func(request, *args, **kwargs)
  File "C:\Users\kouek\kouekam\business\conect pin and go delivery\farm business\venv\Lib\site-packages\django\views\generic\base.py", line 105, in view
    return self.dispatch(request, *args, **kwargs)
           ~~~~~~~~~~~~~^^^^^^^^^^^^^^^^^^^^^^^^^^
  File "C:\Users\kouek\kouekam\business\conect pin and go delivery\farm business\venv\Lib\site-packages\rest_framework\views.py", line 515, in dispatch
    response = self.handle_exception(exc)
  File "C:\Users\kouek\kouekam\business\conect pin and go delivery\farm business\venv\Lib\site-packages\rest_framework\views.py", line 475, in handle_exception
    self.raise_uncaught_exception(exc)
    ~~~~~~~~~~~~~~~~~~~~~~~~~~~~~^^^^^
  File "C:\Users\kouek\kouekam\business\conect pin and go delivery\farm business\venv\Lib\site-packages\rest_framework\views.py", line 486, in raise_uncaught_exception
    raise exc
  File "C:\Users\kouek\kouekam\business\conect pin and go delivery\farm business\venv\Lib\site-packages\rest_framework\views.py", line 512, in dispatch
    response = handler(request, *args, **kwargs)
  File "C:\Users\kouek\kouekam\business\conect pin and go delivery\farm business\venv\Lib\site-packages\rest_framework\generics.py", line 203, in get
    return self.list(request, *args, **kwargs)
           ~~~~~~~~~^^^^^^^^^^^^^^^^^^^^^^^^^^
  File "C:\Users\kouek\kouekam\business\conect pin and go delivery\farm business\venv\Lib\site-packages\rest_framework\mixins.py", line 38, in list
    queryset = self.filter_queryset(self.get_queryset())
  File "C:\Users\kouek\kouekam\business\conect pin and go delivery\farm business\venv\Lib\site-packages\rest_framework\generics.py", line 154, in filter_queryset
    queryset = backend().filter_queryset(self.request, queryset, self)
  File "C:\Users\kouek\kouekam\business\conect pin and go delivery\farm business\venv\Lib\site-packages\django_filters\rest_framework\backends.py", line 66, in filter_queryset
    filterset = self.get_filterset(request, queryset, view)
  File "C:\Users\kouek\kouekam\business\conect pin and go delivery\farm business\venv\Lib\site-packages\django_filters\rest_framework\backends.py", line 18, in get_filterset
    filterset_class = self.get_filterset_class(view, queryset)
  File "C:\Users\kouek\kouekam\business\conect pin and go delivery\farm business\venv\Lib\site-packages\django_filters\rest_framework\backends.py", line 49, in get_filterset_class
    class AutoFilterSet(self.filterset_base):
    ...<2 lines>...
            fields = filterset_fields
  File "C:\Users\kouek\kouekam\business\conect pin and go delivery\farm business\venv\Lib\site-packages\django_filters\filterset.py", line 82, in __new__
    new_class.base_filters = new_class.get_filters()
                             ~~~~~~~~~~~~~~~~~~~~~^^
  File "C:\Users\kouek\kouekam\business\conect pin and go delivery\farm business\venv\Lib\site-packages\django_filters\filterset.py", line 371, in get_filters
    raise TypeError(
    ...<2 lines>...
    )
TypeError: 'Meta.fields' must not contain non-model field names: is_on_sale
WARNING 2025-08-11 14:53:29,928 log 19152 23036 Not Found: /api/notifications/
ERROR 2025-08-11 14:53:30,121 log 19152 10648 Internal Server Error: /api/agri-connect/products/
Traceback (most recent call last):
  File "C:\Users\kouek\kouekam\business\conect pin and go delivery\farm business\venv\Lib\site-packages\django\core\handlers\exception.py", line 55, in inner
    response = get_response(request)
  File "C:\Users\kouek\kouekam\business\conect pin and go delivery\farm business\venv\Lib\site-packages\django\core\handlers\base.py", line 197, in _get_response
    response = wrapped_callback(request, *callback_args, **callback_kwargs)
  File "C:\Users\kouek\kouekam\business\conect pin and go delivery\farm business\venv\Lib\site-packages\django\views\decorators\csrf.py", line 65, in _view_wrapper
    return view_func(request, *args, **kwargs)
  File "C:\Users\kouek\kouekam\business\conect pin and go delivery\farm business\venv\Lib\site-packages\django\views\generic\base.py", line 105, in view
    return self.dispatch(request, *args, **kwargs)
           ~~~~~~~~~~~~~^^^^^^^^^^^^^^^^^^^^^^^^^^
  File "C:\Users\kouek\kouekam\business\conect pin and go delivery\farm business\venv\Lib\site-packages\rest_framework\views.py", line 515, in dispatch
    response = self.handle_exception(exc)
  File "C:\Users\kouek\kouekam\business\conect pin and go delivery\farm business\venv\Lib\site-packages\rest_framework\views.py", line 475, in handle_exception
    self.raise_uncaught_exception(exc)
    ~~~~~~~~~~~~~~~~~~~~~~~~~~~~~^^^^^
  File "C:\Users\kouek\kouekam\business\conect pin and go delivery\farm business\venv\Lib\site-packages\rest_framework\views.py", line 486, in raise_uncaught_exception
    raise exc
  File "C:\Users\kouek\kouekam\business\conect pin and go delivery\farm business\venv\Lib\site-packages\rest_framework\views.py", line 512, in dispatch
    response = handler(request, *args, **kwargs)
  File "C:\Users\kouek\kouekam\business\conect pin and go delivery\farm business\venv\Lib\site-packages\rest_framework\generics.py", line 203, in get
    return self.list(request, *args, **kwargs)
           ~~~~~~~~~^^^^^^^^^^^^^^^^^^^^^^^^^^
  File "C:\Users\kouek\kouekam\business\conect pin and go delivery\farm business\venv\Lib\site-packages\rest_framework\mixins.py", line 38, in list
    queryset = self.filter_queryset(self.get_queryset())
  File "C:\Users\kouek\kouekam\business\conect pin and go delivery\farm business\venv\Lib\site-packages\rest_framework\generics.py", line 154, in filter_queryset
    queryset = backend().filter_queryset(self.request, queryset, self)
  File "C:\Users\kouek\kouekam\business\conect pin and go delivery\farm business\venv\Lib\site-packages\django_filters\rest_framework\backends.py", line 66, in filter_queryset
    filterset = self.get_filterset(request, queryset, view)
  File "C:\Users\kouek\kouekam\business\conect pin and go delivery\farm business\venv\Lib\site-packages\django_filters\rest_framework\backends.py", line 18, in get_filterset
    filterset_class = self.get_filterset_class(view, queryset)
  File "C:\Users\kouek\kouekam\business\conect pin and go delivery\farm business\venv\Lib\site-packages\django_filters\rest_framework\backends.py", line 49, in get_filterset_class
    class AutoFilterSet(self.filterset_base):
    ...<2 lines>...
            fields = filterset_fields
  File "C:\Users\kouek\kouekam\business\conect pin and go delivery\farm business\venv\Lib\site-packages\django_filters\filterset.py", line 82, in __new__
    new_class.base_filters = new_class.get_filters()
                             ~~~~~~~~~~~~~~~~~~~~~^^
  File "C:\Users\kouek\kouekam\business\conect pin and go delivery\farm business\venv\Lib\site-packages\django_filters\filterset.py", line 371, in get_filters
    raise TypeError(
    ...<2 lines>...
    )
TypeError: 'Meta.fields' must not contain non-model field names: is_on_sale
WARNING 2025-08-11 14:53:30,962 log 19152 10648 Not Found: /api/notifications/
ERROR 2025-08-11 14:53:31,337 log 19152 10648 Internal Server Error: /api/agri-connect/products/
Traceback (most recent call last):
  File "C:\Users\kouek\kouekam\business\conect pin and go delivery\farm business\venv\Lib\site-packages\django\core\handlers\exception.py", line 55, in inner
    response = get_response(request)
  File "C:\Users\kouek\kouekam\business\conect pin and go delivery\farm business\venv\Lib\site-packages\django\core\handlers\base.py", line 197, in _get_response
    response = wrapped_callback(request, *callback_args, **callback_kwargs)
  File "C:\Users\kouek\kouekam\business\conect pin and go delivery\farm business\venv\Lib\site-packages\django\views\decorators\csrf.py", line 65, in _view_wrapper
    return view_func(request, *args, **kwargs)
  File "C:\Users\kouek\kouekam\business\conect pin and go delivery\farm business\venv\Lib\site-packages\django\views\generic\base.py", line 105, in view
    return self.dispatch(request, *args, **kwargs)
           ~~~~~~~~~~~~~^^^^^^^^^^^^^^^^^^^^^^^^^^
  File "C:\Users\kouek\kouekam\business\conect pin and go delivery\farm business\venv\Lib\site-packages\rest_framework\views.py", line 515, in dispatch
    response = self.handle_exception(exc)
  File "C:\Users\kouek\kouekam\business\conect pin and go delivery\farm business\venv\Lib\site-packages\rest_framework\views.py", line 475, in handle_exception
    self.raise_uncaught_exception(exc)
    ~~~~~~~~~~~~~~~~~~~~~~~~~~~~~^^^^^
  File "C:\Users\kouek\kouekam\business\conect pin and go delivery\farm business\venv\Lib\site-packages\rest_framework\views.py", line 486, in raise_uncaught_exception
    raise exc
  File "C:\Users\kouek\kouekam\business\conect pin and go delivery\farm business\venv\Lib\site-packages\rest_framework\views.py", line 512, in dispatch
    response = handler(request, *args, **kwargs)
  File "C:\Users\kouek\kouekam\business\conect pin and go delivery\farm business\venv\Lib\site-packages\rest_framework\generics.py", line 203, in get
    return self.list(request, *args, **kwargs)
           ~~~~~~~~~^^^^^^^^^^^^^^^^^^^^^^^^^^
  File "C:\Users\kouek\kouekam\business\conect pin and go delivery\farm business\venv\Lib\site-packages\rest_framework\mixins.py", line 38, in list
    queryset = self.filter_queryset(self.get_queryset())
  File "C:\Users\kouek\kouekam\business\conect pin and go delivery\farm business\venv\Lib\site-packages\rest_framework\generics.py", line 154, in filter_queryset
    queryset = backend().filter_queryset(self.request, queryset, self)
  File "C:\Users\kouek\kouekam\business\conect pin and go delivery\farm business\venv\Lib\site-packages\django_filters\rest_framework\backends.py", line 66, in filter_queryset
    filterset = self.get_filterset(request, queryset, view)
  File "C:\Users\kouek\kouekam\business\conect pin and go delivery\farm business\venv\Lib\site-packages\django_filters\rest_framework\backends.py", line 18, in get_filterset
    filterset_class = self.get_filterset_class(view, queryset)
  File "C:\Users\kouek\kouekam\business\conect pin and go delivery\farm business\venv\Lib\site-packages\django_filters\rest_framework\backends.py", line 49, in get_filterset_class
    class AutoFilterSet(self.filterset_base):
    ...<2 lines>...
            fields = filterset_fields
  File "C:\Users\kouek\kouekam\business\conect pin and go delivery\farm business\venv\Lib\site-packages\django_filters\filterset.py", line 82, in __new__
    new_class.base_filters = new_class.get_filters()
                             ~~~~~~~~~~~~~~~~~~~~~^^
  File "C:\Users\kouek\kouekam\business\conect pin and go delivery\farm business\venv\Lib\site-packages\django_filters\filterset.py", line 371, in get_filters
    raise TypeError(
    ...<2 lines>...
    )
TypeError: 'Meta.fields' must not contain non-model field names: is_on_sale
WARNING 2025-08-11 14:54:44,993 log 19152 10648 Not Found: /api/notifications/
ERROR 2025-08-11 14:54:45,098 log 19152 23036 Internal Server Error: /api/agri-connect/products/
Traceback (most recent call last):
  File "C:\Users\kouek\kouekam\business\conect pin and go delivery\farm business\venv\Lib\site-packages\django\core\handlers\exception.py", line 55, in inner
    response = get_response(request)
  File "C:\Users\kouek\kouekam\business\conect pin and go delivery\farm business\venv\Lib\site-packages\django\core\handlers\base.py", line 197, in _get_response
    response = wrapped_callback(request, *callback_args, **callback_kwargs)
  File "C:\Users\kouek\kouekam\business\conect pin and go delivery\farm business\venv\Lib\site-packages\django\views\decorators\csrf.py", line 65, in _view_wrapper
    return view_func(request, *args, **kwargs)
  File "C:\Users\kouek\kouekam\business\conect pin and go delivery\farm business\venv\Lib\site-packages\django\views\generic\base.py", line 105, in view
    return self.dispatch(request, *args, **kwargs)
           ~~~~~~~~~~~~~^^^^^^^^^^^^^^^^^^^^^^^^^^
  File "C:\Users\kouek\kouekam\business\conect pin and go delivery\farm business\venv\Lib\site-packages\rest_framework\views.py", line 515, in dispatch
    response = self.handle_exception(exc)
  File "C:\Users\kouek\kouekam\business\conect pin and go delivery\farm business\venv\Lib\site-packages\rest_framework\views.py", line 475, in handle_exception
    self.raise_uncaught_exception(exc)
    ~~~~~~~~~~~~~~~~~~~~~~~~~~~~~^^^^^
  File "C:\Users\kouek\kouekam\business\conect pin and go delivery\farm business\venv\Lib\site-packages\rest_framework\views.py", line 486, in raise_uncaught_exception
    raise exc
  File "C:\Users\kouek\kouekam\business\conect pin and go delivery\farm business\venv\Lib\site-packages\rest_framework\views.py", line 512, in dispatch
    response = handler(request, *args, **kwargs)
  File "C:\Users\kouek\kouekam\business\conect pin and go delivery\farm business\venv\Lib\site-packages\rest_framework\generics.py", line 203, in get
    return self.list(request, *args, **kwargs)
           ~~~~~~~~~^^^^^^^^^^^^^^^^^^^^^^^^^^
  File "C:\Users\kouek\kouekam\business\conect pin and go delivery\farm business\venv\Lib\site-packages\rest_framework\mixins.py", line 38, in list
    queryset = self.filter_queryset(self.get_queryset())
  File "C:\Users\kouek\kouekam\business\conect pin and go delivery\farm business\venv\Lib\site-packages\rest_framework\generics.py", line 154, in filter_queryset
    queryset = backend().filter_queryset(self.request, queryset, self)
  File "C:\Users\kouek\kouekam\business\conect pin and go delivery\farm business\venv\Lib\site-packages\django_filters\rest_framework\backends.py", line 66, in filter_queryset
    filterset = self.get_filterset(request, queryset, view)
  File "C:\Users\kouek\kouekam\business\conect pin and go delivery\farm business\venv\Lib\site-packages\django_filters\rest_framework\backends.py", line 18, in get_filterset
    filterset_class = self.get_filterset_class(view, queryset)
  File "C:\Users\kouek\kouekam\business\conect pin and go delivery\farm business\venv\Lib\site-packages\django_filters\rest_framework\backends.py", line 49, in get_filterset_class
    class AutoFilterSet(self.filterset_base):
    ...<2 lines>...
            fields = filterset_fields
  File "C:\Users\kouek\kouekam\business\conect pin and go delivery\farm business\venv\Lib\site-packages\django_filters\filterset.py", line 82, in __new__
    new_class.base_filters = new_class.get_filters()
                             ~~~~~~~~~~~~~~~~~~~~~^^
  File "C:\Users\kouek\kouekam\business\conect pin and go delivery\farm business\venv\Lib\site-packages\django_filters\filterset.py", line 371, in get_filters
    raise TypeError(
    ...<2 lines>...
    )
TypeError: 'Meta.fields' must not contain non-model field names: is_on_sale
ERROR 2025-08-11 14:54:45,174 log 19152 10648 Internal Server Error: /api/agri-connect/cart/
Traceback (most recent call last):
  File "C:\Users\kouek\kouekam\business\conect pin and go delivery\farm business\venv\Lib\site-packages\django\db\backends\utils.py", line 105, in _execute
    return self.cursor.execute(sql, params)
           ~~~~~~~~~~~~~~~~~~~^^^^^^^^^^^^^
psycopg2.errors.UndefinedColumn: column agri_carts.customer_id does not exist
LINE 1: SELECT "agri_carts"."id", "agri_carts"."customer_id", "agri_...
                                  ^


The above exception was the direct cause of the following exception:

Traceback (most recent call last):
  File "C:\Users\kouek\kouekam\business\conect pin and go delivery\farm business\venv\Lib\site-packages\django\core\handlers\exception.py", line 55, in inner
    response = get_response(request)
  File "C:\Users\kouek\kouekam\business\conect pin and go delivery\farm business\venv\Lib\site-packages\django\core\handlers\base.py", line 197, in _get_response
    response = wrapped_callback(request, *callback_args, **callback_kwargs)
  File "C:\Users\kouek\kouekam\business\conect pin and go delivery\farm business\venv\Lib\site-packages\django\views\decorators\csrf.py", line 65, in _view_wrapper
    return view_func(request, *args, **kwargs)
  File "C:\Users\kouek\kouekam\business\conect pin and go delivery\farm business\venv\Lib\site-packages\django\views\generic\base.py", line 105, in view
    return self.dispatch(request, *args, **kwargs)
           ~~~~~~~~~~~~~^^^^^^^^^^^^^^^^^^^^^^^^^^
  File "C:\Users\kouek\kouekam\business\conect pin and go delivery\farm business\venv\Lib\site-packages\rest_framework\views.py", line 515, in dispatch
    response = self.handle_exception(exc)
  File "C:\Users\kouek\kouekam\business\conect pin and go delivery\farm business\venv\Lib\site-packages\rest_framework\views.py", line 475, in handle_exception
    self.raise_uncaught_exception(exc)
    ~~~~~~~~~~~~~~~~~~~~~~~~~~~~~^^^^^
  File "C:\Users\kouek\kouekam\business\conect pin and go delivery\farm business\venv\Lib\site-packages\rest_framework\views.py", line 486, in raise_uncaught_exception
    raise exc
  File "C:\Users\kouek\kouekam\business\conect pin and go delivery\farm business\venv\Lib\site-packages\rest_framework\views.py", line 512, in dispatch
    response = handler(request, *args, **kwargs)
  File "C:\Users\kouek\kouekam\business\conect pin and go delivery\farm business\backend\agri_connect\views.py", line 129, in get
    cart, created = AgriCart.objects.get_or_create(customer=request.user)
                    ~~~~~~~~~~~~~~~~~~~~~~~~~~~~~~^^^^^^^^^^^^^^^^^^^^^^^
  File "C:\Users\kouek\kouekam\business\conect pin and go delivery\farm business\venv\Lib\site-packages\django\db\models\manager.py", line 87, in manager_method
    return getattr(self.get_queryset(), name)(*args, **kwargs)
           ~~~~~~~~~~~~~~~~~~~~~~~~~~~~~~~~~~^^^^^^^^^^^^^^^^^
  File "C:\Users\kouek\kouekam\business\conect pin and go delivery\farm business\venv\Lib\site-packages\django\db\models\query.py", line 946, in get_or_create
    return self.get(**kwargs), False
           ~~~~~~~~^^^^^^^^^^
  File "C:\Users\kouek\kouekam\business\conect pin and go delivery\farm business\venv\Lib\site-packages\cacheops\query.py", line 346, in get
    return qs._no_monkey.get(qs, *args, **kwargs)
           ~~~~~~~~~~~~~~~~~^^^^^^^^^^^^^^^^^^^^^
  File "C:\Users\kouek\kouekam\business\conect pin and go delivery\farm business\venv\Lib\site-packages\django\db\models\query.py", line 629, in get
    num = len(clone)
  File "C:\Users\kouek\kouekam\business\conect pin and go delivery\farm business\venv\Lib\site-packages\django\db\models\query.py", line 366, in __len__
    self._fetch_all()
    ~~~~~~~~~~~~~~~^^
  File "C:\Users\kouek\kouekam\business\conect pin and go delivery\farm business\venv\Lib\site-packages\cacheops\query.py", line 250, in _fetch_all
    return self._no_monkey._fetch_all(self)
           ~~~~~~~~~~~~~~~~~~~~~~~~~~^^^^^^
  File "C:\Users\kouek\kouekam\business\conect pin and go delivery\farm business\venv\Lib\site-packages\django\db\models\query.py", line 1949, in _fetch_all
    self._result_cache = list(self._iterable_class(self))
                         ~~~~^^^^^^^^^^^^^^^^^^^^^^^^^^^^
  File "C:\Users\kouek\kouekam\business\conect pin and go delivery\farm business\venv\Lib\site-packages\django\db\models\query.py", line 91, in __iter__
    results = compiler.execute_sql(
        chunked_fetch=self.chunked_fetch, chunk_size=self.chunk_size
    )
  File "C:\Users\kouek\kouekam\business\conect pin and go delivery\farm business\venv\Lib\site-packages\django\db\models\sql\compiler.py", line 1623, in execute_sql
    cursor.execute(sql, params)
    ~~~~~~~~~~~~~~^^^^^^^^^^^^^
  File "C:\Users\kouek\kouekam\business\conect pin and go delivery\farm business\venv\Lib\site-packages\django\db\backends\utils.py", line 122, in execute
    return super().execute(sql, params)
           ~~~~~~~~~~~~~~~^^^^^^^^^^^^^
  File "C:\Users\kouek\kouekam\business\conect pin and go delivery\farm business\venv\Lib\site-packages\cacheops\transaction.py", line 98, in execute
    result = self._no_monkey.execute(self, sql, params)
  File "C:\Users\kouek\kouekam\business\conect pin and go delivery\farm business\venv\Lib\site-packages\django\db\backends\utils.py", line 79, in execute
    return self._execute_with_wrappers(
           ~~~~~~~~~~~~~~~~~~~~~~~~~~~^
        sql, params, many=False, executor=self._execute
        ^^^^^^^^^^^^^^^^^^^^^^^^^^^^^^^^^^^^^^^^^^^^^^^
    )
    ^
  File "C:\Users\kouek\kouekam\business\conect pin and go delivery\farm business\venv\Lib\site-packages\django\db\backends\utils.py", line 92, in _execute_with_wrappers
    return executor(sql, params, many, context)
  File "C:\Users\kouek\kouekam\business\conect pin and go delivery\farm business\venv\Lib\site-packages\django\db\backends\utils.py", line 100, in _execute
    with self.db.wrap_database_errors:
         ^^^^^^^^^^^^^^^^^^^^^^^^^^^^
  File "C:\Users\kouek\kouekam\business\conect pin and go delivery\farm business\venv\Lib\site-packages\django\db\utils.py", line 91, in __exit__
    raise dj_exc_value.with_traceback(traceback) from exc_value
  File "C:\Users\kouek\kouekam\business\conect pin and go delivery\farm business\venv\Lib\site-packages\django\db\backends\utils.py", line 105, in _execute
    return self.cursor.execute(sql, params)
           ~~~~~~~~~~~~~~~~~~~^^^^^^^^^^^^^
django.db.utils.ProgrammingError: column agri_carts.customer_id does not exist
LINE 1: SELECT "agri_carts"."id", "agri_carts"."customer_id", "agri_...
                                  ^

WARNING 2025-08-11 14:56:06,906 log 19152 23036 Not Found: /api/notifications/
ERROR 2025-08-11 14:56:07,004 log 19152 10648 Internal Server Error: /api/agri-connect/cart/
Traceback (most recent call last):
  File "C:\Users\kouek\kouekam\business\conect pin and go delivery\farm business\venv\Lib\site-packages\django\db\backends\utils.py", line 105, in _execute
    return self.cursor.execute(sql, params)
           ~~~~~~~~~~~~~~~~~~~^^^^^^^^^^^^^
psycopg2.errors.UndefinedColumn: column agri_carts.customer_id does not exist
LINE 1: SELECT "agri_carts"."id", "agri_carts"."customer_id", "agri_...
                                  ^


The above exception was the direct cause of the following exception:

Traceback (most recent call last):
  File "C:\Users\kouek\kouekam\business\conect pin and go delivery\farm business\venv\Lib\site-packages\django\core\handlers\exception.py", line 55, in inner
    response = get_response(request)
  File "C:\Users\kouek\kouekam\business\conect pin and go delivery\farm business\venv\Lib\site-packages\django\core\handlers\base.py", line 197, in _get_response
    response = wrapped_callback(request, *callback_args, **callback_kwargs)
  File "C:\Users\kouek\kouekam\business\conect pin and go delivery\farm business\venv\Lib\site-packages\django\views\decorators\csrf.py", line 65, in _view_wrapper
    return view_func(request, *args, **kwargs)
  File "C:\Users\kouek\kouekam\business\conect pin and go delivery\farm business\venv\Lib\site-packages\django\views\generic\base.py", line 105, in view
    return self.dispatch(request, *args, **kwargs)
           ~~~~~~~~~~~~~^^^^^^^^^^^^^^^^^^^^^^^^^^
  File "C:\Users\kouek\kouekam\business\conect pin and go delivery\farm business\venv\Lib\site-packages\rest_framework\views.py", line 515, in dispatch
    response = self.handle_exception(exc)
  File "C:\Users\kouek\kouekam\business\conect pin and go delivery\farm business\venv\Lib\site-packages\rest_framework\views.py", line 475, in handle_exception
    self.raise_uncaught_exception(exc)
    ~~~~~~~~~~~~~~~~~~~~~~~~~~~~~^^^^^
  File "C:\Users\kouek\kouekam\business\conect pin and go delivery\farm business\venv\Lib\site-packages\rest_framework\views.py", line 486, in raise_uncaught_exception
    raise exc
  File "C:\Users\kouek\kouekam\business\conect pin and go delivery\farm business\venv\Lib\site-packages\rest_framework\views.py", line 512, in dispatch
    response = handler(request, *args, **kwargs)
  File "C:\Users\kouek\kouekam\business\conect pin and go delivery\farm business\backend\agri_connect\views.py", line 129, in get
    cart, created = AgriCart.objects.get_or_create(customer=request.user)
                    ~~~~~~~~~~~~~~~~~~~~~~~~~~~~~~^^^^^^^^^^^^^^^^^^^^^^^
  File "C:\Users\kouek\kouekam\business\conect pin and go delivery\farm business\venv\Lib\site-packages\django\db\models\manager.py", line 87, in manager_method
    return getattr(self.get_queryset(), name)(*args, **kwargs)
           ~~~~~~~~~~~~~~~~~~~~~~~~~~~~~~~~~~^^^^^^^^^^^^^^^^^
  File "C:\Users\kouek\kouekam\business\conect pin and go delivery\farm business\venv\Lib\site-packages\django\db\models\query.py", line 946, in get_or_create
    return self.get(**kwargs), False
           ~~~~~~~~^^^^^^^^^^
  File "C:\Users\kouek\kouekam\business\conect pin and go delivery\farm business\venv\Lib\site-packages\cacheops\query.py", line 346, in get
    return qs._no_monkey.get(qs, *args, **kwargs)
           ~~~~~~~~~~~~~~~~~^^^^^^^^^^^^^^^^^^^^^
  File "C:\Users\kouek\kouekam\business\conect pin and go delivery\farm business\venv\Lib\site-packages\django\db\models\query.py", line 629, in get
    num = len(clone)
  File "C:\Users\kouek\kouekam\business\conect pin and go delivery\farm business\venv\Lib\site-packages\django\db\models\query.py", line 366, in __len__
    self._fetch_all()
    ~~~~~~~~~~~~~~~^^
  File "C:\Users\kouek\kouekam\business\conect pin and go delivery\farm business\venv\Lib\site-packages\cacheops\query.py", line 250, in _fetch_all
    return self._no_monkey._fetch_all(self)
           ~~~~~~~~~~~~~~~~~~~~~~~~~~^^^^^^
  File "C:\Users\kouek\kouekam\business\conect pin and go delivery\farm business\venv\Lib\site-packages\django\db\models\query.py", line 1949, in _fetch_all
    self._result_cache = list(self._iterable_class(self))
                         ~~~~^^^^^^^^^^^^^^^^^^^^^^^^^^^^
  File "C:\Users\kouek\kouekam\business\conect pin and go delivery\farm business\venv\Lib\site-packages\django\db\models\query.py", line 91, in __iter__
    results = compiler.execute_sql(
        chunked_fetch=self.chunked_fetch, chunk_size=self.chunk_size
    )
  File "C:\Users\kouek\kouekam\business\conect pin and go delivery\farm business\venv\Lib\site-packages\django\db\models\sql\compiler.py", line 1623, in execute_sql
    cursor.execute(sql, params)
    ~~~~~~~~~~~~~~^^^^^^^^^^^^^
  File "C:\Users\kouek\kouekam\business\conect pin and go delivery\farm business\venv\Lib\site-packages\django\db\backends\utils.py", line 122, in execute
    return super().execute(sql, params)
           ~~~~~~~~~~~~~~~^^^^^^^^^^^^^
  File "C:\Users\kouek\kouekam\business\conect pin and go delivery\farm business\venv\Lib\site-packages\cacheops\transaction.py", line 98, in execute
    result = self._no_monkey.execute(self, sql, params)
  File "C:\Users\kouek\kouekam\business\conect pin and go delivery\farm business\venv\Lib\site-packages\django\db\backends\utils.py", line 79, in execute
    return self._execute_with_wrappers(
           ~~~~~~~~~~~~~~~~~~~~~~~~~~~^
        sql, params, many=False, executor=self._execute
        ^^^^^^^^^^^^^^^^^^^^^^^^^^^^^^^^^^^^^^^^^^^^^^^
    )
    ^
  File "C:\Users\kouek\kouekam\business\conect pin and go delivery\farm business\venv\Lib\site-packages\django\db\backends\utils.py", line 92, in _execute_with_wrappers
    return executor(sql, params, many, context)
  File "C:\Users\kouek\kouekam\business\conect pin and go delivery\farm business\venv\Lib\site-packages\django\db\backends\utils.py", line 100, in _execute
    with self.db.wrap_database_errors:
         ^^^^^^^^^^^^^^^^^^^^^^^^^^^^
  File "C:\Users\kouek\kouekam\business\conect pin and go delivery\farm business\venv\Lib\site-packages\django\db\utils.py", line 91, in __exit__
    raise dj_exc_value.with_traceback(traceback) from exc_value
  File "C:\Users\kouek\kouekam\business\conect pin and go delivery\farm business\venv\Lib\site-packages\django\db\backends\utils.py", line 105, in _execute
    return self.cursor.execute(sql, params)
           ~~~~~~~~~~~~~~~~~~~^^^^^^^^^^^^^
django.db.utils.ProgrammingError: column agri_carts.customer_id does not exist
LINE 1: SELECT "agri_carts"."id", "agri_carts"."customer_id", "agri_...
                                  ^

ERROR 2025-08-11 14:56:07,101 log 19152 23036 Internal Server Error: /api/agri-connect/products/
Traceback (most recent call last):
  File "C:\Users\kouek\kouekam\business\conect pin and go delivery\farm business\venv\Lib\site-packages\django\core\handlers\exception.py", line 55, in inner
    response = get_response(request)
  File "C:\Users\kouek\kouekam\business\conect pin and go delivery\farm business\venv\Lib\site-packages\django\core\handlers\base.py", line 197, in _get_response
    response = wrapped_callback(request, *callback_args, **callback_kwargs)
  File "C:\Users\kouek\kouekam\business\conect pin and go delivery\farm business\venv\Lib\site-packages\django\views\decorators\csrf.py", line 65, in _view_wrapper
    return view_func(request, *args, **kwargs)
  File "C:\Users\kouek\kouekam\business\conect pin and go delivery\farm business\venv\Lib\site-packages\django\views\generic\base.py", line 105, in view
    return self.dispatch(request, *args, **kwargs)
           ~~~~~~~~~~~~~^^^^^^^^^^^^^^^^^^^^^^^^^^
  File "C:\Users\kouek\kouekam\business\conect pin and go delivery\farm business\venv\Lib\site-packages\rest_framework\views.py", line 515, in dispatch
    response = self.handle_exception(exc)
  File "C:\Users\kouek\kouekam\business\conect pin and go delivery\farm business\venv\Lib\site-packages\rest_framework\views.py", line 475, in handle_exception
    self.raise_uncaught_exception(exc)
    ~~~~~~~~~~~~~~~~~~~~~~~~~~~~~^^^^^
  File "C:\Users\kouek\kouekam\business\conect pin and go delivery\farm business\venv\Lib\site-packages\rest_framework\views.py", line 486, in raise_uncaught_exception
    raise exc
  File "C:\Users\kouek\kouekam\business\conect pin and go delivery\farm business\venv\Lib\site-packages\rest_framework\views.py", line 512, in dispatch
    response = handler(request, *args, **kwargs)
  File "C:\Users\kouek\kouekam\business\conect pin and go delivery\farm business\venv\Lib\site-packages\rest_framework\generics.py", line 203, in get
    return self.list(request, *args, **kwargs)
           ~~~~~~~~~^^^^^^^^^^^^^^^^^^^^^^^^^^
  File "C:\Users\kouek\kouekam\business\conect pin and go delivery\farm business\venv\Lib\site-packages\rest_framework\mixins.py", line 38, in list
    queryset = self.filter_queryset(self.get_queryset())
  File "C:\Users\kouek\kouekam\business\conect pin and go delivery\farm business\venv\Lib\site-packages\rest_framework\generics.py", line 154, in filter_queryset
    queryset = backend().filter_queryset(self.request, queryset, self)
  File "C:\Users\kouek\kouekam\business\conect pin and go delivery\farm business\venv\Lib\site-packages\django_filters\rest_framework\backends.py", line 66, in filter_queryset
    filterset = self.get_filterset(request, queryset, view)
  File "C:\Users\kouek\kouekam\business\conect pin and go delivery\farm business\venv\Lib\site-packages\django_filters\rest_framework\backends.py", line 18, in get_filterset
    filterset_class = self.get_filterset_class(view, queryset)
  File "C:\Users\kouek\kouekam\business\conect pin and go delivery\farm business\venv\Lib\site-packages\django_filters\rest_framework\backends.py", line 49, in get_filterset_class
    class AutoFilterSet(self.filterset_base):
    ...<2 lines>...
            fields = filterset_fields
  File "C:\Users\kouek\kouekam\business\conect pin and go delivery\farm business\venv\Lib\site-packages\django_filters\filterset.py", line 82, in __new__
    new_class.base_filters = new_class.get_filters()
                             ~~~~~~~~~~~~~~~~~~~~~^^
  File "C:\Users\kouek\kouekam\business\conect pin and go delivery\farm business\venv\Lib\site-packages\django_filters\filterset.py", line 371, in get_filters
    raise TypeError(
    ...<2 lines>...
    )
TypeError: 'Meta.fields' must not contain non-model field names: is_on_sale
WARNING 2025-08-11 14:56:07,938 log 19152 23036 Not Found: /api/notifications/
ERROR 2025-08-11 14:56:08,312 log 19152 23036 Internal Server Error: /api/agri-connect/products/
Traceback (most recent call last):
  File "C:\Users\kouek\kouekam\business\conect pin and go delivery\farm business\venv\Lib\site-packages\django\core\handlers\exception.py", line 55, in inner
    response = get_response(request)
  File "C:\Users\kouek\kouekam\business\conect pin and go delivery\farm business\venv\Lib\site-packages\django\core\handlers\base.py", line 197, in _get_response
    response = wrapped_callback(request, *callback_args, **callback_kwargs)
  File "C:\Users\kouek\kouekam\business\conect pin and go delivery\farm business\venv\Lib\site-packages\django\views\decorators\csrf.py", line 65, in _view_wrapper
    return view_func(request, *args, **kwargs)
  File "C:\Users\kouek\kouekam\business\conect pin and go delivery\farm business\venv\Lib\site-packages\django\views\generic\base.py", line 105, in view
    return self.dispatch(request, *args, **kwargs)
           ~~~~~~~~~~~~~^^^^^^^^^^^^^^^^^^^^^^^^^^
  File "C:\Users\kouek\kouekam\business\conect pin and go delivery\farm business\venv\Lib\site-packages\rest_framework\views.py", line 515, in dispatch
    response = self.handle_exception(exc)
  File "C:\Users\kouek\kouekam\business\conect pin and go delivery\farm business\venv\Lib\site-packages\rest_framework\views.py", line 475, in handle_exception
    self.raise_uncaught_exception(exc)
    ~~~~~~~~~~~~~~~~~~~~~~~~~~~~~^^^^^
  File "C:\Users\kouek\kouekam\business\conect pin and go delivery\farm business\venv\Lib\site-packages\rest_framework\views.py", line 486, in raise_uncaught_exception
    raise exc
  File "C:\Users\kouek\kouekam\business\conect pin and go delivery\farm business\venv\Lib\site-packages\rest_framework\views.py", line 512, in dispatch
    response = handler(request, *args, **kwargs)
  File "C:\Users\kouek\kouekam\business\conect pin and go delivery\farm business\venv\Lib\site-packages\rest_framework\generics.py", line 203, in get
    return self.list(request, *args, **kwargs)
           ~~~~~~~~~^^^^^^^^^^^^^^^^^^^^^^^^^^
  File "C:\Users\kouek\kouekam\business\conect pin and go delivery\farm business\venv\Lib\site-packages\rest_framework\mixins.py", line 38, in list
    queryset = self.filter_queryset(self.get_queryset())
  File "C:\Users\kouek\kouekam\business\conect pin and go delivery\farm business\venv\Lib\site-packages\rest_framework\generics.py", line 154, in filter_queryset
    queryset = backend().filter_queryset(self.request, queryset, self)
  File "C:\Users\kouek\kouekam\business\conect pin and go delivery\farm business\venv\Lib\site-packages\django_filters\rest_framework\backends.py", line 66, in filter_queryset
    filterset = self.get_filterset(request, queryset, view)
  File "C:\Users\kouek\kouekam\business\conect pin and go delivery\farm business\venv\Lib\site-packages\django_filters\rest_framework\backends.py", line 18, in get_filterset
    filterset_class = self.get_filterset_class(view, queryset)
  File "C:\Users\kouek\kouekam\business\conect pin and go delivery\farm business\venv\Lib\site-packages\django_filters\rest_framework\backends.py", line 49, in get_filterset_class
    class AutoFilterSet(self.filterset_base):
    ...<2 lines>...
            fields = filterset_fields
  File "C:\Users\kouek\kouekam\business\conect pin and go delivery\farm business\venv\Lib\site-packages\django_filters\filterset.py", line 82, in __new__
    new_class.base_filters = new_class.get_filters()
                             ~~~~~~~~~~~~~~~~~~~~~^^
  File "C:\Users\kouek\kouekam\business\conect pin and go delivery\farm business\venv\Lib\site-packages\django_filters\filterset.py", line 371, in get_filters
    raise TypeError(
    ...<2 lines>...
    )
TypeError: 'Meta.fields' must not contain non-model field names: is_on_sale
ERROR 2025-08-11 14:56:20,054 log 19152 23036 Internal Server Error: /api/agri-connect/products/
Traceback (most recent call last):
  File "C:\Users\kouek\kouekam\business\conect pin and go delivery\farm business\venv\Lib\site-packages\django\core\handlers\exception.py", line 55, in inner
    response = get_response(request)
  File "C:\Users\kouek\kouekam\business\conect pin and go delivery\farm business\venv\Lib\site-packages\django\core\handlers\base.py", line 197, in _get_response
    response = wrapped_callback(request, *callback_args, **callback_kwargs)
  File "C:\Users\kouek\kouekam\business\conect pin and go delivery\farm business\venv\Lib\site-packages\django\views\decorators\csrf.py", line 65, in _view_wrapper
    return view_func(request, *args, **kwargs)
  File "C:\Users\kouek\kouekam\business\conect pin and go delivery\farm business\venv\Lib\site-packages\django\views\generic\base.py", line 105, in view
    return self.dispatch(request, *args, **kwargs)
           ~~~~~~~~~~~~~^^^^^^^^^^^^^^^^^^^^^^^^^^
  File "C:\Users\kouek\kouekam\business\conect pin and go delivery\farm business\venv\Lib\site-packages\rest_framework\views.py", line 515, in dispatch
    response = self.handle_exception(exc)
  File "C:\Users\kouek\kouekam\business\conect pin and go delivery\farm business\venv\Lib\site-packages\rest_framework\views.py", line 475, in handle_exception
    self.raise_uncaught_exception(exc)
    ~~~~~~~~~~~~~~~~~~~~~~~~~~~~~^^^^^
  File "C:\Users\kouek\kouekam\business\conect pin and go delivery\farm business\venv\Lib\site-packages\rest_framework\views.py", line 486, in raise_uncaught_exception
    raise exc
  File "C:\Users\kouek\kouekam\business\conect pin and go delivery\farm business\venv\Lib\site-packages\rest_framework\views.py", line 512, in dispatch
    response = handler(request, *args, **kwargs)
  File "C:\Users\kouek\kouekam\business\conect pin and go delivery\farm business\venv\Lib\site-packages\rest_framework\generics.py", line 203, in get
    return self.list(request, *args, **kwargs)
           ~~~~~~~~~^^^^^^^^^^^^^^^^^^^^^^^^^^
  File "C:\Users\kouek\kouekam\business\conect pin and go delivery\farm business\venv\Lib\site-packages\rest_framework\mixins.py", line 38, in list
    queryset = self.filter_queryset(self.get_queryset())
  File "C:\Users\kouek\kouekam\business\conect pin and go delivery\farm business\venv\Lib\site-packages\rest_framework\generics.py", line 154, in filter_queryset
    queryset = backend().filter_queryset(self.request, queryset, self)
  File "C:\Users\kouek\kouekam\business\conect pin and go delivery\farm business\venv\Lib\site-packages\django_filters\rest_framework\backends.py", line 66, in filter_queryset
    filterset = self.get_filterset(request, queryset, view)
  File "C:\Users\kouek\kouekam\business\conect pin and go delivery\farm business\venv\Lib\site-packages\django_filters\rest_framework\backends.py", line 18, in get_filterset
    filterset_class = self.get_filterset_class(view, queryset)
  File "C:\Users\kouek\kouekam\business\conect pin and go delivery\farm business\venv\Lib\site-packages\django_filters\rest_framework\backends.py", line 49, in get_filterset_class
    class AutoFilterSet(self.filterset_base):
    ...<2 lines>...
            fields = filterset_fields
  File "C:\Users\kouek\kouekam\business\conect pin and go delivery\farm business\venv\Lib\site-packages\django_filters\filterset.py", line 82, in __new__
    new_class.base_filters = new_class.get_filters()
                             ~~~~~~~~~~~~~~~~~~~~~^^
  File "C:\Users\kouek\kouekam\business\conect pin and go delivery\farm business\venv\Lib\site-packages\django_filters\filterset.py", line 371, in get_filters
    raise TypeError(
    ...<2 lines>...
    )
TypeError: 'Meta.fields' must not contain non-model field names: is_on_sale
WARNING 2025-08-11 14:56:23,745 log 19152 23036 Not Found: /api/notifications/
ERROR 2025-08-11 14:56:23,841 log 19152 10648 Internal Server Error: /api/agri-connect/products/
Traceback (most recent call last):
  File "C:\Users\kouek\kouekam\business\conect pin and go delivery\farm business\venv\Lib\site-packages\django\core\handlers\exception.py", line 55, in inner
    response = get_response(request)
  File "C:\Users\kouek\kouekam\business\conect pin and go delivery\farm business\venv\Lib\site-packages\django\core\handlers\base.py", line 197, in _get_response
    response = wrapped_callback(request, *callback_args, **callback_kwargs)
  File "C:\Users\kouek\kouekam\business\conect pin and go delivery\farm business\venv\Lib\site-packages\django\views\decorators\csrf.py", line 65, in _view_wrapper
    return view_func(request, *args, **kwargs)
  File "C:\Users\kouek\kouekam\business\conect pin and go delivery\farm business\venv\Lib\site-packages\django\views\generic\base.py", line 105, in view
    return self.dispatch(request, *args, **kwargs)
           ~~~~~~~~~~~~~^^^^^^^^^^^^^^^^^^^^^^^^^^
  File "C:\Users\kouek\kouekam\business\conect pin and go delivery\farm business\venv\Lib\site-packages\rest_framework\views.py", line 515, in dispatch
    response = self.handle_exception(exc)
  File "C:\Users\kouek\kouekam\business\conect pin and go delivery\farm business\venv\Lib\site-packages\rest_framework\views.py", line 475, in handle_exception
    self.raise_uncaught_exception(exc)
    ~~~~~~~~~~~~~~~~~~~~~~~~~~~~~^^^^^
  File "C:\Users\kouek\kouekam\business\conect pin and go delivery\farm business\venv\Lib\site-packages\rest_framework\views.py", line 486, in raise_uncaught_exception
    raise exc
  File "C:\Users\kouek\kouekam\business\conect pin and go delivery\farm business\venv\Lib\site-packages\rest_framework\views.py", line 512, in dispatch
    response = handler(request, *args, **kwargs)
  File "C:\Users\kouek\kouekam\business\conect pin and go delivery\farm business\venv\Lib\site-packages\rest_framework\generics.py", line 203, in get
    return self.list(request, *args, **kwargs)
           ~~~~~~~~~^^^^^^^^^^^^^^^^^^^^^^^^^^
  File "C:\Users\kouek\kouekam\business\conect pin and go delivery\farm business\venv\Lib\site-packages\rest_framework\mixins.py", line 38, in list
    queryset = self.filter_queryset(self.get_queryset())
  File "C:\Users\kouek\kouekam\business\conect pin and go delivery\farm business\venv\Lib\site-packages\rest_framework\generics.py", line 154, in filter_queryset
    queryset = backend().filter_queryset(self.request, queryset, self)
  File "C:\Users\kouek\kouekam\business\conect pin and go delivery\farm business\venv\Lib\site-packages\django_filters\rest_framework\backends.py", line 66, in filter_queryset
    filterset = self.get_filterset(request, queryset, view)
  File "C:\Users\kouek\kouekam\business\conect pin and go delivery\farm business\venv\Lib\site-packages\django_filters\rest_framework\backends.py", line 18, in get_filterset
    filterset_class = self.get_filterset_class(view, queryset)
  File "C:\Users\kouek\kouekam\business\conect pin and go delivery\farm business\venv\Lib\site-packages\django_filters\rest_framework\backends.py", line 49, in get_filterset_class
    class AutoFilterSet(self.filterset_base):
    ...<2 lines>...
            fields = filterset_fields
  File "C:\Users\kouek\kouekam\business\conect pin and go delivery\farm business\venv\Lib\site-packages\django_filters\filterset.py", line 82, in __new__
    new_class.base_filters = new_class.get_filters()
                             ~~~~~~~~~~~~~~~~~~~~~^^
  File "C:\Users\kouek\kouekam\business\conect pin and go delivery\farm business\venv\Lib\site-packages\django_filters\filterset.py", line 371, in get_filters
    raise TypeError(
    ...<2 lines>...
    )
TypeError: 'Meta.fields' must not contain non-model field names: is_on_sale
WARNING 2025-08-11 14:56:24,789 log 19152 10648 Not Found: /api/notifications/
ERROR 2025-08-11 14:56:27,482 log 19152 23036 Internal Server Error: /api/agri-connect/orders/
Traceback (most recent call last):
  File "C:\Users\kouek\kouekam\business\conect pin and go delivery\farm business\venv\Lib\site-packages\django\core\handlers\exception.py", line 55, in inner
    response = get_response(request)
  File "C:\Users\kouek\kouekam\business\conect pin and go delivery\farm business\venv\Lib\site-packages\django\core\handlers\base.py", line 197, in _get_response
    response = wrapped_callback(request, *callback_args, **callback_kwargs)
  File "C:\Users\kouek\kouekam\business\conect pin and go delivery\farm business\venv\Lib\site-packages\django\views\decorators\csrf.py", line 65, in _view_wrapper
    return view_func(request, *args, **kwargs)
  File "C:\Users\kouek\kouekam\business\conect pin and go delivery\farm business\venv\Lib\site-packages\django\views\generic\base.py", line 105, in view
    return self.dispatch(request, *args, **kwargs)
           ~~~~~~~~~~~~~^^^^^^^^^^^^^^^^^^^^^^^^^^
  File "C:\Users\kouek\kouekam\business\conect pin and go delivery\farm business\venv\Lib\site-packages\rest_framework\views.py", line 515, in dispatch
    response = self.handle_exception(exc)
  File "C:\Users\kouek\kouekam\business\conect pin and go delivery\farm business\venv\Lib\site-packages\rest_framework\views.py", line 475, in handle_exception
    self.raise_uncaught_exception(exc)
    ~~~~~~~~~~~~~~~~~~~~~~~~~~~~~^^^^^
  File "C:\Users\kouek\kouekam\business\conect pin and go delivery\farm business\venv\Lib\site-packages\rest_framework\views.py", line 486, in raise_uncaught_exception
    raise exc
  File "C:\Users\kouek\kouekam\business\conect pin and go delivery\farm business\venv\Lib\site-packages\rest_framework\views.py", line 512, in dispatch
    response = handler(request, *args, **kwargs)
  File "C:\Users\kouek\kouekam\business\conect pin and go delivery\farm business\venv\Lib\site-packages\rest_framework\generics.py", line 243, in get
    return self.list(request, *args, **kwargs)
           ~~~~~~~~~^^^^^^^^^^^^^^^^^^^^^^^^^^
  File "C:\Users\kouek\kouekam\business\conect pin and go delivery\farm business\venv\Lib\site-packages\rest_framework\mixins.py", line 40, in list
    page = self.paginate_queryset(queryset)
  File "C:\Users\kouek\kouekam\business\conect pin and go delivery\farm business\venv\Lib\site-packages\rest_framework\generics.py", line 175, in paginate_queryset
    return self.paginator.paginate_queryset(queryset, self.request, view=self)
           ~~~~~~~~~~~~~~~~~~~~~~~~~~~~~~~~^^^^^^^^^^^^^^^^^^^^^^^^^^^^^^^^^^^
  File "C:\Users\kouek\kouekam\business\conect pin and go delivery\farm business\venv\Lib\site-packages\rest_framework\pagination.py", line 222, in paginate_queryset
    return list(self.page)
  File "C:\Users\kouek\kouekam\business\conect pin and go delivery\farm business\venv\Lib\site-packages\django\core\paginator.py", line 191, in __len__
    return len(self.object_list)
  File "C:\Users\kouek\kouekam\business\conect pin and go delivery\farm business\venv\Lib\site-packages\django\db\models\query.py", line 366, in __len__
    self._fetch_all()
    ~~~~~~~~~~~~~~~^^
  File "C:\Users\kouek\kouekam\business\conect pin and go delivery\farm business\venv\Lib\site-packages\cacheops\query.py", line 250, in _fetch_all
    return self._no_monkey._fetch_all(self)
           ~~~~~~~~~~~~~~~~~~~~~~~~~~^^^^^^
  File "C:\Users\kouek\kouekam\business\conect pin and go delivery\farm business\venv\Lib\site-packages\django\db\models\query.py", line 1949, in _fetch_all
    self._result_cache = list(self._iterable_class(self))
                         ~~~~^^^^^^^^^^^^^^^^^^^^^^^^^^^^
  File "C:\Users\kouek\kouekam\business\conect pin and go delivery\farm business\venv\Lib\site-packages\django\db\models\query.py", line 91, in __iter__
    results = compiler.execute_sql(
        chunked_fetch=self.chunked_fetch, chunk_size=self.chunk_size
    )
  File "C:\Users\kouek\kouekam\business\conect pin and go delivery\farm business\venv\Lib\site-packages\django\db\models\sql\compiler.py", line 1610, in execute_sql
    sql, params = self.as_sql()
                  ~~~~~~~~~~~^^
  File "C:\Users\kouek\kouekam\business\conect pin and go delivery\farm business\venv\Lib\site-packages\django\db\models\sql\compiler.py", line 766, in as_sql
    extra_select, order_by, group_by = self.pre_sql_setup(
                                       ~~~~~~~~~~~~~~~~~~^
        with_col_aliases=with_col_aliases or bool(combinator),
        ^^^^^^^^^^^^^^^^^^^^^^^^^^^^^^^^^^^^^^^^^^^^^^^^^^^^^^
    )
    ^
  File "C:\Users\kouek\kouekam\business\conect pin and go delivery\farm business\venv\Lib\site-packages\django\db\models\sql\compiler.py", line 85, in pre_sql_setup
    self.setup_query(with_col_aliases=with_col_aliases)
    ~~~~~~~~~~~~~~~~^^^^^^^^^^^^^^^^^^^^^^^^^^^^^^^^^^^
  File "C:\Users\kouek\kouekam\business\conect pin and go delivery\farm business\venv\Lib\site-packages\django\db\models\sql\compiler.py", line 74, in setup_query
    self.select, self.klass_info, self.annotation_col_map = self.get_select(
                                                            ~~~~~~~~~~~~~~~^
        with_col_aliases=with_col_aliases,
        ^^^^^^^^^^^^^^^^^^^^^^^^^^^^^^^^^^
    )
    ^
  File "C:\Users\kouek\kouekam\business\conect pin and go delivery\farm business\venv\Lib\site-packages\django\db\models\sql\compiler.py", line 299, in get_select
    related_klass_infos = self.get_related_selections(select, select_mask)
  File "C:\Users\kouek\kouekam\business\conect pin and go delivery\farm business\venv\Lib\site-packages\django\db\models\sql\compiler.py", line 1230, in get_related_selections
    raise FieldError(
    ...<6 lines>...
    )
django.core.exceptions.FieldError: Non-relational field given in select_related: 'delivery_address'. Choices are: customer, delivery_agent
WARNING 2025-08-11 14:56:32,360 log 19152 10648 Not Found: /api/notifications/
ERROR 2025-08-11 14:56:32,537 log 19152 23036 Internal Server Error: /api/agri-connect/cart/
Traceback (most recent call last):
  File "C:\Users\kouek\kouekam\business\conect pin and go delivery\farm business\venv\Lib\site-packages\django\db\backends\utils.py", line 105, in _execute
    return self.cursor.execute(sql, params)
           ~~~~~~~~~~~~~~~~~~~^^^^^^^^^^^^^
psycopg2.errors.UndefinedColumn: column agri_carts.customer_id does not exist
LINE 1: SELECT "agri_carts"."id", "agri_carts"."customer_id", "agri_...
                                  ^


The above exception was the direct cause of the following exception:

Traceback (most recent call last):
  File "C:\Users\kouek\kouekam\business\conect pin and go delivery\farm business\venv\Lib\site-packages\django\core\handlers\exception.py", line 55, in inner
    response = get_response(request)
  File "C:\Users\kouek\kouekam\business\conect pin and go delivery\farm business\venv\Lib\site-packages\django\core\handlers\base.py", line 197, in _get_response
    response = wrapped_callback(request, *callback_args, **callback_kwargs)
  File "C:\Users\kouek\kouekam\business\conect pin and go delivery\farm business\venv\Lib\site-packages\django\views\decorators\csrf.py", line 65, in _view_wrapper
    return view_func(request, *args, **kwargs)
  File "C:\Users\kouek\kouekam\business\conect pin and go delivery\farm business\venv\Lib\site-packages\django\views\generic\base.py", line 105, in view
    return self.dispatch(request, *args, **kwargs)
           ~~~~~~~~~~~~~^^^^^^^^^^^^^^^^^^^^^^^^^^
  File "C:\Users\kouek\kouekam\business\conect pin and go delivery\farm business\venv\Lib\site-packages\rest_framework\views.py", line 515, in dispatch
    response = self.handle_exception(exc)
  File "C:\Users\kouek\kouekam\business\conect pin and go delivery\farm business\venv\Lib\site-packages\rest_framework\views.py", line 475, in handle_exception
    self.raise_uncaught_exception(exc)
    ~~~~~~~~~~~~~~~~~~~~~~~~~~~~~^^^^^
  File "C:\Users\kouek\kouekam\business\conect pin and go delivery\farm business\venv\Lib\site-packages\rest_framework\views.py", line 486, in raise_uncaught_exception
    raise exc
  File "C:\Users\kouek\kouekam\business\conect pin and go delivery\farm business\venv\Lib\site-packages\rest_framework\views.py", line 512, in dispatch
    response = handler(request, *args, **kwargs)
  File "C:\Users\kouek\kouekam\business\conect pin and go delivery\farm business\backend\agri_connect\views.py", line 129, in get
    cart, created = AgriCart.objects.get_or_create(customer=request.user)
                    ~~~~~~~~~~~~~~~~~~~~~~~~~~~~~~^^^^^^^^^^^^^^^^^^^^^^^
  File "C:\Users\kouek\kouekam\business\conect pin and go delivery\farm business\venv\Lib\site-packages\django\db\models\manager.py", line 87, in manager_method
    return getattr(self.get_queryset(), name)(*args, **kwargs)
           ~~~~~~~~~~~~~~~~~~~~~~~~~~~~~~~~~~^^^^^^^^^^^^^^^^^
  File "C:\Users\kouek\kouekam\business\conect pin and go delivery\farm business\venv\Lib\site-packages\django\db\models\query.py", line 946, in get_or_create
    return self.get(**kwargs), False
           ~~~~~~~~^^^^^^^^^^
  File "C:\Users\kouek\kouekam\business\conect pin and go delivery\farm business\venv\Lib\site-packages\cacheops\query.py", line 346, in get
    return qs._no_monkey.get(qs, *args, **kwargs)
           ~~~~~~~~~~~~~~~~~^^^^^^^^^^^^^^^^^^^^^
  File "C:\Users\kouek\kouekam\business\conect pin and go delivery\farm business\venv\Lib\site-packages\django\db\models\query.py", line 629, in get
    num = len(clone)
  File "C:\Users\kouek\kouekam\business\conect pin and go delivery\farm business\venv\Lib\site-packages\django\db\models\query.py", line 366, in __len__
    self._fetch_all()
    ~~~~~~~~~~~~~~~^^
  File "C:\Users\kouek\kouekam\business\conect pin and go delivery\farm business\venv\Lib\site-packages\cacheops\query.py", line 250, in _fetch_all
    return self._no_monkey._fetch_all(self)
           ~~~~~~~~~~~~~~~~~~~~~~~~~~^^^^^^
  File "C:\Users\kouek\kouekam\business\conect pin and go delivery\farm business\venv\Lib\site-packages\django\db\models\query.py", line 1949, in _fetch_all
    self._result_cache = list(self._iterable_class(self))
                         ~~~~^^^^^^^^^^^^^^^^^^^^^^^^^^^^
  File "C:\Users\kouek\kouekam\business\conect pin and go delivery\farm business\venv\Lib\site-packages\django\db\models\query.py", line 91, in __iter__
    results = compiler.execute_sql(
        chunked_fetch=self.chunked_fetch, chunk_size=self.chunk_size
    )
  File "C:\Users\kouek\kouekam\business\conect pin and go delivery\farm business\venv\Lib\site-packages\django\db\models\sql\compiler.py", line 1623, in execute_sql
    cursor.execute(sql, params)
    ~~~~~~~~~~~~~~^^^^^^^^^^^^^
  File "C:\Users\kouek\kouekam\business\conect pin and go delivery\farm business\venv\Lib\site-packages\django\db\backends\utils.py", line 122, in execute
    return super().execute(sql, params)
           ~~~~~~~~~~~~~~~^^^^^^^^^^^^^
  File "C:\Users\kouek\kouekam\business\conect pin and go delivery\farm business\venv\Lib\site-packages\cacheops\transaction.py", line 98, in execute
    result = self._no_monkey.execute(self, sql, params)
  File "C:\Users\kouek\kouekam\business\conect pin and go delivery\farm business\venv\Lib\site-packages\django\db\backends\utils.py", line 79, in execute
    return self._execute_with_wrappers(
           ~~~~~~~~~~~~~~~~~~~~~~~~~~~^
        sql, params, many=False, executor=self._execute
        ^^^^^^^^^^^^^^^^^^^^^^^^^^^^^^^^^^^^^^^^^^^^^^^
    )
    ^
  File "C:\Users\kouek\kouekam\business\conect pin and go delivery\farm business\venv\Lib\site-packages\django\db\backends\utils.py", line 92, in _execute_with_wrappers
    return executor(sql, params, many, context)
  File "C:\Users\kouek\kouekam\business\conect pin and go delivery\farm business\venv\Lib\site-packages\django\db\backends\utils.py", line 100, in _execute
    with self.db.wrap_database_errors:
         ^^^^^^^^^^^^^^^^^^^^^^^^^^^^
  File "C:\Users\kouek\kouekam\business\conect pin and go delivery\farm business\venv\Lib\site-packages\django\db\utils.py", line 91, in __exit__
    raise dj_exc_value.with_traceback(traceback) from exc_value
  File "C:\Users\kouek\kouekam\business\conect pin and go delivery\farm business\venv\Lib\site-packages\django\db\backends\utils.py", line 105, in _execute
    return self.cursor.execute(sql, params)
           ~~~~~~~~~~~~~~~~~~~^^^^^^^^^^^^^
django.db.utils.ProgrammingError: column agri_carts.customer_id does not exist
LINE 1: SELECT "agri_carts"."id", "agri_carts"."customer_id", "agri_...
                                  ^

ERROR 2025-08-11 14:56:32,616 log 19152 11792 Internal Server Error: /api/agri-connect/products/
Traceback (most recent call last):
  File "C:\Users\kouek\kouekam\business\conect pin and go delivery\farm business\venv\Lib\site-packages\django\core\handlers\exception.py", line 55, in inner
    response = get_response(request)
  File "C:\Users\kouek\kouekam\business\conect pin and go delivery\farm business\venv\Lib\site-packages\django\core\handlers\base.py", line 197, in _get_response
    response = wrapped_callback(request, *callback_args, **callback_kwargs)
  File "C:\Users\kouek\kouekam\business\conect pin and go delivery\farm business\venv\Lib\site-packages\django\views\decorators\csrf.py", line 65, in _view_wrapper
    return view_func(request, *args, **kwargs)
  File "C:\Users\kouek\kouekam\business\conect pin and go delivery\farm business\venv\Lib\site-packages\django\views\generic\base.py", line 105, in view
    return self.dispatch(request, *args, **kwargs)
           ~~~~~~~~~~~~~^^^^^^^^^^^^^^^^^^^^^^^^^^
  File "C:\Users\kouek\kouekam\business\conect pin and go delivery\farm business\venv\Lib\site-packages\rest_framework\views.py", line 515, in dispatch
    response = self.handle_exception(exc)
  File "C:\Users\kouek\kouekam\business\conect pin and go delivery\farm business\venv\Lib\site-packages\rest_framework\views.py", line 475, in handle_exception
    self.raise_uncaught_exception(exc)
    ~~~~~~~~~~~~~~~~~~~~~~~~~~~~~^^^^^
  File "C:\Users\kouek\kouekam\business\conect pin and go delivery\farm business\venv\Lib\site-packages\rest_framework\views.py", line 486, in raise_uncaught_exception
    raise exc
  File "C:\Users\kouek\kouekam\business\conect pin and go delivery\farm business\venv\Lib\site-packages\rest_framework\views.py", line 512, in dispatch
    response = handler(request, *args, **kwargs)
  File "C:\Users\kouek\kouekam\business\conect pin and go delivery\farm business\venv\Lib\site-packages\rest_framework\generics.py", line 203, in get
    return self.list(request, *args, **kwargs)
           ~~~~~~~~~^^^^^^^^^^^^^^^^^^^^^^^^^^
  File "C:\Users\kouek\kouekam\business\conect pin and go delivery\farm business\venv\Lib\site-packages\rest_framework\mixins.py", line 38, in list
    queryset = self.filter_queryset(self.get_queryset())
  File "C:\Users\kouek\kouekam\business\conect pin and go delivery\farm business\venv\Lib\site-packages\rest_framework\generics.py", line 154, in filter_queryset
    queryset = backend().filter_queryset(self.request, queryset, self)
  File "C:\Users\kouek\kouekam\business\conect pin and go delivery\farm business\venv\Lib\site-packages\django_filters\rest_framework\backends.py", line 66, in filter_queryset
    filterset = self.get_filterset(request, queryset, view)
  File "C:\Users\kouek\kouekam\business\conect pin and go delivery\farm business\venv\Lib\site-packages\django_filters\rest_framework\backends.py", line 18, in get_filterset
    filterset_class = self.get_filterset_class(view, queryset)
  File "C:\Users\kouek\kouekam\business\conect pin and go delivery\farm business\venv\Lib\site-packages\django_filters\rest_framework\backends.py", line 49, in get_filterset_class
    class AutoFilterSet(self.filterset_base):
    ...<2 lines>...
            fields = filterset_fields
  File "C:\Users\kouek\kouekam\business\conect pin and go delivery\farm business\venv\Lib\site-packages\django_filters\filterset.py", line 82, in __new__
    new_class.base_filters = new_class.get_filters()
                             ~~~~~~~~~~~~~~~~~~~~~^^
  File "C:\Users\kouek\kouekam\business\conect pin and go delivery\farm business\venv\Lib\site-packages\django_filters\filterset.py", line 371, in get_filters
    raise TypeError(
    ...<2 lines>...
    )
TypeError: 'Meta.fields' must not contain non-model field names: is_on_sale
WARNING 2025-08-11 14:56:33,401 log 19152 11792 Not Found: /api/notifications/
ERROR 2025-08-11 14:56:33,840 log 19152 11792 Internal Server Error: /api/agri-connect/products/
Traceback (most recent call last):
  File "C:\Users\kouek\kouekam\business\conect pin and go delivery\farm business\venv\Lib\site-packages\django\core\handlers\exception.py", line 55, in inner
    response = get_response(request)
  File "C:\Users\kouek\kouekam\business\conect pin and go delivery\farm business\venv\Lib\site-packages\django\core\handlers\base.py", line 197, in _get_response
    response = wrapped_callback(request, *callback_args, **callback_kwargs)
  File "C:\Users\kouek\kouekam\business\conect pin and go delivery\farm business\venv\Lib\site-packages\django\views\decorators\csrf.py", line 65, in _view_wrapper
    return view_func(request, *args, **kwargs)
  File "C:\Users\kouek\kouekam\business\conect pin and go delivery\farm business\venv\Lib\site-packages\django\views\generic\base.py", line 105, in view
    return self.dispatch(request, *args, **kwargs)
           ~~~~~~~~~~~~~^^^^^^^^^^^^^^^^^^^^^^^^^^
  File "C:\Users\kouek\kouekam\business\conect pin and go delivery\farm business\venv\Lib\site-packages\rest_framework\views.py", line 515, in dispatch
    response = self.handle_exception(exc)
  File "C:\Users\kouek\kouekam\business\conect pin and go delivery\farm business\venv\Lib\site-packages\rest_framework\views.py", line 475, in handle_exception
    self.raise_uncaught_exception(exc)
    ~~~~~~~~~~~~~~~~~~~~~~~~~~~~~^^^^^
  File "C:\Users\kouek\kouekam\business\conect pin and go delivery\farm business\venv\Lib\site-packages\rest_framework\views.py", line 486, in raise_uncaught_exception
    raise exc
  File "C:\Users\kouek\kouekam\business\conect pin and go delivery\farm business\venv\Lib\site-packages\rest_framework\views.py", line 512, in dispatch
    response = handler(request, *args, **kwargs)
  File "C:\Users\kouek\kouekam\business\conect pin and go delivery\farm business\venv\Lib\site-packages\rest_framework\generics.py", line 203, in get
    return self.list(request, *args, **kwargs)
           ~~~~~~~~~^^^^^^^^^^^^^^^^^^^^^^^^^^
  File "C:\Users\kouek\kouekam\business\conect pin and go delivery\farm business\venv\Lib\site-packages\rest_framework\mixins.py", line 38, in list
    queryset = self.filter_queryset(self.get_queryset())
  File "C:\Users\kouek\kouekam\business\conect pin and go delivery\farm business\venv\Lib\site-packages\rest_framework\generics.py", line 154, in filter_queryset
    queryset = backend().filter_queryset(self.request, queryset, self)
  File "C:\Users\kouek\kouekam\business\conect pin and go delivery\farm business\venv\Lib\site-packages\django_filters\rest_framework\backends.py", line 66, in filter_queryset
    filterset = self.get_filterset(request, queryset, view)
  File "C:\Users\kouek\kouekam\business\conect pin and go delivery\farm business\venv\Lib\site-packages\django_filters\rest_framework\backends.py", line 18, in get_filterset
    filterset_class = self.get_filterset_class(view, queryset)
  File "C:\Users\kouek\kouekam\business\conect pin and go delivery\farm business\venv\Lib\site-packages\django_filters\rest_framework\backends.py", line 49, in get_filterset_class
    class AutoFilterSet(self.filterset_base):
    ...<2 lines>...
            fields = filterset_fields
  File "C:\Users\kouek\kouekam\business\conect pin and go delivery\farm business\venv\Lib\site-packages\django_filters\filterset.py", line 82, in __new__
    new_class.base_filters = new_class.get_filters()
                             ~~~~~~~~~~~~~~~~~~~~~^^
  File "C:\Users\kouek\kouekam\business\conect pin and go delivery\farm business\venv\Lib\site-packages\django_filters\filterset.py", line 371, in get_filters
    raise TypeError(
    ...<2 lines>...
    )
TypeError: 'Meta.fields' must not contain non-model field names: is_on_sale
ERROR 2025-08-11 14:56:36,455 log 19152 11792 Internal Server Error: /api/agri-connect/orders/
Traceback (most recent call last):
  File "C:\Users\kouek\kouekam\business\conect pin and go delivery\farm business\venv\Lib\site-packages\django\core\handlers\exception.py", line 55, in inner
    response = get_response(request)
  File "C:\Users\kouek\kouekam\business\conect pin and go delivery\farm business\venv\Lib\site-packages\django\core\handlers\base.py", line 197, in _get_response
    response = wrapped_callback(request, *callback_args, **callback_kwargs)
  File "C:\Users\kouek\kouekam\business\conect pin and go delivery\farm business\venv\Lib\site-packages\django\views\decorators\csrf.py", line 65, in _view_wrapper
    return view_func(request, *args, **kwargs)
  File "C:\Users\kouek\kouekam\business\conect pin and go delivery\farm business\venv\Lib\site-packages\django\views\generic\base.py", line 105, in view
    return self.dispatch(request, *args, **kwargs)
           ~~~~~~~~~~~~~^^^^^^^^^^^^^^^^^^^^^^^^^^
  File "C:\Users\kouek\kouekam\business\conect pin and go delivery\farm business\venv\Lib\site-packages\rest_framework\views.py", line 515, in dispatch
    response = self.handle_exception(exc)
  File "C:\Users\kouek\kouekam\business\conect pin and go delivery\farm business\venv\Lib\site-packages\rest_framework\views.py", line 475, in handle_exception
    self.raise_uncaught_exception(exc)
    ~~~~~~~~~~~~~~~~~~~~~~~~~~~~~^^^^^
  File "C:\Users\kouek\kouekam\business\conect pin and go delivery\farm business\venv\Lib\site-packages\rest_framework\views.py", line 486, in raise_uncaught_exception
    raise exc
  File "C:\Users\kouek\kouekam\business\conect pin and go delivery\farm business\venv\Lib\site-packages\rest_framework\views.py", line 512, in dispatch
    response = handler(request, *args, **kwargs)
  File "C:\Users\kouek\kouekam\business\conect pin and go delivery\farm business\venv\Lib\site-packages\rest_framework\generics.py", line 243, in get
    return self.list(request, *args, **kwargs)
           ~~~~~~~~~^^^^^^^^^^^^^^^^^^^^^^^^^^
  File "C:\Users\kouek\kouekam\business\conect pin and go delivery\farm business\venv\Lib\site-packages\rest_framework\mixins.py", line 40, in list
    page = self.paginate_queryset(queryset)
  File "C:\Users\kouek\kouekam\business\conect pin and go delivery\farm business\venv\Lib\site-packages\rest_framework\generics.py", line 175, in paginate_queryset
    return self.paginator.paginate_queryset(queryset, self.request, view=self)
           ~~~~~~~~~~~~~~~~~~~~~~~~~~~~~~~~^^^^^^^^^^^^^^^^^^^^^^^^^^^^^^^^^^^
  File "C:\Users\kouek\kouekam\business\conect pin and go delivery\farm business\venv\Lib\site-packages\rest_framework\pagination.py", line 222, in paginate_queryset
    return list(self.page)
  File "C:\Users\kouek\kouekam\business\conect pin and go delivery\farm business\venv\Lib\site-packages\django\core\paginator.py", line 191, in __len__
    return len(self.object_list)
  File "C:\Users\kouek\kouekam\business\conect pin and go delivery\farm business\venv\Lib\site-packages\django\db\models\query.py", line 366, in __len__
    self._fetch_all()
    ~~~~~~~~~~~~~~~^^
  File "C:\Users\kouek\kouekam\business\conect pin and go delivery\farm business\venv\Lib\site-packages\cacheops\query.py", line 250, in _fetch_all
    return self._no_monkey._fetch_all(self)
           ~~~~~~~~~~~~~~~~~~~~~~~~~~^^^^^^
  File "C:\Users\kouek\kouekam\business\conect pin and go delivery\farm business\venv\Lib\site-packages\django\db\models\query.py", line 1949, in _fetch_all
    self._result_cache = list(self._iterable_class(self))
                         ~~~~^^^^^^^^^^^^^^^^^^^^^^^^^^^^
  File "C:\Users\kouek\kouekam\business\conect pin and go delivery\farm business\venv\Lib\site-packages\django\db\models\query.py", line 91, in __iter__
    results = compiler.execute_sql(
        chunked_fetch=self.chunked_fetch, chunk_size=self.chunk_size
    )
  File "C:\Users\kouek\kouekam\business\conect pin and go delivery\farm business\venv\Lib\site-packages\django\db\models\sql\compiler.py", line 1610, in execute_sql
    sql, params = self.as_sql()
                  ~~~~~~~~~~~^^
  File "C:\Users\kouek\kouekam\business\conect pin and go delivery\farm business\venv\Lib\site-packages\django\db\models\sql\compiler.py", line 766, in as_sql
    extra_select, order_by, group_by = self.pre_sql_setup(
                                       ~~~~~~~~~~~~~~~~~~^
        with_col_aliases=with_col_aliases or bool(combinator),
        ^^^^^^^^^^^^^^^^^^^^^^^^^^^^^^^^^^^^^^^^^^^^^^^^^^^^^^
    )
    ^
  File "C:\Users\kouek\kouekam\business\conect pin and go delivery\farm business\venv\Lib\site-packages\django\db\models\sql\compiler.py", line 85, in pre_sql_setup
    self.setup_query(with_col_aliases=with_col_aliases)
    ~~~~~~~~~~~~~~~~^^^^^^^^^^^^^^^^^^^^^^^^^^^^^^^^^^^
  File "C:\Users\kouek\kouekam\business\conect pin and go delivery\farm business\venv\Lib\site-packages\django\db\models\sql\compiler.py", line 74, in setup_query
    self.select, self.klass_info, self.annotation_col_map = self.get_select(
                                                            ~~~~~~~~~~~~~~~^
        with_col_aliases=with_col_aliases,
        ^^^^^^^^^^^^^^^^^^^^^^^^^^^^^^^^^^
    )
    ^
  File "C:\Users\kouek\kouekam\business\conect pin and go delivery\farm business\venv\Lib\site-packages\django\db\models\sql\compiler.py", line 299, in get_select
    related_klass_infos = self.get_related_selections(select, select_mask)
  File "C:\Users\kouek\kouekam\business\conect pin and go delivery\farm business\venv\Lib\site-packages\django\db\models\sql\compiler.py", line 1230, in get_related_selections
    raise FieldError(
    ...<6 lines>...
    )
django.core.exceptions.FieldError: Non-relational field given in select_related: 'delivery_address'. Choices are: customer, delivery_agent
ERROR 2025-08-11 14:56:37,094 log 19152 11792 Internal Server Error: /api/agri-connect/cart/
Traceback (most recent call last):
  File "C:\Users\kouek\kouekam\business\conect pin and go delivery\farm business\venv\Lib\site-packages\django\db\backends\utils.py", line 105, in _execute
    return self.cursor.execute(sql, params)
           ~~~~~~~~~~~~~~~~~~~^^^^^^^^^^^^^
psycopg2.errors.UndefinedColumn: column agri_carts.customer_id does not exist
LINE 1: SELECT "agri_carts"."id", "agri_carts"."customer_id", "agri_...
                                  ^


The above exception was the direct cause of the following exception:

Traceback (most recent call last):
  File "C:\Users\kouek\kouekam\business\conect pin and go delivery\farm business\venv\Lib\site-packages\django\core\handlers\exception.py", line 55, in inner
    response = get_response(request)
  File "C:\Users\kouek\kouekam\business\conect pin and go delivery\farm business\venv\Lib\site-packages\django\core\handlers\base.py", line 197, in _get_response
    response = wrapped_callback(request, *callback_args, **callback_kwargs)
  File "C:\Users\kouek\kouekam\business\conect pin and go delivery\farm business\venv\Lib\site-packages\django\views\decorators\csrf.py", line 65, in _view_wrapper
    return view_func(request, *args, **kwargs)
  File "C:\Users\kouek\kouekam\business\conect pin and go delivery\farm business\venv\Lib\site-packages\django\views\generic\base.py", line 105, in view
    return self.dispatch(request, *args, **kwargs)
           ~~~~~~~~~~~~~^^^^^^^^^^^^^^^^^^^^^^^^^^
  File "C:\Users\kouek\kouekam\business\conect pin and go delivery\farm business\venv\Lib\site-packages\rest_framework\views.py", line 515, in dispatch
    response = self.handle_exception(exc)
  File "C:\Users\kouek\kouekam\business\conect pin and go delivery\farm business\venv\Lib\site-packages\rest_framework\views.py", line 475, in handle_exception
    self.raise_uncaught_exception(exc)
    ~~~~~~~~~~~~~~~~~~~~~~~~~~~~~^^^^^
  File "C:\Users\kouek\kouekam\business\conect pin and go delivery\farm business\venv\Lib\site-packages\rest_framework\views.py", line 486, in raise_uncaught_exception
    raise exc
  File "C:\Users\kouek\kouekam\business\conect pin and go delivery\farm business\venv\Lib\site-packages\rest_framework\views.py", line 512, in dispatch
    response = handler(request, *args, **kwargs)
  File "C:\Users\kouek\kouekam\business\conect pin and go delivery\farm business\backend\agri_connect\views.py", line 129, in get
    cart, created = AgriCart.objects.get_or_create(customer=request.user)
                    ~~~~~~~~~~~~~~~~~~~~~~~~~~~~~~^^^^^^^^^^^^^^^^^^^^^^^
  File "C:\Users\kouek\kouekam\business\conect pin and go delivery\farm business\venv\Lib\site-packages\django\db\models\manager.py", line 87, in manager_method
    return getattr(self.get_queryset(), name)(*args, **kwargs)
           ~~~~~~~~~~~~~~~~~~~~~~~~~~~~~~~~~~^^^^^^^^^^^^^^^^^
  File "C:\Users\kouek\kouekam\business\conect pin and go delivery\farm business\venv\Lib\site-packages\django\db\models\query.py", line 946, in get_or_create
    return self.get(**kwargs), False
           ~~~~~~~~^^^^^^^^^^
  File "C:\Users\kouek\kouekam\business\conect pin and go delivery\farm business\venv\Lib\site-packages\cacheops\query.py", line 346, in get
    return qs._no_monkey.get(qs, *args, **kwargs)
           ~~~~~~~~~~~~~~~~~^^^^^^^^^^^^^^^^^^^^^
  File "C:\Users\kouek\kouekam\business\conect pin and go delivery\farm business\venv\Lib\site-packages\django\db\models\query.py", line 629, in get
    num = len(clone)
  File "C:\Users\kouek\kouekam\business\conect pin and go delivery\farm business\venv\Lib\site-packages\django\db\models\query.py", line 366, in __len__
    self._fetch_all()
    ~~~~~~~~~~~~~~~^^
  File "C:\Users\kouek\kouekam\business\conect pin and go delivery\farm business\venv\Lib\site-packages\cacheops\query.py", line 250, in _fetch_all
    return self._no_monkey._fetch_all(self)
           ~~~~~~~~~~~~~~~~~~~~~~~~~~^^^^^^
  File "C:\Users\kouek\kouekam\business\conect pin and go delivery\farm business\venv\Lib\site-packages\django\db\models\query.py", line 1949, in _fetch_all
    self._result_cache = list(self._iterable_class(self))
                         ~~~~^^^^^^^^^^^^^^^^^^^^^^^^^^^^
  File "C:\Users\kouek\kouekam\business\conect pin and go delivery\farm business\venv\Lib\site-packages\django\db\models\query.py", line 91, in __iter__
    results = compiler.execute_sql(
        chunked_fetch=self.chunked_fetch, chunk_size=self.chunk_size
    )
  File "C:\Users\kouek\kouekam\business\conect pin and go delivery\farm business\venv\Lib\site-packages\django\db\models\sql\compiler.py", line 1623, in execute_sql
    cursor.execute(sql, params)
    ~~~~~~~~~~~~~~^^^^^^^^^^^^^
  File "C:\Users\kouek\kouekam\business\conect pin and go delivery\farm business\venv\Lib\site-packages\django\db\backends\utils.py", line 122, in execute
    return super().execute(sql, params)
           ~~~~~~~~~~~~~~~^^^^^^^^^^^^^
  File "C:\Users\kouek\kouekam\business\conect pin and go delivery\farm business\venv\Lib\site-packages\cacheops\transaction.py", line 98, in execute
    result = self._no_monkey.execute(self, sql, params)
  File "C:\Users\kouek\kouekam\business\conect pin and go delivery\farm business\venv\Lib\site-packages\django\db\backends\utils.py", line 79, in execute
    return self._execute_with_wrappers(
           ~~~~~~~~~~~~~~~~~~~~~~~~~~~^
        sql, params, many=False, executor=self._execute
        ^^^^^^^^^^^^^^^^^^^^^^^^^^^^^^^^^^^^^^^^^^^^^^^
    )
    ^
  File "C:\Users\kouek\kouekam\business\conect pin and go delivery\farm business\venv\Lib\site-packages\django\db\backends\utils.py", line 92, in _execute_with_wrappers
    return executor(sql, params, many, context)
  File "C:\Users\kouek\kouekam\business\conect pin and go delivery\farm business\venv\Lib\site-packages\django\db\backends\utils.py", line 100, in _execute
    with self.db.wrap_database_errors:
         ^^^^^^^^^^^^^^^^^^^^^^^^^^^^
  File "C:\Users\kouek\kouekam\business\conect pin and go delivery\farm business\venv\Lib\site-packages\django\db\utils.py", line 91, in __exit__
    raise dj_exc_value.with_traceback(traceback) from exc_value
  File "C:\Users\kouek\kouekam\business\conect pin and go delivery\farm business\venv\Lib\site-packages\django\db\backends\utils.py", line 105, in _execute
    return self.cursor.execute(sql, params)
           ~~~~~~~~~~~~~~~~~~~^^^^^^^^^^^^^
django.db.utils.ProgrammingError: column agri_carts.customer_id does not exist
LINE 1: SELECT "agri_carts"."id", "agri_carts"."customer_id", "agri_...
                                  ^

WARNING 2025-08-11 14:56:38,523 log 19152 23036 Not Found: /api/notifications/
ERROR 2025-08-11 14:56:38,602 log 19152 11792 Internal Server Error: /api/agri-connect/cart/
Traceback (most recent call last):
  File "C:\Users\kouek\kouekam\business\conect pin and go delivery\farm business\venv\Lib\site-packages\django\db\backends\utils.py", line 105, in _execute
    return self.cursor.execute(sql, params)
           ~~~~~~~~~~~~~~~~~~~^^^^^^^^^^^^^
psycopg2.errors.UndefinedColumn: column agri_carts.customer_id does not exist
LINE 1: SELECT "agri_carts"."id", "agri_carts"."customer_id", "agri_...
                                  ^


The above exception was the direct cause of the following exception:

Traceback (most recent call last):
  File "C:\Users\kouek\kouekam\business\conect pin and go delivery\farm business\venv\Lib\site-packages\django\core\handlers\exception.py", line 55, in inner
    response = get_response(request)
  File "C:\Users\kouek\kouekam\business\conect pin and go delivery\farm business\venv\Lib\site-packages\django\core\handlers\base.py", line 197, in _get_response
    response = wrapped_callback(request, *callback_args, **callback_kwargs)
  File "C:\Users\kouek\kouekam\business\conect pin and go delivery\farm business\venv\Lib\site-packages\django\views\decorators\csrf.py", line 65, in _view_wrapper
    return view_func(request, *args, **kwargs)
  File "C:\Users\kouek\kouekam\business\conect pin and go delivery\farm business\venv\Lib\site-packages\django\views\generic\base.py", line 105, in view
    return self.dispatch(request, *args, **kwargs)
           ~~~~~~~~~~~~~^^^^^^^^^^^^^^^^^^^^^^^^^^
  File "C:\Users\kouek\kouekam\business\conect pin and go delivery\farm business\venv\Lib\site-packages\rest_framework\views.py", line 515, in dispatch
    response = self.handle_exception(exc)
  File "C:\Users\kouek\kouekam\business\conect pin and go delivery\farm business\venv\Lib\site-packages\rest_framework\views.py", line 475, in handle_exception
    self.raise_uncaught_exception(exc)
    ~~~~~~~~~~~~~~~~~~~~~~~~~~~~~^^^^^
  File "C:\Users\kouek\kouekam\business\conect pin and go delivery\farm business\venv\Lib\site-packages\rest_framework\views.py", line 486, in raise_uncaught_exception
    raise exc
  File "C:\Users\kouek\kouekam\business\conect pin and go delivery\farm business\venv\Lib\site-packages\rest_framework\views.py", line 512, in dispatch
    response = handler(request, *args, **kwargs)
  File "C:\Users\kouek\kouekam\business\conect pin and go delivery\farm business\backend\agri_connect\views.py", line 129, in get
    cart, created = AgriCart.objects.get_or_create(customer=request.user)
                    ~~~~~~~~~~~~~~~~~~~~~~~~~~~~~~^^^^^^^^^^^^^^^^^^^^^^^
  File "C:\Users\kouek\kouekam\business\conect pin and go delivery\farm business\venv\Lib\site-packages\django\db\models\manager.py", line 87, in manager_method
    return getattr(self.get_queryset(), name)(*args, **kwargs)
           ~~~~~~~~~~~~~~~~~~~~~~~~~~~~~~~~~~^^^^^^^^^^^^^^^^^
  File "C:\Users\kouek\kouekam\business\conect pin and go delivery\farm business\venv\Lib\site-packages\django\db\models\query.py", line 946, in get_or_create
    return self.get(**kwargs), False
           ~~~~~~~~^^^^^^^^^^
  File "C:\Users\kouek\kouekam\business\conect pin and go delivery\farm business\venv\Lib\site-packages\cacheops\query.py", line 346, in get
    return qs._no_monkey.get(qs, *args, **kwargs)
           ~~~~~~~~~~~~~~~~~^^^^^^^^^^^^^^^^^^^^^
  File "C:\Users\kouek\kouekam\business\conect pin and go delivery\farm business\venv\Lib\site-packages\django\db\models\query.py", line 629, in get
    num = len(clone)
  File "C:\Users\kouek\kouekam\business\conect pin and go delivery\farm business\venv\Lib\site-packages\django\db\models\query.py", line 366, in __len__
    self._fetch_all()
    ~~~~~~~~~~~~~~~^^
  File "C:\Users\kouek\kouekam\business\conect pin and go delivery\farm business\venv\Lib\site-packages\cacheops\query.py", line 250, in _fetch_all
    return self._no_monkey._fetch_all(self)
           ~~~~~~~~~~~~~~~~~~~~~~~~~~^^^^^^
  File "C:\Users\kouek\kouekam\business\conect pin and go delivery\farm business\venv\Lib\site-packages\django\db\models\query.py", line 1949, in _fetch_all
    self._result_cache = list(self._iterable_class(self))
                         ~~~~^^^^^^^^^^^^^^^^^^^^^^^^^^^^
  File "C:\Users\kouek\kouekam\business\conect pin and go delivery\farm business\venv\Lib\site-packages\django\db\models\query.py", line 91, in __iter__
    results = compiler.execute_sql(
        chunked_fetch=self.chunked_fetch, chunk_size=self.chunk_size
    )
  File "C:\Users\kouek\kouekam\business\conect pin and go delivery\farm business\venv\Lib\site-packages\django\db\models\sql\compiler.py", line 1623, in execute_sql
    cursor.execute(sql, params)
    ~~~~~~~~~~~~~~^^^^^^^^^^^^^
  File "C:\Users\kouek\kouekam\business\conect pin and go delivery\farm business\venv\Lib\site-packages\django\db\backends\utils.py", line 122, in execute
    return super().execute(sql, params)
           ~~~~~~~~~~~~~~~^^^^^^^^^^^^^
  File "C:\Users\kouek\kouekam\business\conect pin and go delivery\farm business\venv\Lib\site-packages\cacheops\transaction.py", line 98, in execute
    result = self._no_monkey.execute(self, sql, params)
  File "C:\Users\kouek\kouekam\business\conect pin and go delivery\farm business\venv\Lib\site-packages\django\db\backends\utils.py", line 79, in execute
    return self._execute_with_wrappers(
           ~~~~~~~~~~~~~~~~~~~~~~~~~~~^
        sql, params, many=False, executor=self._execute
        ^^^^^^^^^^^^^^^^^^^^^^^^^^^^^^^^^^^^^^^^^^^^^^^
    )
    ^
  File "C:\Users\kouek\kouekam\business\conect pin and go delivery\farm business\venv\Lib\site-packages\django\db\backends\utils.py", line 92, in _execute_with_wrappers
    return executor(sql, params, many, context)
  File "C:\Users\kouek\kouekam\business\conect pin and go delivery\farm business\venv\Lib\site-packages\django\db\backends\utils.py", line 100, in _execute
    with self.db.wrap_database_errors:
         ^^^^^^^^^^^^^^^^^^^^^^^^^^^^
  File "C:\Users\kouek\kouekam\business\conect pin and go delivery\farm business\venv\Lib\site-packages\django\db\utils.py", line 91, in __exit__
    raise dj_exc_value.with_traceback(traceback) from exc_value
  File "C:\Users\kouek\kouekam\business\conect pin and go delivery\farm business\venv\Lib\site-packages\django\db\backends\utils.py", line 105, in _execute
    return self.cursor.execute(sql, params)
           ~~~~~~~~~~~~~~~~~~~^^^^^^^^^^^^^
django.db.utils.ProgrammingError: column agri_carts.customer_id does not exist
LINE 1: SELECT "agri_carts"."id", "agri_carts"."customer_id", "agri_...
                                  ^

ERROR 2025-08-11 14:56:38,715 log 19152 22216 Internal Server Error: /api/agri-connect/orders/
Traceback (most recent call last):
  File "C:\Users\kouek\kouekam\business\conect pin and go delivery\farm business\venv\Lib\site-packages\django\core\handlers\exception.py", line 55, in inner
    response = get_response(request)
  File "C:\Users\kouek\kouekam\business\conect pin and go delivery\farm business\venv\Lib\site-packages\django\core\handlers\base.py", line 197, in _get_response
    response = wrapped_callback(request, *callback_args, **callback_kwargs)
  File "C:\Users\kouek\kouekam\business\conect pin and go delivery\farm business\venv\Lib\site-packages\django\views\decorators\csrf.py", line 65, in _view_wrapper
    return view_func(request, *args, **kwargs)
  File "C:\Users\kouek\kouekam\business\conect pin and go delivery\farm business\venv\Lib\site-packages\django\views\generic\base.py", line 105, in view
    return self.dispatch(request, *args, **kwargs)
           ~~~~~~~~~~~~~^^^^^^^^^^^^^^^^^^^^^^^^^^
  File "C:\Users\kouek\kouekam\business\conect pin and go delivery\farm business\venv\Lib\site-packages\rest_framework\views.py", line 515, in dispatch
    response = self.handle_exception(exc)
  File "C:\Users\kouek\kouekam\business\conect pin and go delivery\farm business\venv\Lib\site-packages\rest_framework\views.py", line 475, in handle_exception
    self.raise_uncaught_exception(exc)
    ~~~~~~~~~~~~~~~~~~~~~~~~~~~~~^^^^^
  File "C:\Users\kouek\kouekam\business\conect pin and go delivery\farm business\venv\Lib\site-packages\rest_framework\views.py", line 486, in raise_uncaught_exception
    raise exc
  File "C:\Users\kouek\kouekam\business\conect pin and go delivery\farm business\venv\Lib\site-packages\rest_framework\views.py", line 512, in dispatch
    response = handler(request, *args, **kwargs)
  File "C:\Users\kouek\kouekam\business\conect pin and go delivery\farm business\venv\Lib\site-packages\rest_framework\generics.py", line 243, in get
    return self.list(request, *args, **kwargs)
           ~~~~~~~~~^^^^^^^^^^^^^^^^^^^^^^^^^^
  File "C:\Users\kouek\kouekam\business\conect pin and go delivery\farm business\venv\Lib\site-packages\rest_framework\mixins.py", line 40, in list
    page = self.paginate_queryset(queryset)
  File "C:\Users\kouek\kouekam\business\conect pin and go delivery\farm business\venv\Lib\site-packages\rest_framework\generics.py", line 175, in paginate_queryset
    return self.paginator.paginate_queryset(queryset, self.request, view=self)
           ~~~~~~~~~~~~~~~~~~~~~~~~~~~~~~~~^^^^^^^^^^^^^^^^^^^^^^^^^^^^^^^^^^^
  File "C:\Users\kouek\kouekam\business\conect pin and go delivery\farm business\venv\Lib\site-packages\rest_framework\pagination.py", line 222, in paginate_queryset
    return list(self.page)
  File "C:\Users\kouek\kouekam\business\conect pin and go delivery\farm business\venv\Lib\site-packages\django\core\paginator.py", line 191, in __len__
    return len(self.object_list)
  File "C:\Users\kouek\kouekam\business\conect pin and go delivery\farm business\venv\Lib\site-packages\django\db\models\query.py", line 366, in __len__
    self._fetch_all()
    ~~~~~~~~~~~~~~~^^
  File "C:\Users\kouek\kouekam\business\conect pin and go delivery\farm business\venv\Lib\site-packages\cacheops\query.py", line 250, in _fetch_all
    return self._no_monkey._fetch_all(self)
           ~~~~~~~~~~~~~~~~~~~~~~~~~~^^^^^^
  File "C:\Users\kouek\kouekam\business\conect pin and go delivery\farm business\venv\Lib\site-packages\django\db\models\query.py", line 1949, in _fetch_all
    self._result_cache = list(self._iterable_class(self))
                         ~~~~^^^^^^^^^^^^^^^^^^^^^^^^^^^^
  File "C:\Users\kouek\kouekam\business\conect pin and go delivery\farm business\venv\Lib\site-packages\django\db\models\query.py", line 91, in __iter__
    results = compiler.execute_sql(
        chunked_fetch=self.chunked_fetch, chunk_size=self.chunk_size
    )
  File "C:\Users\kouek\kouekam\business\conect pin and go delivery\farm business\venv\Lib\site-packages\django\db\models\sql\compiler.py", line 1610, in execute_sql
    sql, params = self.as_sql()
                  ~~~~~~~~~~~^^
  File "C:\Users\kouek\kouekam\business\conect pin and go delivery\farm business\venv\Lib\site-packages\django\db\models\sql\compiler.py", line 766, in as_sql
    extra_select, order_by, group_by = self.pre_sql_setup(
                                       ~~~~~~~~~~~~~~~~~~^
        with_col_aliases=with_col_aliases or bool(combinator),
        ^^^^^^^^^^^^^^^^^^^^^^^^^^^^^^^^^^^^^^^^^^^^^^^^^^^^^^
    )
    ^
  File "C:\Users\kouek\kouekam\business\conect pin and go delivery\farm business\venv\Lib\site-packages\django\db\models\sql\compiler.py", line 85, in pre_sql_setup
    self.setup_query(with_col_aliases=with_col_aliases)
    ~~~~~~~~~~~~~~~~^^^^^^^^^^^^^^^^^^^^^^^^^^^^^^^^^^^
  File "C:\Users\kouek\kouekam\business\conect pin and go delivery\farm business\venv\Lib\site-packages\django\db\models\sql\compiler.py", line 74, in setup_query
    self.select, self.klass_info, self.annotation_col_map = self.get_select(
                                                            ~~~~~~~~~~~~~~~^
        with_col_aliases=with_col_aliases,
        ^^^^^^^^^^^^^^^^^^^^^^^^^^^^^^^^^^
    )
    ^
  File "C:\Users\kouek\kouekam\business\conect pin and go delivery\farm business\venv\Lib\site-packages\django\db\models\sql\compiler.py", line 299, in get_select
    related_klass_infos = self.get_related_selections(select, select_mask)
  File "C:\Users\kouek\kouekam\business\conect pin and go delivery\farm business\venv\Lib\site-packages\django\db\models\sql\compiler.py", line 1230, in get_related_selections
    raise FieldError(
    ...<6 lines>...
    )
django.core.exceptions.FieldError: Non-relational field given in select_related: 'delivery_address'. Choices are: customer, delivery_agent
ERROR 2025-08-11 14:56:56,043 log 19152 22216 Internal Server Error: /api/agri-connect/cart/
Traceback (most recent call last):
  File "C:\Users\kouek\kouekam\business\conect pin and go delivery\farm business\venv\Lib\site-packages\django\db\backends\utils.py", line 105, in _execute
    return self.cursor.execute(sql, params)
           ~~~~~~~~~~~~~~~~~~~^^^^^^^^^^^^^
psycopg2.errors.UndefinedColumn: column agri_carts.customer_id does not exist
LINE 1: SELECT "agri_carts"."id", "agri_carts"."customer_id", "agri_...
                                  ^


The above exception was the direct cause of the following exception:

Traceback (most recent call last):
  File "C:\Users\kouek\kouekam\business\conect pin and go delivery\farm business\venv\Lib\site-packages\django\core\handlers\exception.py", line 55, in inner
    response = get_response(request)
  File "C:\Users\kouek\kouekam\business\conect pin and go delivery\farm business\venv\Lib\site-packages\django\core\handlers\base.py", line 197, in _get_response
    response = wrapped_callback(request, *callback_args, **callback_kwargs)
  File "C:\Users\kouek\kouekam\business\conect pin and go delivery\farm business\venv\Lib\site-packages\django\views\decorators\csrf.py", line 65, in _view_wrapper
    return view_func(request, *args, **kwargs)
  File "C:\Users\kouek\kouekam\business\conect pin and go delivery\farm business\venv\Lib\site-packages\django\views\generic\base.py", line 105, in view
    return self.dispatch(request, *args, **kwargs)
           ~~~~~~~~~~~~~^^^^^^^^^^^^^^^^^^^^^^^^^^
  File "C:\Users\kouek\kouekam\business\conect pin and go delivery\farm business\venv\Lib\site-packages\rest_framework\views.py", line 515, in dispatch
    response = self.handle_exception(exc)
  File "C:\Users\kouek\kouekam\business\conect pin and go delivery\farm business\venv\Lib\site-packages\rest_framework\views.py", line 475, in handle_exception
    self.raise_uncaught_exception(exc)
    ~~~~~~~~~~~~~~~~~~~~~~~~~~~~~^^^^^
  File "C:\Users\kouek\kouekam\business\conect pin and go delivery\farm business\venv\Lib\site-packages\rest_framework\views.py", line 486, in raise_uncaught_exception
    raise exc
  File "C:\Users\kouek\kouekam\business\conect pin and go delivery\farm business\venv\Lib\site-packages\rest_framework\views.py", line 512, in dispatch
    response = handler(request, *args, **kwargs)
  File "C:\Users\kouek\kouekam\business\conect pin and go delivery\farm business\backend\agri_connect\views.py", line 129, in get
    cart, created = AgriCart.objects.get_or_create(customer=request.user)
                    ~~~~~~~~~~~~~~~~~~~~~~~~~~~~~~^^^^^^^^^^^^^^^^^^^^^^^
  File "C:\Users\kouek\kouekam\business\conect pin and go delivery\farm business\venv\Lib\site-packages\django\db\models\manager.py", line 87, in manager_method
    return getattr(self.get_queryset(), name)(*args, **kwargs)
           ~~~~~~~~~~~~~~~~~~~~~~~~~~~~~~~~~~^^^^^^^^^^^^^^^^^
  File "C:\Users\kouek\kouekam\business\conect pin and go delivery\farm business\venv\Lib\site-packages\django\db\models\query.py", line 946, in get_or_create
    return self.get(**kwargs), False
           ~~~~~~~~^^^^^^^^^^
  File "C:\Users\kouek\kouekam\business\conect pin and go delivery\farm business\venv\Lib\site-packages\cacheops\query.py", line 346, in get
    return qs._no_monkey.get(qs, *args, **kwargs)
           ~~~~~~~~~~~~~~~~~^^^^^^^^^^^^^^^^^^^^^
  File "C:\Users\kouek\kouekam\business\conect pin and go delivery\farm business\venv\Lib\site-packages\django\db\models\query.py", line 629, in get
    num = len(clone)
  File "C:\Users\kouek\kouekam\business\conect pin and go delivery\farm business\venv\Lib\site-packages\django\db\models\query.py", line 366, in __len__
    self._fetch_all()
    ~~~~~~~~~~~~~~~^^
  File "C:\Users\kouek\kouekam\business\conect pin and go delivery\farm business\venv\Lib\site-packages\cacheops\query.py", line 250, in _fetch_all
    return self._no_monkey._fetch_all(self)
           ~~~~~~~~~~~~~~~~~~~~~~~~~~^^^^^^
  File "C:\Users\kouek\kouekam\business\conect pin and go delivery\farm business\venv\Lib\site-packages\django\db\models\query.py", line 1949, in _fetch_all
    self._result_cache = list(self._iterable_class(self))
                         ~~~~^^^^^^^^^^^^^^^^^^^^^^^^^^^^
  File "C:\Users\kouek\kouekam\business\conect pin and go delivery\farm business\venv\Lib\site-packages\django\db\models\query.py", line 91, in __iter__
    results = compiler.execute_sql(
        chunked_fetch=self.chunked_fetch, chunk_size=self.chunk_size
    )
  File "C:\Users\kouek\kouekam\business\conect pin and go delivery\farm business\venv\Lib\site-packages\django\db\models\sql\compiler.py", line 1623, in execute_sql
    cursor.execute(sql, params)
    ~~~~~~~~~~~~~~^^^^^^^^^^^^^
  File "C:\Users\kouek\kouekam\business\conect pin and go delivery\farm business\venv\Lib\site-packages\django\db\backends\utils.py", line 122, in execute
    return super().execute(sql, params)
           ~~~~~~~~~~~~~~~^^^^^^^^^^^^^
  File "C:\Users\kouek\kouekam\business\conect pin and go delivery\farm business\venv\Lib\site-packages\cacheops\transaction.py", line 98, in execute
    result = self._no_monkey.execute(self, sql, params)
  File "C:\Users\kouek\kouekam\business\conect pin and go delivery\farm business\venv\Lib\site-packages\django\db\backends\utils.py", line 79, in execute
    return self._execute_with_wrappers(
           ~~~~~~~~~~~~~~~~~~~~~~~~~~~^
        sql, params, many=False, executor=self._execute
        ^^^^^^^^^^^^^^^^^^^^^^^^^^^^^^^^^^^^^^^^^^^^^^^
    )
    ^
  File "C:\Users\kouek\kouekam\business\conect pin and go delivery\farm business\venv\Lib\site-packages\django\db\backends\utils.py", line 92, in _execute_with_wrappers
    return executor(sql, params, many, context)
  File "C:\Users\kouek\kouekam\business\conect pin and go delivery\farm business\venv\Lib\site-packages\django\db\backends\utils.py", line 100, in _execute
    with self.db.wrap_database_errors:
         ^^^^^^^^^^^^^^^^^^^^^^^^^^^^
  File "C:\Users\kouek\kouekam\business\conect pin and go delivery\farm business\venv\Lib\site-packages\django\db\utils.py", line 91, in __exit__
    raise dj_exc_value.with_traceback(traceback) from exc_value
  File "C:\Users\kouek\kouekam\business\conect pin and go delivery\farm business\venv\Lib\site-packages\django\db\backends\utils.py", line 105, in _execute
    return self.cursor.execute(sql, params)
           ~~~~~~~~~~~~~~~~~~~^^^^^^^^^^^^^
django.db.utils.ProgrammingError: column agri_carts.customer_id does not exist
LINE 1: SELECT "agri_carts"."id", "agri_carts"."customer_id", "agri_...
                                  ^

ERROR 2025-08-11 14:57:09,090 log 19152 22216 Internal Server Error: /api/agri-connect/cart/
Traceback (most recent call last):
  File "C:\Users\kouek\kouekam\business\conect pin and go delivery\farm business\venv\Lib\site-packages\django\db\backends\utils.py", line 105, in _execute
    return self.cursor.execute(sql, params)
           ~~~~~~~~~~~~~~~~~~~^^^^^^^^^^^^^
psycopg2.errors.UndefinedColumn: column agri_carts.customer_id does not exist
LINE 1: SELECT "agri_carts"."id", "agri_carts"."customer_id", "agri_...
                                  ^


The above exception was the direct cause of the following exception:

Traceback (most recent call last):
  File "C:\Users\kouek\kouekam\business\conect pin and go delivery\farm business\venv\Lib\site-packages\django\core\handlers\exception.py", line 55, in inner
    response = get_response(request)
  File "C:\Users\kouek\kouekam\business\conect pin and go delivery\farm business\venv\Lib\site-packages\django\core\handlers\base.py", line 197, in _get_response
    response = wrapped_callback(request, *callback_args, **callback_kwargs)
  File "C:\Users\kouek\kouekam\business\conect pin and go delivery\farm business\venv\Lib\site-packages\django\views\decorators\csrf.py", line 65, in _view_wrapper
    return view_func(request, *args, **kwargs)
  File "C:\Users\kouek\kouekam\business\conect pin and go delivery\farm business\venv\Lib\site-packages\django\views\generic\base.py", line 105, in view
    return self.dispatch(request, *args, **kwargs)
           ~~~~~~~~~~~~~^^^^^^^^^^^^^^^^^^^^^^^^^^
  File "C:\Users\kouek\kouekam\business\conect pin and go delivery\farm business\venv\Lib\site-packages\rest_framework\views.py", line 515, in dispatch
    response = self.handle_exception(exc)
  File "C:\Users\kouek\kouekam\business\conect pin and go delivery\farm business\venv\Lib\site-packages\rest_framework\views.py", line 475, in handle_exception
    self.raise_uncaught_exception(exc)
    ~~~~~~~~~~~~~~~~~~~~~~~~~~~~~^^^^^
  File "C:\Users\kouek\kouekam\business\conect pin and go delivery\farm business\venv\Lib\site-packages\rest_framework\views.py", line 486, in raise_uncaught_exception
    raise exc
  File "C:\Users\kouek\kouekam\business\conect pin and go delivery\farm business\venv\Lib\site-packages\rest_framework\views.py", line 512, in dispatch
    response = handler(request, *args, **kwargs)
  File "C:\Users\kouek\kouekam\business\conect pin and go delivery\farm business\backend\agri_connect\views.py", line 129, in get
    cart, created = AgriCart.objects.get_or_create(customer=request.user)
                    ~~~~~~~~~~~~~~~~~~~~~~~~~~~~~~^^^^^^^^^^^^^^^^^^^^^^^
  File "C:\Users\kouek\kouekam\business\conect pin and go delivery\farm business\venv\Lib\site-packages\django\db\models\manager.py", line 87, in manager_method
    return getattr(self.get_queryset(), name)(*args, **kwargs)
           ~~~~~~~~~~~~~~~~~~~~~~~~~~~~~~~~~~^^^^^^^^^^^^^^^^^
  File "C:\Users\kouek\kouekam\business\conect pin and go delivery\farm business\venv\Lib\site-packages\django\db\models\query.py", line 946, in get_or_create
    return self.get(**kwargs), False
           ~~~~~~~~^^^^^^^^^^
  File "C:\Users\kouek\kouekam\business\conect pin and go delivery\farm business\venv\Lib\site-packages\cacheops\query.py", line 346, in get
    return qs._no_monkey.get(qs, *args, **kwargs)
           ~~~~~~~~~~~~~~~~~^^^^^^^^^^^^^^^^^^^^^
  File "C:\Users\kouek\kouekam\business\conect pin and go delivery\farm business\venv\Lib\site-packages\django\db\models\query.py", line 629, in get
    num = len(clone)
  File "C:\Users\kouek\kouekam\business\conect pin and go delivery\farm business\venv\Lib\site-packages\django\db\models\query.py", line 366, in __len__
    self._fetch_all()
    ~~~~~~~~~~~~~~~^^
  File "C:\Users\kouek\kouekam\business\conect pin and go delivery\farm business\venv\Lib\site-packages\cacheops\query.py", line 250, in _fetch_all
    return self._no_monkey._fetch_all(self)
           ~~~~~~~~~~~~~~~~~~~~~~~~~~^^^^^^
  File "C:\Users\kouek\kouekam\business\conect pin and go delivery\farm business\venv\Lib\site-packages\django\db\models\query.py", line 1949, in _fetch_all
    self._result_cache = list(self._iterable_class(self))
                         ~~~~^^^^^^^^^^^^^^^^^^^^^^^^^^^^
  File "C:\Users\kouek\kouekam\business\conect pin and go delivery\farm business\venv\Lib\site-packages\django\db\models\query.py", line 91, in __iter__
    results = compiler.execute_sql(
        chunked_fetch=self.chunked_fetch, chunk_size=self.chunk_size
    )
  File "C:\Users\kouek\kouekam\business\conect pin and go delivery\farm business\venv\Lib\site-packages\django\db\models\sql\compiler.py", line 1623, in execute_sql
    cursor.execute(sql, params)
    ~~~~~~~~~~~~~~^^^^^^^^^^^^^
  File "C:\Users\kouek\kouekam\business\conect pin and go delivery\farm business\venv\Lib\site-packages\django\db\backends\utils.py", line 122, in execute
    return super().execute(sql, params)
           ~~~~~~~~~~~~~~~^^^^^^^^^^^^^
  File "C:\Users\kouek\kouekam\business\conect pin and go delivery\farm business\venv\Lib\site-packages\cacheops\transaction.py", line 98, in execute
    result = self._no_monkey.execute(self, sql, params)
  File "C:\Users\kouek\kouekam\business\conect pin and go delivery\farm business\venv\Lib\site-packages\django\db\backends\utils.py", line 79, in execute
    return self._execute_with_wrappers(
           ~~~~~~~~~~~~~~~~~~~~~~~~~~~^
        sql, params, many=False, executor=self._execute
        ^^^^^^^^^^^^^^^^^^^^^^^^^^^^^^^^^^^^^^^^^^^^^^^
    )
    ^
  File "C:\Users\kouek\kouekam\business\conect pin and go delivery\farm business\venv\Lib\site-packages\django\db\backends\utils.py", line 92, in _execute_with_wrappers
    return executor(sql, params, many, context)
  File "C:\Users\kouek\kouekam\business\conect pin and go delivery\farm business\venv\Lib\site-packages\django\db\backends\utils.py", line 100, in _execute
    with self.db.wrap_database_errors:
         ^^^^^^^^^^^^^^^^^^^^^^^^^^^^
  File "C:\Users\kouek\kouekam\business\conect pin and go delivery\farm business\venv\Lib\site-packages\django\db\utils.py", line 91, in __exit__
    raise dj_exc_value.with_traceback(traceback) from exc_value
  File "C:\Users\kouek\kouekam\business\conect pin and go delivery\farm business\venv\Lib\site-packages\django\db\backends\utils.py", line 105, in _execute
    return self.cursor.execute(sql, params)
           ~~~~~~~~~~~~~~~~~~~^^^^^^^^^^^^^
django.db.utils.ProgrammingError: column agri_carts.customer_id does not exist
LINE 1: SELECT "agri_carts"."id", "agri_carts"."customer_id", "agri_...
                                  ^

ERROR 2025-08-11 14:57:24,901 log 19152 22216 Internal Server Error: /api/agri-connect/cart/
Traceback (most recent call last):
  File "C:\Users\kouek\kouekam\business\conect pin and go delivery\farm business\venv\Lib\site-packages\django\db\backends\utils.py", line 105, in _execute
    return self.cursor.execute(sql, params)
           ~~~~~~~~~~~~~~~~~~~^^^^^^^^^^^^^
psycopg2.errors.UndefinedColumn: column agri_carts.customer_id does not exist
LINE 1: SELECT "agri_carts"."id", "agri_carts"."customer_id", "agri_...
                                  ^


The above exception was the direct cause of the following exception:

Traceback (most recent call last):
  File "C:\Users\kouek\kouekam\business\conect pin and go delivery\farm business\venv\Lib\site-packages\django\core\handlers\exception.py", line 55, in inner
    response = get_response(request)
  File "C:\Users\kouek\kouekam\business\conect pin and go delivery\farm business\venv\Lib\site-packages\django\core\handlers\base.py", line 197, in _get_response
    response = wrapped_callback(request, *callback_args, **callback_kwargs)
  File "C:\Users\kouek\kouekam\business\conect pin and go delivery\farm business\venv\Lib\site-packages\django\views\decorators\csrf.py", line 65, in _view_wrapper
    return view_func(request, *args, **kwargs)
  File "C:\Users\kouek\kouekam\business\conect pin and go delivery\farm business\venv\Lib\site-packages\django\views\generic\base.py", line 105, in view
    return self.dispatch(request, *args, **kwargs)
           ~~~~~~~~~~~~~^^^^^^^^^^^^^^^^^^^^^^^^^^
  File "C:\Users\kouek\kouekam\business\conect pin and go delivery\farm business\venv\Lib\site-packages\rest_framework\views.py", line 515, in dispatch
    response = self.handle_exception(exc)
  File "C:\Users\kouek\kouekam\business\conect pin and go delivery\farm business\venv\Lib\site-packages\rest_framework\views.py", line 475, in handle_exception
    self.raise_uncaught_exception(exc)
    ~~~~~~~~~~~~~~~~~~~~~~~~~~~~~^^^^^
  File "C:\Users\kouek\kouekam\business\conect pin and go delivery\farm business\venv\Lib\site-packages\rest_framework\views.py", line 486, in raise_uncaught_exception
    raise exc
  File "C:\Users\kouek\kouekam\business\conect pin and go delivery\farm business\venv\Lib\site-packages\rest_framework\views.py", line 512, in dispatch
    response = handler(request, *args, **kwargs)
  File "C:\Users\kouek\kouekam\business\conect pin and go delivery\farm business\backend\agri_connect\views.py", line 129, in get
    cart, created = AgriCart.objects.get_or_create(customer=request.user)
                    ~~~~~~~~~~~~~~~~~~~~~~~~~~~~~~^^^^^^^^^^^^^^^^^^^^^^^
  File "C:\Users\kouek\kouekam\business\conect pin and go delivery\farm business\venv\Lib\site-packages\django\db\models\manager.py", line 87, in manager_method
    return getattr(self.get_queryset(), name)(*args, **kwargs)
           ~~~~~~~~~~~~~~~~~~~~~~~~~~~~~~~~~~^^^^^^^^^^^^^^^^^
  File "C:\Users\kouek\kouekam\business\conect pin and go delivery\farm business\venv\Lib\site-packages\django\db\models\query.py", line 946, in get_or_create
    return self.get(**kwargs), False
           ~~~~~~~~^^^^^^^^^^
  File "C:\Users\kouek\kouekam\business\conect pin and go delivery\farm business\venv\Lib\site-packages\cacheops\query.py", line 346, in get
    return qs._no_monkey.get(qs, *args, **kwargs)
           ~~~~~~~~~~~~~~~~~^^^^^^^^^^^^^^^^^^^^^
  File "C:\Users\kouek\kouekam\business\conect pin and go delivery\farm business\venv\Lib\site-packages\django\db\models\query.py", line 629, in get
    num = len(clone)
  File "C:\Users\kouek\kouekam\business\conect pin and go delivery\farm business\venv\Lib\site-packages\django\db\models\query.py", line 366, in __len__
    self._fetch_all()
    ~~~~~~~~~~~~~~~^^
  File "C:\Users\kouek\kouekam\business\conect pin and go delivery\farm business\venv\Lib\site-packages\cacheops\query.py", line 250, in _fetch_all
    return self._no_monkey._fetch_all(self)
           ~~~~~~~~~~~~~~~~~~~~~~~~~~^^^^^^
  File "C:\Users\kouek\kouekam\business\conect pin and go delivery\farm business\venv\Lib\site-packages\django\db\models\query.py", line 1949, in _fetch_all
    self._result_cache = list(self._iterable_class(self))
                         ~~~~^^^^^^^^^^^^^^^^^^^^^^^^^^^^
  File "C:\Users\kouek\kouekam\business\conect pin and go delivery\farm business\venv\Lib\site-packages\django\db\models\query.py", line 91, in __iter__
    results = compiler.execute_sql(
        chunked_fetch=self.chunked_fetch, chunk_size=self.chunk_size
    )
  File "C:\Users\kouek\kouekam\business\conect pin and go delivery\farm business\venv\Lib\site-packages\django\db\models\sql\compiler.py", line 1623, in execute_sql
    cursor.execute(sql, params)
    ~~~~~~~~~~~~~~^^^^^^^^^^^^^
  File "C:\Users\kouek\kouekam\business\conect pin and go delivery\farm business\venv\Lib\site-packages\django\db\backends\utils.py", line 122, in execute
    return super().execute(sql, params)
           ~~~~~~~~~~~~~~~^^^^^^^^^^^^^
  File "C:\Users\kouek\kouekam\business\conect pin and go delivery\farm business\venv\Lib\site-packages\cacheops\transaction.py", line 98, in execute
    result = self._no_monkey.execute(self, sql, params)
  File "C:\Users\kouek\kouekam\business\conect pin and go delivery\farm business\venv\Lib\site-packages\django\db\backends\utils.py", line 79, in execute
    return self._execute_with_wrappers(
           ~~~~~~~~~~~~~~~~~~~~~~~~~~~^
        sql, params, many=False, executor=self._execute
        ^^^^^^^^^^^^^^^^^^^^^^^^^^^^^^^^^^^^^^^^^^^^^^^
    )
    ^
  File "C:\Users\kouek\kouekam\business\conect pin and go delivery\farm business\venv\Lib\site-packages\django\db\backends\utils.py", line 92, in _execute_with_wrappers
    return executor(sql, params, many, context)
  File "C:\Users\kouek\kouekam\business\conect pin and go delivery\farm business\venv\Lib\site-packages\django\db\backends\utils.py", line 100, in _execute
    with self.db.wrap_database_errors:
         ^^^^^^^^^^^^^^^^^^^^^^^^^^^^
  File "C:\Users\kouek\kouekam\business\conect pin and go delivery\farm business\venv\Lib\site-packages\django\db\utils.py", line 91, in __exit__
    raise dj_exc_value.with_traceback(traceback) from exc_value
  File "C:\Users\kouek\kouekam\business\conect pin and go delivery\farm business\venv\Lib\site-packages\django\db\backends\utils.py", line 105, in _execute
    return self.cursor.execute(sql, params)
           ~~~~~~~~~~~~~~~~~~~^^^^^^^^^^^^^
django.db.utils.ProgrammingError: column agri_carts.customer_id does not exist
LINE 1: SELECT "agri_carts"."id", "agri_carts"."customer_id", "agri_...
                                  ^

ERROR 2025-08-11 14:57:26,562 log 19152 22216 Internal Server Error: /api/agri-connect/cart/
Traceback (most recent call last):
  File "C:\Users\kouek\kouekam\business\conect pin and go delivery\farm business\venv\Lib\site-packages\django\db\backends\utils.py", line 105, in _execute
    return self.cursor.execute(sql, params)
           ~~~~~~~~~~~~~~~~~~~^^^^^^^^^^^^^
psycopg2.errors.UndefinedColumn: column agri_carts.customer_id does not exist
LINE 1: SELECT "agri_carts"."id", "agri_carts"."customer_id", "agri_...
                                  ^


The above exception was the direct cause of the following exception:

Traceback (most recent call last):
  File "C:\Users\kouek\kouekam\business\conect pin and go delivery\farm business\venv\Lib\site-packages\django\core\handlers\exception.py", line 55, in inner
    response = get_response(request)
  File "C:\Users\kouek\kouekam\business\conect pin and go delivery\farm business\venv\Lib\site-packages\django\core\handlers\base.py", line 197, in _get_response
    response = wrapped_callback(request, *callback_args, **callback_kwargs)
  File "C:\Users\kouek\kouekam\business\conect pin and go delivery\farm business\venv\Lib\site-packages\django\views\decorators\csrf.py", line 65, in _view_wrapper
    return view_func(request, *args, **kwargs)
  File "C:\Users\kouek\kouekam\business\conect pin and go delivery\farm business\venv\Lib\site-packages\django\views\generic\base.py", line 105, in view
    return self.dispatch(request, *args, **kwargs)
           ~~~~~~~~~~~~~^^^^^^^^^^^^^^^^^^^^^^^^^^
  File "C:\Users\kouek\kouekam\business\conect pin and go delivery\farm business\venv\Lib\site-packages\rest_framework\views.py", line 515, in dispatch
    response = self.handle_exception(exc)
  File "C:\Users\kouek\kouekam\business\conect pin and go delivery\farm business\venv\Lib\site-packages\rest_framework\views.py", line 475, in handle_exception
    self.raise_uncaught_exception(exc)
    ~~~~~~~~~~~~~~~~~~~~~~~~~~~~~^^^^^
  File "C:\Users\kouek\kouekam\business\conect pin and go delivery\farm business\venv\Lib\site-packages\rest_framework\views.py", line 486, in raise_uncaught_exception
    raise exc
  File "C:\Users\kouek\kouekam\business\conect pin and go delivery\farm business\venv\Lib\site-packages\rest_framework\views.py", line 512, in dispatch
    response = handler(request, *args, **kwargs)
  File "C:\Users\kouek\kouekam\business\conect pin and go delivery\farm business\backend\agri_connect\views.py", line 129, in get
    cart, created = AgriCart.objects.get_or_create(customer=request.user)
                    ~~~~~~~~~~~~~~~~~~~~~~~~~~~~~~^^^^^^^^^^^^^^^^^^^^^^^
  File "C:\Users\kouek\kouekam\business\conect pin and go delivery\farm business\venv\Lib\site-packages\django\db\models\manager.py", line 87, in manager_method
    return getattr(self.get_queryset(), name)(*args, **kwargs)
           ~~~~~~~~~~~~~~~~~~~~~~~~~~~~~~~~~~^^^^^^^^^^^^^^^^^
  File "C:\Users\kouek\kouekam\business\conect pin and go delivery\farm business\venv\Lib\site-packages\django\db\models\query.py", line 946, in get_or_create
    return self.get(**kwargs), False
           ~~~~~~~~^^^^^^^^^^
  File "C:\Users\kouek\kouekam\business\conect pin and go delivery\farm business\venv\Lib\site-packages\cacheops\query.py", line 346, in get
    return qs._no_monkey.get(qs, *args, **kwargs)
           ~~~~~~~~~~~~~~~~~^^^^^^^^^^^^^^^^^^^^^
  File "C:\Users\kouek\kouekam\business\conect pin and go delivery\farm business\venv\Lib\site-packages\django\db\models\query.py", line 629, in get
    num = len(clone)
  File "C:\Users\kouek\kouekam\business\conect pin and go delivery\farm business\venv\Lib\site-packages\django\db\models\query.py", line 366, in __len__
    self._fetch_all()
    ~~~~~~~~~~~~~~~^^
  File "C:\Users\kouek\kouekam\business\conect pin and go delivery\farm business\venv\Lib\site-packages\cacheops\query.py", line 250, in _fetch_all
    return self._no_monkey._fetch_all(self)
           ~~~~~~~~~~~~~~~~~~~~~~~~~~^^^^^^
  File "C:\Users\kouek\kouekam\business\conect pin and go delivery\farm business\venv\Lib\site-packages\django\db\models\query.py", line 1949, in _fetch_all
    self._result_cache = list(self._iterable_class(self))
                         ~~~~^^^^^^^^^^^^^^^^^^^^^^^^^^^^
  File "C:\Users\kouek\kouekam\business\conect pin and go delivery\farm business\venv\Lib\site-packages\django\db\models\query.py", line 91, in __iter__
    results = compiler.execute_sql(
        chunked_fetch=self.chunked_fetch, chunk_size=self.chunk_size
    )
  File "C:\Users\kouek\kouekam\business\conect pin and go delivery\farm business\venv\Lib\site-packages\django\db\models\sql\compiler.py", line 1623, in execute_sql
    cursor.execute(sql, params)
    ~~~~~~~~~~~~~~^^^^^^^^^^^^^
  File "C:\Users\kouek\kouekam\business\conect pin and go delivery\farm business\venv\Lib\site-packages\django\db\backends\utils.py", line 122, in execute
    return super().execute(sql, params)
           ~~~~~~~~~~~~~~~^^^^^^^^^^^^^
  File "C:\Users\kouek\kouekam\business\conect pin and go delivery\farm business\venv\Lib\site-packages\cacheops\transaction.py", line 98, in execute
    result = self._no_monkey.execute(self, sql, params)
  File "C:\Users\kouek\kouekam\business\conect pin and go delivery\farm business\venv\Lib\site-packages\django\db\backends\utils.py", line 79, in execute
    return self._execute_with_wrappers(
           ~~~~~~~~~~~~~~~~~~~~~~~~~~~^
        sql, params, many=False, executor=self._execute
        ^^^^^^^^^^^^^^^^^^^^^^^^^^^^^^^^^^^^^^^^^^^^^^^
    )
    ^
  File "C:\Users\kouek\kouekam\business\conect pin and go delivery\farm business\venv\Lib\site-packages\django\db\backends\utils.py", line 92, in _execute_with_wrappers
    return executor(sql, params, many, context)
  File "C:\Users\kouek\kouekam\business\conect pin and go delivery\farm business\venv\Lib\site-packages\django\db\backends\utils.py", line 100, in _execute
    with self.db.wrap_database_errors:
         ^^^^^^^^^^^^^^^^^^^^^^^^^^^^
  File "C:\Users\kouek\kouekam\business\conect pin and go delivery\farm business\venv\Lib\site-packages\django\db\utils.py", line 91, in __exit__
    raise dj_exc_value.with_traceback(traceback) from exc_value
  File "C:\Users\kouek\kouekam\business\conect pin and go delivery\farm business\venv\Lib\site-packages\django\db\backends\utils.py", line 105, in _execute
    return self.cursor.execute(sql, params)
           ~~~~~~~~~~~~~~~~~~~^^^^^^^^^^^^^
django.db.utils.ProgrammingError: column agri_carts.customer_id does not exist
LINE 1: SELECT "agri_carts"."id", "agri_carts"."customer_id", "agri_...
                                  ^

WARNING 2025-08-11 14:57:26,572 log 19152 10648 Not Found: /api/notifications/
ERROR 2025-08-11 14:57:26,673 log 19152 11792 Internal Server Error: /api/agri-connect/orders/
Traceback (most recent call last):
  File "C:\Users\kouek\kouekam\business\conect pin and go delivery\farm business\venv\Lib\site-packages\django\core\handlers\exception.py", line 55, in inner
    response = get_response(request)
  File "C:\Users\kouek\kouekam\business\conect pin and go delivery\farm business\venv\Lib\site-packages\django\core\handlers\base.py", line 197, in _get_response
    response = wrapped_callback(request, *callback_args, **callback_kwargs)
  File "C:\Users\kouek\kouekam\business\conect pin and go delivery\farm business\venv\Lib\site-packages\django\views\decorators\csrf.py", line 65, in _view_wrapper
    return view_func(request, *args, **kwargs)
  File "C:\Users\kouek\kouekam\business\conect pin and go delivery\farm business\venv\Lib\site-packages\django\views\generic\base.py", line 105, in view
    return self.dispatch(request, *args, **kwargs)
           ~~~~~~~~~~~~~^^^^^^^^^^^^^^^^^^^^^^^^^^
  File "C:\Users\kouek\kouekam\business\conect pin and go delivery\farm business\venv\Lib\site-packages\rest_framework\views.py", line 515, in dispatch
    response = self.handle_exception(exc)
  File "C:\Users\kouek\kouekam\business\conect pin and go delivery\farm business\venv\Lib\site-packages\rest_framework\views.py", line 475, in handle_exception
    self.raise_uncaught_exception(exc)
    ~~~~~~~~~~~~~~~~~~~~~~~~~~~~~^^^^^
  File "C:\Users\kouek\kouekam\business\conect pin and go delivery\farm business\venv\Lib\site-packages\rest_framework\views.py", line 486, in raise_uncaught_exception
    raise exc
  File "C:\Users\kouek\kouekam\business\conect pin and go delivery\farm business\venv\Lib\site-packages\rest_framework\views.py", line 512, in dispatch
    response = handler(request, *args, **kwargs)
  File "C:\Users\kouek\kouekam\business\conect pin and go delivery\farm business\venv\Lib\site-packages\rest_framework\generics.py", line 243, in get
    return self.list(request, *args, **kwargs)
           ~~~~~~~~~^^^^^^^^^^^^^^^^^^^^^^^^^^
  File "C:\Users\kouek\kouekam\business\conect pin and go delivery\farm business\venv\Lib\site-packages\rest_framework\mixins.py", line 40, in list
    page = self.paginate_queryset(queryset)
  File "C:\Users\kouek\kouekam\business\conect pin and go delivery\farm business\venv\Lib\site-packages\rest_framework\generics.py", line 175, in paginate_queryset
    return self.paginator.paginate_queryset(queryset, self.request, view=self)
           ~~~~~~~~~~~~~~~~~~~~~~~~~~~~~~~~^^^^^^^^^^^^^^^^^^^^^^^^^^^^^^^^^^^
  File "C:\Users\kouek\kouekam\business\conect pin and go delivery\farm business\venv\Lib\site-packages\rest_framework\pagination.py", line 222, in paginate_queryset
    return list(self.page)
  File "C:\Users\kouek\kouekam\business\conect pin and go delivery\farm business\venv\Lib\site-packages\django\core\paginator.py", line 191, in __len__
    return len(self.object_list)
  File "C:\Users\kouek\kouekam\business\conect pin and go delivery\farm business\venv\Lib\site-packages\django\db\models\query.py", line 366, in __len__
    self._fetch_all()
    ~~~~~~~~~~~~~~~^^
  File "C:\Users\kouek\kouekam\business\conect pin and go delivery\farm business\venv\Lib\site-packages\cacheops\query.py", line 250, in _fetch_all
    return self._no_monkey._fetch_all(self)
           ~~~~~~~~~~~~~~~~~~~~~~~~~~^^^^^^
  File "C:\Users\kouek\kouekam\business\conect pin and go delivery\farm business\venv\Lib\site-packages\django\db\models\query.py", line 1949, in _fetch_all
    self._result_cache = list(self._iterable_class(self))
                         ~~~~^^^^^^^^^^^^^^^^^^^^^^^^^^^^
  File "C:\Users\kouek\kouekam\business\conect pin and go delivery\farm business\venv\Lib\site-packages\django\db\models\query.py", line 91, in __iter__
    results = compiler.execute_sql(
        chunked_fetch=self.chunked_fetch, chunk_size=self.chunk_size
    )
  File "C:\Users\kouek\kouekam\business\conect pin and go delivery\farm business\venv\Lib\site-packages\django\db\models\sql\compiler.py", line 1610, in execute_sql
    sql, params = self.as_sql()
                  ~~~~~~~~~~~^^
  File "C:\Users\kouek\kouekam\business\conect pin and go delivery\farm business\venv\Lib\site-packages\django\db\models\sql\compiler.py", line 766, in as_sql
    extra_select, order_by, group_by = self.pre_sql_setup(
                                       ~~~~~~~~~~~~~~~~~~^
        with_col_aliases=with_col_aliases or bool(combinator),
        ^^^^^^^^^^^^^^^^^^^^^^^^^^^^^^^^^^^^^^^^^^^^^^^^^^^^^^
    )
    ^
  File "C:\Users\kouek\kouekam\business\conect pin and go delivery\farm business\venv\Lib\site-packages\django\db\models\sql\compiler.py", line 85, in pre_sql_setup
    self.setup_query(with_col_aliases=with_col_aliases)
    ~~~~~~~~~~~~~~~~^^^^^^^^^^^^^^^^^^^^^^^^^^^^^^^^^^^
  File "C:\Users\kouek\kouekam\business\conect pin and go delivery\farm business\venv\Lib\site-packages\django\db\models\sql\compiler.py", line 74, in setup_query
    self.select, self.klass_info, self.annotation_col_map = self.get_select(
                                                            ~~~~~~~~~~~~~~~^
        with_col_aliases=with_col_aliases,
        ^^^^^^^^^^^^^^^^^^^^^^^^^^^^^^^^^^
    )
    ^
  File "C:\Users\kouek\kouekam\business\conect pin and go delivery\farm business\venv\Lib\site-packages\django\db\models\sql\compiler.py", line 299, in get_select
    related_klass_infos = self.get_related_selections(select, select_mask)
  File "C:\Users\kouek\kouekam\business\conect pin and go delivery\farm business\venv\Lib\site-packages\django\db\models\sql\compiler.py", line 1230, in get_related_selections
    raise FieldError(
    ...<6 lines>...
    )
django.core.exceptions.FieldError: Non-relational field given in select_related: 'delivery_address'. Choices are: customer, delivery_agent
ERROR 2025-08-11 14:57:27,737 log 19152 11792 Internal Server Error: /api/agri-connect/cart/
Traceback (most recent call last):
  File "C:\Users\kouek\kouekam\business\conect pin and go delivery\farm business\venv\Lib\site-packages\django\db\backends\utils.py", line 105, in _execute
    return self.cursor.execute(sql, params)
           ~~~~~~~~~~~~~~~~~~~^^^^^^^^^^^^^
psycopg2.errors.UndefinedColumn: column agri_carts.customer_id does not exist
LINE 1: SELECT "agri_carts"."id", "agri_carts"."customer_id", "agri_...
                                  ^


The above exception was the direct cause of the following exception:

Traceback (most recent call last):
  File "C:\Users\kouek\kouekam\business\conect pin and go delivery\farm business\venv\Lib\site-packages\django\core\handlers\exception.py", line 55, in inner
    response = get_response(request)
  File "C:\Users\kouek\kouekam\business\conect pin and go delivery\farm business\venv\Lib\site-packages\django\core\handlers\base.py", line 197, in _get_response
    response = wrapped_callback(request, *callback_args, **callback_kwargs)
  File "C:\Users\kouek\kouekam\business\conect pin and go delivery\farm business\venv\Lib\site-packages\django\views\decorators\csrf.py", line 65, in _view_wrapper
    return view_func(request, *args, **kwargs)
  File "C:\Users\kouek\kouekam\business\conect pin and go delivery\farm business\venv\Lib\site-packages\django\views\generic\base.py", line 105, in view
    return self.dispatch(request, *args, **kwargs)
           ~~~~~~~~~~~~~^^^^^^^^^^^^^^^^^^^^^^^^^^
  File "C:\Users\kouek\kouekam\business\conect pin and go delivery\farm business\venv\Lib\site-packages\rest_framework\views.py", line 515, in dispatch
    response = self.handle_exception(exc)
  File "C:\Users\kouek\kouekam\business\conect pin and go delivery\farm business\venv\Lib\site-packages\rest_framework\views.py", line 475, in handle_exception
    self.raise_uncaught_exception(exc)
    ~~~~~~~~~~~~~~~~~~~~~~~~~~~~~^^^^^
  File "C:\Users\kouek\kouekam\business\conect pin and go delivery\farm business\venv\Lib\site-packages\rest_framework\views.py", line 486, in raise_uncaught_exception
    raise exc
  File "C:\Users\kouek\kouekam\business\conect pin and go delivery\farm business\venv\Lib\site-packages\rest_framework\views.py", line 512, in dispatch
    response = handler(request, *args, **kwargs)
  File "C:\Users\kouek\kouekam\business\conect pin and go delivery\farm business\backend\agri_connect\views.py", line 129, in get
    cart, created = AgriCart.objects.get_or_create(customer=request.user)
                    ~~~~~~~~~~~~~~~~~~~~~~~~~~~~~~^^^^^^^^^^^^^^^^^^^^^^^
  File "C:\Users\kouek\kouekam\business\conect pin and go delivery\farm business\venv\Lib\site-packages\django\db\models\manager.py", line 87, in manager_method
    return getattr(self.get_queryset(), name)(*args, **kwargs)
           ~~~~~~~~~~~~~~~~~~~~~~~~~~~~~~~~~~^^^^^^^^^^^^^^^^^
  File "C:\Users\kouek\kouekam\business\conect pin and go delivery\farm business\venv\Lib\site-packages\django\db\models\query.py", line 946, in get_or_create
    return self.get(**kwargs), False
           ~~~~~~~~^^^^^^^^^^
  File "C:\Users\kouek\kouekam\business\conect pin and go delivery\farm business\venv\Lib\site-packages\cacheops\query.py", line 346, in get
    return qs._no_monkey.get(qs, *args, **kwargs)
           ~~~~~~~~~~~~~~~~~^^^^^^^^^^^^^^^^^^^^^
  File "C:\Users\kouek\kouekam\business\conect pin and go delivery\farm business\venv\Lib\site-packages\django\db\models\query.py", line 629, in get
    num = len(clone)
  File "C:\Users\kouek\kouekam\business\conect pin and go delivery\farm business\venv\Lib\site-packages\django\db\models\query.py", line 366, in __len__
    self._fetch_all()
    ~~~~~~~~~~~~~~~^^
  File "C:\Users\kouek\kouekam\business\conect pin and go delivery\farm business\venv\Lib\site-packages\cacheops\query.py", line 250, in _fetch_all
    return self._no_monkey._fetch_all(self)
           ~~~~~~~~~~~~~~~~~~~~~~~~~~^^^^^^
  File "C:\Users\kouek\kouekam\business\conect pin and go delivery\farm business\venv\Lib\site-packages\django\db\models\query.py", line 1949, in _fetch_all
    self._result_cache = list(self._iterable_class(self))
                         ~~~~^^^^^^^^^^^^^^^^^^^^^^^^^^^^
  File "C:\Users\kouek\kouekam\business\conect pin and go delivery\farm business\venv\Lib\site-packages\django\db\models\query.py", line 91, in __iter__
    results = compiler.execute_sql(
        chunked_fetch=self.chunked_fetch, chunk_size=self.chunk_size
    )
  File "C:\Users\kouek\kouekam\business\conect pin and go delivery\farm business\venv\Lib\site-packages\django\db\models\sql\compiler.py", line 1623, in execute_sql
    cursor.execute(sql, params)
    ~~~~~~~~~~~~~~^^^^^^^^^^^^^
  File "C:\Users\kouek\kouekam\business\conect pin and go delivery\farm business\venv\Lib\site-packages\django\db\backends\utils.py", line 122, in execute
    return super().execute(sql, params)
           ~~~~~~~~~~~~~~~^^^^^^^^^^^^^
  File "C:\Users\kouek\kouekam\business\conect pin and go delivery\farm business\venv\Lib\site-packages\cacheops\transaction.py", line 98, in execute
    result = self._no_monkey.execute(self, sql, params)
  File "C:\Users\kouek\kouekam\business\conect pin and go delivery\farm business\venv\Lib\site-packages\django\db\backends\utils.py", line 79, in execute
    return self._execute_with_wrappers(
           ~~~~~~~~~~~~~~~~~~~~~~~~~~~^
        sql, params, many=False, executor=self._execute
        ^^^^^^^^^^^^^^^^^^^^^^^^^^^^^^^^^^^^^^^^^^^^^^^
    )
    ^
  File "C:\Users\kouek\kouekam\business\conect pin and go delivery\farm business\venv\Lib\site-packages\django\db\backends\utils.py", line 92, in _execute_with_wrappers
    return executor(sql, params, many, context)
  File "C:\Users\kouek\kouekam\business\conect pin and go delivery\farm business\venv\Lib\site-packages\django\db\backends\utils.py", line 100, in _execute
    with self.db.wrap_database_errors:
         ^^^^^^^^^^^^^^^^^^^^^^^^^^^^
  File "C:\Users\kouek\kouekam\business\conect pin and go delivery\farm business\venv\Lib\site-packages\django\db\utils.py", line 91, in __exit__
    raise dj_exc_value.with_traceback(traceback) from exc_value
  File "C:\Users\kouek\kouekam\business\conect pin and go delivery\farm business\venv\Lib\site-packages\django\db\backends\utils.py", line 105, in _execute
    return self.cursor.execute(sql, params)
           ~~~~~~~~~~~~~~~~~~~^^^^^^^^^^^^^
django.db.utils.ProgrammingError: column agri_carts.customer_id does not exist
LINE 1: SELECT "agri_carts"."id", "agri_carts"."customer_id", "agri_...
                                  ^

WARNING 2025-08-11 14:57:27,740 log 19152 23036 Not Found: /api/notifications/
ERROR 2025-08-11 14:57:27,845 log 19152 22216 Internal Server Error: /api/agri-connect/orders/
Traceback (most recent call last):
  File "C:\Users\kouek\kouekam\business\conect pin and go delivery\farm business\venv\Lib\site-packages\django\core\handlers\exception.py", line 55, in inner
    response = get_response(request)
  File "C:\Users\kouek\kouekam\business\conect pin and go delivery\farm business\venv\Lib\site-packages\django\core\handlers\base.py", line 197, in _get_response
    response = wrapped_callback(request, *callback_args, **callback_kwargs)
  File "C:\Users\kouek\kouekam\business\conect pin and go delivery\farm business\venv\Lib\site-packages\django\views\decorators\csrf.py", line 65, in _view_wrapper
    return view_func(request, *args, **kwargs)
  File "C:\Users\kouek\kouekam\business\conect pin and go delivery\farm business\venv\Lib\site-packages\django\views\generic\base.py", line 105, in view
    return self.dispatch(request, *args, **kwargs)
           ~~~~~~~~~~~~~^^^^^^^^^^^^^^^^^^^^^^^^^^
  File "C:\Users\kouek\kouekam\business\conect pin and go delivery\farm business\venv\Lib\site-packages\rest_framework\views.py", line 515, in dispatch
    response = self.handle_exception(exc)
  File "C:\Users\kouek\kouekam\business\conect pin and go delivery\farm business\venv\Lib\site-packages\rest_framework\views.py", line 475, in handle_exception
    self.raise_uncaught_exception(exc)
    ~~~~~~~~~~~~~~~~~~~~~~~~~~~~~^^^^^
  File "C:\Users\kouek\kouekam\business\conect pin and go delivery\farm business\venv\Lib\site-packages\rest_framework\views.py", line 486, in raise_uncaught_exception
    raise exc
  File "C:\Users\kouek\kouekam\business\conect pin and go delivery\farm business\venv\Lib\site-packages\rest_framework\views.py", line 512, in dispatch
    response = handler(request, *args, **kwargs)
  File "C:\Users\kouek\kouekam\business\conect pin and go delivery\farm business\venv\Lib\site-packages\rest_framework\generics.py", line 243, in get
    return self.list(request, *args, **kwargs)
           ~~~~~~~~~^^^^^^^^^^^^^^^^^^^^^^^^^^
  File "C:\Users\kouek\kouekam\business\conect pin and go delivery\farm business\venv\Lib\site-packages\rest_framework\mixins.py", line 40, in list
    page = self.paginate_queryset(queryset)
  File "C:\Users\kouek\kouekam\business\conect pin and go delivery\farm business\venv\Lib\site-packages\rest_framework\generics.py", line 175, in paginate_queryset
    return self.paginator.paginate_queryset(queryset, self.request, view=self)
           ~~~~~~~~~~~~~~~~~~~~~~~~~~~~~~~~^^^^^^^^^^^^^^^^^^^^^^^^^^^^^^^^^^^
  File "C:\Users\kouek\kouekam\business\conect pin and go delivery\farm business\venv\Lib\site-packages\rest_framework\pagination.py", line 222, in paginate_queryset
    return list(self.page)
  File "C:\Users\kouek\kouekam\business\conect pin and go delivery\farm business\venv\Lib\site-packages\django\core\paginator.py", line 191, in __len__
    return len(self.object_list)
  File "C:\Users\kouek\kouekam\business\conect pin and go delivery\farm business\venv\Lib\site-packages\django\db\models\query.py", line 366, in __len__
    self._fetch_all()
    ~~~~~~~~~~~~~~~^^
  File "C:\Users\kouek\kouekam\business\conect pin and go delivery\farm business\venv\Lib\site-packages\cacheops\query.py", line 250, in _fetch_all
    return self._no_monkey._fetch_all(self)
           ~~~~~~~~~~~~~~~~~~~~~~~~~~^^^^^^
  File "C:\Users\kouek\kouekam\business\conect pin and go delivery\farm business\venv\Lib\site-packages\django\db\models\query.py", line 1949, in _fetch_all
    self._result_cache = list(self._iterable_class(self))
                         ~~~~^^^^^^^^^^^^^^^^^^^^^^^^^^^^
  File "C:\Users\kouek\kouekam\business\conect pin and go delivery\farm business\venv\Lib\site-packages\django\db\models\query.py", line 91, in __iter__
    results = compiler.execute_sql(
        chunked_fetch=self.chunked_fetch, chunk_size=self.chunk_size
    )
  File "C:\Users\kouek\kouekam\business\conect pin and go delivery\farm business\venv\Lib\site-packages\django\db\models\sql\compiler.py", line 1610, in execute_sql
    sql, params = self.as_sql()
                  ~~~~~~~~~~~^^
  File "C:\Users\kouek\kouekam\business\conect pin and go delivery\farm business\venv\Lib\site-packages\django\db\models\sql\compiler.py", line 766, in as_sql
    extra_select, order_by, group_by = self.pre_sql_setup(
                                       ~~~~~~~~~~~~~~~~~~^
        with_col_aliases=with_col_aliases or bool(combinator),
        ^^^^^^^^^^^^^^^^^^^^^^^^^^^^^^^^^^^^^^^^^^^^^^^^^^^^^^
    )
    ^
  File "C:\Users\kouek\kouekam\business\conect pin and go delivery\farm business\venv\Lib\site-packages\django\db\models\sql\compiler.py", line 85, in pre_sql_setup
    self.setup_query(with_col_aliases=with_col_aliases)
    ~~~~~~~~~~~~~~~~^^^^^^^^^^^^^^^^^^^^^^^^^^^^^^^^^^^
  File "C:\Users\kouek\kouekam\business\conect pin and go delivery\farm business\venv\Lib\site-packages\django\db\models\sql\compiler.py", line 74, in setup_query
    self.select, self.klass_info, self.annotation_col_map = self.get_select(
                                                            ~~~~~~~~~~~~~~~^
        with_col_aliases=with_col_aliases,
        ^^^^^^^^^^^^^^^^^^^^^^^^^^^^^^^^^^
    )
    ^
  File "C:\Users\kouek\kouekam\business\conect pin and go delivery\farm business\venv\Lib\site-packages\django\db\models\sql\compiler.py", line 299, in get_select
    related_klass_infos = self.get_related_selections(select, select_mask)
  File "C:\Users\kouek\kouekam\business\conect pin and go delivery\farm business\venv\Lib\site-packages\django\db\models\sql\compiler.py", line 1230, in get_related_selections
    raise FieldError(
    ...<6 lines>...
    )
django.core.exceptions.FieldError: Non-relational field given in select_related: 'delivery_address'. Choices are: customer, delivery_agent
ERROR 2025-08-11 14:57:40,045 log 19152 22216 Internal Server Error: /api/agri-connect/cart/
Traceback (most recent call last):
  File "C:\Users\kouek\kouekam\business\conect pin and go delivery\farm business\venv\Lib\site-packages\django\db\backends\utils.py", line 105, in _execute
    return self.cursor.execute(sql, params)
           ~~~~~~~~~~~~~~~~~~~^^^^^^^^^^^^^
psycopg2.errors.UndefinedColumn: column agri_carts.customer_id does not exist
LINE 1: SELECT "agri_carts"."id", "agri_carts"."customer_id", "agri_...
                                  ^


The above exception was the direct cause of the following exception:

Traceback (most recent call last):
  File "C:\Users\kouek\kouekam\business\conect pin and go delivery\farm business\venv\Lib\site-packages\django\core\handlers\exception.py", line 55, in inner
    response = get_response(request)
  File "C:\Users\kouek\kouekam\business\conect pin and go delivery\farm business\venv\Lib\site-packages\django\core\handlers\base.py", line 197, in _get_response
    response = wrapped_callback(request, *callback_args, **callback_kwargs)
  File "C:\Users\kouek\kouekam\business\conect pin and go delivery\farm business\venv\Lib\site-packages\django\views\decorators\csrf.py", line 65, in _view_wrapper
    return view_func(request, *args, **kwargs)
  File "C:\Users\kouek\kouekam\business\conect pin and go delivery\farm business\venv\Lib\site-packages\django\views\generic\base.py", line 105, in view
    return self.dispatch(request, *args, **kwargs)
           ~~~~~~~~~~~~~^^^^^^^^^^^^^^^^^^^^^^^^^^
  File "C:\Users\kouek\kouekam\business\conect pin and go delivery\farm business\venv\Lib\site-packages\rest_framework\views.py", line 515, in dispatch
    response = self.handle_exception(exc)
  File "C:\Users\kouek\kouekam\business\conect pin and go delivery\farm business\venv\Lib\site-packages\rest_framework\views.py", line 475, in handle_exception
    self.raise_uncaught_exception(exc)
    ~~~~~~~~~~~~~~~~~~~~~~~~~~~~~^^^^^
  File "C:\Users\kouek\kouekam\business\conect pin and go delivery\farm business\venv\Lib\site-packages\rest_framework\views.py", line 486, in raise_uncaught_exception
    raise exc
  File "C:\Users\kouek\kouekam\business\conect pin and go delivery\farm business\venv\Lib\site-packages\rest_framework\views.py", line 512, in dispatch
    response = handler(request, *args, **kwargs)
  File "C:\Users\kouek\kouekam\business\conect pin and go delivery\farm business\backend\agri_connect\views.py", line 129, in get
    cart, created = AgriCart.objects.get_or_create(customer=request.user)
                    ~~~~~~~~~~~~~~~~~~~~~~~~~~~~~~^^^^^^^^^^^^^^^^^^^^^^^
  File "C:\Users\kouek\kouekam\business\conect pin and go delivery\farm business\venv\Lib\site-packages\django\db\models\manager.py", line 87, in manager_method
    return getattr(self.get_queryset(), name)(*args, **kwargs)
           ~~~~~~~~~~~~~~~~~~~~~~~~~~~~~~~~~~^^^^^^^^^^^^^^^^^
  File "C:\Users\kouek\kouekam\business\conect pin and go delivery\farm business\venv\Lib\site-packages\django\db\models\query.py", line 946, in get_or_create
    return self.get(**kwargs), False
           ~~~~~~~~^^^^^^^^^^
  File "C:\Users\kouek\kouekam\business\conect pin and go delivery\farm business\venv\Lib\site-packages\cacheops\query.py", line 346, in get
    return qs._no_monkey.get(qs, *args, **kwargs)
           ~~~~~~~~~~~~~~~~~^^^^^^^^^^^^^^^^^^^^^
  File "C:\Users\kouek\kouekam\business\conect pin and go delivery\farm business\venv\Lib\site-packages\django\db\models\query.py", line 629, in get
    num = len(clone)
  File "C:\Users\kouek\kouekam\business\conect pin and go delivery\farm business\venv\Lib\site-packages\django\db\models\query.py", line 366, in __len__
    self._fetch_all()
    ~~~~~~~~~~~~~~~^^
  File "C:\Users\kouek\kouekam\business\conect pin and go delivery\farm business\venv\Lib\site-packages\cacheops\query.py", line 250, in _fetch_all
    return self._no_monkey._fetch_all(self)
           ~~~~~~~~~~~~~~~~~~~~~~~~~~^^^^^^
  File "C:\Users\kouek\kouekam\business\conect pin and go delivery\farm business\venv\Lib\site-packages\django\db\models\query.py", line 1949, in _fetch_all
    self._result_cache = list(self._iterable_class(self))
                         ~~~~^^^^^^^^^^^^^^^^^^^^^^^^^^^^
  File "C:\Users\kouek\kouekam\business\conect pin and go delivery\farm business\venv\Lib\site-packages\django\db\models\query.py", line 91, in __iter__
    results = compiler.execute_sql(
        chunked_fetch=self.chunked_fetch, chunk_size=self.chunk_size
    )
  File "C:\Users\kouek\kouekam\business\conect pin and go delivery\farm business\venv\Lib\site-packages\django\db\models\sql\compiler.py", line 1623, in execute_sql
    cursor.execute(sql, params)
    ~~~~~~~~~~~~~~^^^^^^^^^^^^^
  File "C:\Users\kouek\kouekam\business\conect pin and go delivery\farm business\venv\Lib\site-packages\django\db\backends\utils.py", line 122, in execute
    return super().execute(sql, params)
           ~~~~~~~~~~~~~~~^^^^^^^^^^^^^
  File "C:\Users\kouek\kouekam\business\conect pin and go delivery\farm business\venv\Lib\site-packages\cacheops\transaction.py", line 98, in execute
    result = self._no_monkey.execute(self, sql, params)
  File "C:\Users\kouek\kouekam\business\conect pin and go delivery\farm business\venv\Lib\site-packages\django\db\backends\utils.py", line 79, in execute
    return self._execute_with_wrappers(
           ~~~~~~~~~~~~~~~~~~~~~~~~~~~^
        sql, params, many=False, executor=self._execute
        ^^^^^^^^^^^^^^^^^^^^^^^^^^^^^^^^^^^^^^^^^^^^^^^
    )
    ^
  File "C:\Users\kouek\kouekam\business\conect pin and go delivery\farm business\venv\Lib\site-packages\django\db\backends\utils.py", line 92, in _execute_with_wrappers
    return executor(sql, params, many, context)
  File "C:\Users\kouek\kouekam\business\conect pin and go delivery\farm business\venv\Lib\site-packages\django\db\backends\utils.py", line 100, in _execute
    with self.db.wrap_database_errors:
         ^^^^^^^^^^^^^^^^^^^^^^^^^^^^
  File "C:\Users\kouek\kouekam\business\conect pin and go delivery\farm business\venv\Lib\site-packages\django\db\utils.py", line 91, in __exit__
    raise dj_exc_value.with_traceback(traceback) from exc_value
  File "C:\Users\kouek\kouekam\business\conect pin and go delivery\farm business\venv\Lib\site-packages\django\db\backends\utils.py", line 105, in _execute
    return self.cursor.execute(sql, params)
           ~~~~~~~~~~~~~~~~~~~^^^^^^^^^^^^^
django.db.utils.ProgrammingError: column agri_carts.customer_id does not exist
LINE 1: SELECT "agri_carts"."id", "agri_carts"."customer_id", "agri_...
                                  ^

ERROR 2025-08-11 14:58:00,398 log 19152 24712 Internal Server Error: /api/agri-connect/cart/
Traceback (most recent call last):
  File "C:\Users\kouek\kouekam\business\conect pin and go delivery\farm business\venv\Lib\site-packages\django\db\backends\utils.py", line 105, in _execute
    return self.cursor.execute(sql, params)
           ~~~~~~~~~~~~~~~~~~~^^^^^^^^^^^^^
psycopg2.errors.UndefinedColumn: column agri_carts.customer_id does not exist
LINE 1: SELECT "agri_carts"."id", "agri_carts"."customer_id", "agri_...
                                  ^


The above exception was the direct cause of the following exception:

Traceback (most recent call last):
  File "C:\Users\kouek\kouekam\business\conect pin and go delivery\farm business\venv\Lib\site-packages\django\core\handlers\exception.py", line 55, in inner
    response = get_response(request)
  File "C:\Users\kouek\kouekam\business\conect pin and go delivery\farm business\venv\Lib\site-packages\django\core\handlers\base.py", line 197, in _get_response
    response = wrapped_callback(request, *callback_args, **callback_kwargs)
  File "C:\Users\kouek\kouekam\business\conect pin and go delivery\farm business\venv\Lib\site-packages\django\views\decorators\csrf.py", line 65, in _view_wrapper
    return view_func(request, *args, **kwargs)
  File "C:\Users\kouek\kouekam\business\conect pin and go delivery\farm business\venv\Lib\site-packages\django\views\generic\base.py", line 105, in view
    return self.dispatch(request, *args, **kwargs)
           ~~~~~~~~~~~~~^^^^^^^^^^^^^^^^^^^^^^^^^^
  File "C:\Users\kouek\kouekam\business\conect pin and go delivery\farm business\venv\Lib\site-packages\rest_framework\views.py", line 515, in dispatch
    response = self.handle_exception(exc)
  File "C:\Users\kouek\kouekam\business\conect pin and go delivery\farm business\venv\Lib\site-packages\rest_framework\views.py", line 475, in handle_exception
    self.raise_uncaught_exception(exc)
    ~~~~~~~~~~~~~~~~~~~~~~~~~~~~~^^^^^
  File "C:\Users\kouek\kouekam\business\conect pin and go delivery\farm business\venv\Lib\site-packages\rest_framework\views.py", line 486, in raise_uncaught_exception
    raise exc
  File "C:\Users\kouek\kouekam\business\conect pin and go delivery\farm business\venv\Lib\site-packages\rest_framework\views.py", line 512, in dispatch
    response = handler(request, *args, **kwargs)
  File "C:\Users\kouek\kouekam\business\conect pin and go delivery\farm business\backend\agri_connect\views.py", line 129, in get
    cart, created = AgriCart.objects.get_or_create(customer=request.user)
                    ~~~~~~~~~~~~~~~~~~~~~~~~~~~~~~^^^^^^^^^^^^^^^^^^^^^^^
  File "C:\Users\kouek\kouekam\business\conect pin and go delivery\farm business\venv\Lib\site-packages\django\db\models\manager.py", line 87, in manager_method
    return getattr(self.get_queryset(), name)(*args, **kwargs)
           ~~~~~~~~~~~~~~~~~~~~~~~~~~~~~~~~~~^^^^^^^^^^^^^^^^^
  File "C:\Users\kouek\kouekam\business\conect pin and go delivery\farm business\venv\Lib\site-packages\django\db\models\query.py", line 946, in get_or_create
    return self.get(**kwargs), False
           ~~~~~~~~^^^^^^^^^^
  File "C:\Users\kouek\kouekam\business\conect pin and go delivery\farm business\venv\Lib\site-packages\cacheops\query.py", line 346, in get
    return qs._no_monkey.get(qs, *args, **kwargs)
           ~~~~~~~~~~~~~~~~~^^^^^^^^^^^^^^^^^^^^^
  File "C:\Users\kouek\kouekam\business\conect pin and go delivery\farm business\venv\Lib\site-packages\django\db\models\query.py", line 629, in get
    num = len(clone)
  File "C:\Users\kouek\kouekam\business\conect pin and go delivery\farm business\venv\Lib\site-packages\django\db\models\query.py", line 366, in __len__
    self._fetch_all()
    ~~~~~~~~~~~~~~~^^
  File "C:\Users\kouek\kouekam\business\conect pin and go delivery\farm business\venv\Lib\site-packages\cacheops\query.py", line 250, in _fetch_all
    return self._no_monkey._fetch_all(self)
           ~~~~~~~~~~~~~~~~~~~~~~~~~~^^^^^^
  File "C:\Users\kouek\kouekam\business\conect pin and go delivery\farm business\venv\Lib\site-packages\django\db\models\query.py", line 1949, in _fetch_all
    self._result_cache = list(self._iterable_class(self))
                         ~~~~^^^^^^^^^^^^^^^^^^^^^^^^^^^^
  File "C:\Users\kouek\kouekam\business\conect pin and go delivery\farm business\venv\Lib\site-packages\django\db\models\query.py", line 91, in __iter__
    results = compiler.execute_sql(
        chunked_fetch=self.chunked_fetch, chunk_size=self.chunk_size
    )
  File "C:\Users\kouek\kouekam\business\conect pin and go delivery\farm business\venv\Lib\site-packages\django\db\models\sql\compiler.py", line 1623, in execute_sql
    cursor.execute(sql, params)
    ~~~~~~~~~~~~~~^^^^^^^^^^^^^
  File "C:\Users\kouek\kouekam\business\conect pin and go delivery\farm business\venv\Lib\site-packages\django\db\backends\utils.py", line 122, in execute
    return super().execute(sql, params)
           ~~~~~~~~~~~~~~~^^^^^^^^^^^^^
  File "C:\Users\kouek\kouekam\business\conect pin and go delivery\farm business\venv\Lib\site-packages\cacheops\transaction.py", line 98, in execute
    result = self._no_monkey.execute(self, sql, params)
  File "C:\Users\kouek\kouekam\business\conect pin and go delivery\farm business\venv\Lib\site-packages\django\db\backends\utils.py", line 79, in execute
    return self._execute_with_wrappers(
           ~~~~~~~~~~~~~~~~~~~~~~~~~~~^
        sql, params, many=False, executor=self._execute
        ^^^^^^^^^^^^^^^^^^^^^^^^^^^^^^^^^^^^^^^^^^^^^^^
    )
    ^
  File "C:\Users\kouek\kouekam\business\conect pin and go delivery\farm business\venv\Lib\site-packages\django\db\backends\utils.py", line 92, in _execute_with_wrappers
    return executor(sql, params, many, context)
  File "C:\Users\kouek\kouekam\business\conect pin and go delivery\farm business\venv\Lib\site-packages\django\db\backends\utils.py", line 100, in _execute
    with self.db.wrap_database_errors:
         ^^^^^^^^^^^^^^^^^^^^^^^^^^^^
  File "C:\Users\kouek\kouekam\business\conect pin and go delivery\farm business\venv\Lib\site-packages\django\db\utils.py", line 91, in __exit__
    raise dj_exc_value.with_traceback(traceback) from exc_value
  File "C:\Users\kouek\kouekam\business\conect pin and go delivery\farm business\venv\Lib\site-packages\django\db\backends\utils.py", line 105, in _execute
    return self.cursor.execute(sql, params)
           ~~~~~~~~~~~~~~~~~~~^^^^^^^^^^^^^
django.db.utils.ProgrammingError: column agri_carts.customer_id does not exist
LINE 1: SELECT "agri_carts"."id", "agri_carts"."customer_id", "agri_...
                                  ^

ERROR 2025-08-11 14:59:15,588 log 19152 24712 Internal Server Error: /api/agri-connect/cart/
Traceback (most recent call last):
  File "C:\Users\kouek\kouekam\business\conect pin and go delivery\farm business\venv\Lib\site-packages\django\db\backends\utils.py", line 105, in _execute
    return self.cursor.execute(sql, params)
           ~~~~~~~~~~~~~~~~~~~^^^^^^^^^^^^^
psycopg2.errors.UndefinedColumn: column agri_carts.customer_id does not exist
LINE 1: SELECT "agri_carts"."id", "agri_carts"."customer_id", "agri_...
                                  ^


The above exception was the direct cause of the following exception:

Traceback (most recent call last):
  File "C:\Users\kouek\kouekam\business\conect pin and go delivery\farm business\venv\Lib\site-packages\django\core\handlers\exception.py", line 55, in inner
    response = get_response(request)
  File "C:\Users\kouek\kouekam\business\conect pin and go delivery\farm business\venv\Lib\site-packages\django\core\handlers\base.py", line 197, in _get_response
    response = wrapped_callback(request, *callback_args, **callback_kwargs)
  File "C:\Users\kouek\kouekam\business\conect pin and go delivery\farm business\venv\Lib\site-packages\django\views\decorators\csrf.py", line 65, in _view_wrapper
    return view_func(request, *args, **kwargs)
  File "C:\Users\kouek\kouekam\business\conect pin and go delivery\farm business\venv\Lib\site-packages\django\views\generic\base.py", line 105, in view
    return self.dispatch(request, *args, **kwargs)
           ~~~~~~~~~~~~~^^^^^^^^^^^^^^^^^^^^^^^^^^
  File "C:\Users\kouek\kouekam\business\conect pin and go delivery\farm business\venv\Lib\site-packages\rest_framework\views.py", line 515, in dispatch
    response = self.handle_exception(exc)
  File "C:\Users\kouek\kouekam\business\conect pin and go delivery\farm business\venv\Lib\site-packages\rest_framework\views.py", line 475, in handle_exception
    self.raise_uncaught_exception(exc)
    ~~~~~~~~~~~~~~~~~~~~~~~~~~~~~^^^^^
  File "C:\Users\kouek\kouekam\business\conect pin and go delivery\farm business\venv\Lib\site-packages\rest_framework\views.py", line 486, in raise_uncaught_exception
    raise exc
  File "C:\Users\kouek\kouekam\business\conect pin and go delivery\farm business\venv\Lib\site-packages\rest_framework\views.py", line 512, in dispatch
    response = handler(request, *args, **kwargs)
  File "C:\Users\kouek\kouekam\business\conect pin and go delivery\farm business\backend\agri_connect\views.py", line 129, in get
    cart, created = AgriCart.objects.get_or_create(customer=request.user)
                    ~~~~~~~~~~~~~~~~~~~~~~~~~~~~~~^^^^^^^^^^^^^^^^^^^^^^^
  File "C:\Users\kouek\kouekam\business\conect pin and go delivery\farm business\venv\Lib\site-packages\django\db\models\manager.py", line 87, in manager_method
    return getattr(self.get_queryset(), name)(*args, **kwargs)
           ~~~~~~~~~~~~~~~~~~~~~~~~~~~~~~~~~~^^^^^^^^^^^^^^^^^
  File "C:\Users\kouek\kouekam\business\conect pin and go delivery\farm business\venv\Lib\site-packages\django\db\models\query.py", line 946, in get_or_create
    return self.get(**kwargs), False
           ~~~~~~~~^^^^^^^^^^
  File "C:\Users\kouek\kouekam\business\conect pin and go delivery\farm business\venv\Lib\site-packages\cacheops\query.py", line 346, in get
    return qs._no_monkey.get(qs, *args, **kwargs)
           ~~~~~~~~~~~~~~~~~^^^^^^^^^^^^^^^^^^^^^
  File "C:\Users\kouek\kouekam\business\conect pin and go delivery\farm business\venv\Lib\site-packages\django\db\models\query.py", line 629, in get
    num = len(clone)
  File "C:\Users\kouek\kouekam\business\conect pin and go delivery\farm business\venv\Lib\site-packages\django\db\models\query.py", line 366, in __len__
    self._fetch_all()
    ~~~~~~~~~~~~~~~^^
  File "C:\Users\kouek\kouekam\business\conect pin and go delivery\farm business\venv\Lib\site-packages\cacheops\query.py", line 250, in _fetch_all
    return self._no_monkey._fetch_all(self)
           ~~~~~~~~~~~~~~~~~~~~~~~~~~^^^^^^
  File "C:\Users\kouek\kouekam\business\conect pin and go delivery\farm business\venv\Lib\site-packages\django\db\models\query.py", line 1949, in _fetch_all
    self._result_cache = list(self._iterable_class(self))
                         ~~~~^^^^^^^^^^^^^^^^^^^^^^^^^^^^
  File "C:\Users\kouek\kouekam\business\conect pin and go delivery\farm business\venv\Lib\site-packages\django\db\models\query.py", line 91, in __iter__
    results = compiler.execute_sql(
        chunked_fetch=self.chunked_fetch, chunk_size=self.chunk_size
    )
  File "C:\Users\kouek\kouekam\business\conect pin and go delivery\farm business\venv\Lib\site-packages\django\db\models\sql\compiler.py", line 1623, in execute_sql
    cursor.execute(sql, params)
    ~~~~~~~~~~~~~~^^^^^^^^^^^^^
  File "C:\Users\kouek\kouekam\business\conect pin and go delivery\farm business\venv\Lib\site-packages\django\db\backends\utils.py", line 122, in execute
    return super().execute(sql, params)
           ~~~~~~~~~~~~~~~^^^^^^^^^^^^^
  File "C:\Users\kouek\kouekam\business\conect pin and go delivery\farm business\venv\Lib\site-packages\cacheops\transaction.py", line 98, in execute
    result = self._no_monkey.execute(self, sql, params)
  File "C:\Users\kouek\kouekam\business\conect pin and go delivery\farm business\venv\Lib\site-packages\django\db\backends\utils.py", line 79, in execute
    return self._execute_with_wrappers(
           ~~~~~~~~~~~~~~~~~~~~~~~~~~~^
        sql, params, many=False, executor=self._execute
        ^^^^^^^^^^^^^^^^^^^^^^^^^^^^^^^^^^^^^^^^^^^^^^^
    )
    ^
  File "C:\Users\kouek\kouekam\business\conect pin and go delivery\farm business\venv\Lib\site-packages\django\db\backends\utils.py", line 92, in _execute_with_wrappers
    return executor(sql, params, many, context)
  File "C:\Users\kouek\kouekam\business\conect pin and go delivery\farm business\venv\Lib\site-packages\django\db\backends\utils.py", line 100, in _execute
    with self.db.wrap_database_errors:
         ^^^^^^^^^^^^^^^^^^^^^^^^^^^^
  File "C:\Users\kouek\kouekam\business\conect pin and go delivery\farm business\venv\Lib\site-packages\django\db\utils.py", line 91, in __exit__
    raise dj_exc_value.with_traceback(traceback) from exc_value
  File "C:\Users\kouek\kouekam\business\conect pin and go delivery\farm business\venv\Lib\site-packages\django\db\backends\utils.py", line 105, in _execute
    return self.cursor.execute(sql, params)
           ~~~~~~~~~~~~~~~~~~~^^^^^^^^^^^^^
django.db.utils.ProgrammingError: column agri_carts.customer_id does not exist
LINE 1: SELECT "agri_carts"."id", "agri_carts"."customer_id", "agri_...
                                  ^

WARNING 2025-08-11 14:59:15,753 log 19152 24712 Not Found: /api/notifications/
ERROR 2025-08-11 14:59:15,885 log 19152 21152 Internal Server Error: /api/agri-connect/orders/
Traceback (most recent call last):
  File "C:\Users\kouek\kouekam\business\conect pin and go delivery\farm business\venv\Lib\site-packages\django\core\handlers\exception.py", line 55, in inner
    response = get_response(request)
  File "C:\Users\kouek\kouekam\business\conect pin and go delivery\farm business\venv\Lib\site-packages\django\core\handlers\base.py", line 197, in _get_response
    response = wrapped_callback(request, *callback_args, **callback_kwargs)
  File "C:\Users\kouek\kouekam\business\conect pin and go delivery\farm business\venv\Lib\site-packages\django\views\decorators\csrf.py", line 65, in _view_wrapper
    return view_func(request, *args, **kwargs)
  File "C:\Users\kouek\kouekam\business\conect pin and go delivery\farm business\venv\Lib\site-packages\django\views\generic\base.py", line 105, in view
    return self.dispatch(request, *args, **kwargs)
           ~~~~~~~~~~~~~^^^^^^^^^^^^^^^^^^^^^^^^^^
  File "C:\Users\kouek\kouekam\business\conect pin and go delivery\farm business\venv\Lib\site-packages\rest_framework\views.py", line 515, in dispatch
    response = self.handle_exception(exc)
  File "C:\Users\kouek\kouekam\business\conect pin and go delivery\farm business\venv\Lib\site-packages\rest_framework\views.py", line 475, in handle_exception
    self.raise_uncaught_exception(exc)
    ~~~~~~~~~~~~~~~~~~~~~~~~~~~~~^^^^^
  File "C:\Users\kouek\kouekam\business\conect pin and go delivery\farm business\venv\Lib\site-packages\rest_framework\views.py", line 486, in raise_uncaught_exception
    raise exc
  File "C:\Users\kouek\kouekam\business\conect pin and go delivery\farm business\venv\Lib\site-packages\rest_framework\views.py", line 512, in dispatch
    response = handler(request, *args, **kwargs)
  File "C:\Users\kouek\kouekam\business\conect pin and go delivery\farm business\venv\Lib\site-packages\rest_framework\generics.py", line 243, in get
    return self.list(request, *args, **kwargs)
           ~~~~~~~~~^^^^^^^^^^^^^^^^^^^^^^^^^^
  File "C:\Users\kouek\kouekam\business\conect pin and go delivery\farm business\venv\Lib\site-packages\rest_framework\mixins.py", line 40, in list
    page = self.paginate_queryset(queryset)
  File "C:\Users\kouek\kouekam\business\conect pin and go delivery\farm business\venv\Lib\site-packages\rest_framework\generics.py", line 175, in paginate_queryset
    return self.paginator.paginate_queryset(queryset, self.request, view=self)
           ~~~~~~~~~~~~~~~~~~~~~~~~~~~~~~~~^^^^^^^^^^^^^^^^^^^^^^^^^^^^^^^^^^^
  File "C:\Users\kouek\kouekam\business\conect pin and go delivery\farm business\venv\Lib\site-packages\rest_framework\pagination.py", line 222, in paginate_queryset
    return list(self.page)
  File "C:\Users\kouek\kouekam\business\conect pin and go delivery\farm business\venv\Lib\site-packages\django\core\paginator.py", line 191, in __len__
    return len(self.object_list)
  File "C:\Users\kouek\kouekam\business\conect pin and go delivery\farm business\venv\Lib\site-packages\django\db\models\query.py", line 366, in __len__
    self._fetch_all()
    ~~~~~~~~~~~~~~~^^
  File "C:\Users\kouek\kouekam\business\conect pin and go delivery\farm business\venv\Lib\site-packages\cacheops\query.py", line 250, in _fetch_all
    return self._no_monkey._fetch_all(self)
           ~~~~~~~~~~~~~~~~~~~~~~~~~~^^^^^^
  File "C:\Users\kouek\kouekam\business\conect pin and go delivery\farm business\venv\Lib\site-packages\django\db\models\query.py", line 1949, in _fetch_all
    self._result_cache = list(self._iterable_class(self))
                         ~~~~^^^^^^^^^^^^^^^^^^^^^^^^^^^^
  File "C:\Users\kouek\kouekam\business\conect pin and go delivery\farm business\venv\Lib\site-packages\django\db\models\query.py", line 91, in __iter__
    results = compiler.execute_sql(
        chunked_fetch=self.chunked_fetch, chunk_size=self.chunk_size
    )
  File "C:\Users\kouek\kouekam\business\conect pin and go delivery\farm business\venv\Lib\site-packages\django\db\models\sql\compiler.py", line 1610, in execute_sql
    sql, params = self.as_sql()
                  ~~~~~~~~~~~^^
  File "C:\Users\kouek\kouekam\business\conect pin and go delivery\farm business\venv\Lib\site-packages\django\db\models\sql\compiler.py", line 766, in as_sql
    extra_select, order_by, group_by = self.pre_sql_setup(
                                       ~~~~~~~~~~~~~~~~~~^
        with_col_aliases=with_col_aliases or bool(combinator),
        ^^^^^^^^^^^^^^^^^^^^^^^^^^^^^^^^^^^^^^^^^^^^^^^^^^^^^^
    )
    ^
  File "C:\Users\kouek\kouekam\business\conect pin and go delivery\farm business\venv\Lib\site-packages\django\db\models\sql\compiler.py", line 85, in pre_sql_setup
    self.setup_query(with_col_aliases=with_col_aliases)
    ~~~~~~~~~~~~~~~~^^^^^^^^^^^^^^^^^^^^^^^^^^^^^^^^^^^
  File "C:\Users\kouek\kouekam\business\conect pin and go delivery\farm business\venv\Lib\site-packages\django\db\models\sql\compiler.py", line 74, in setup_query
    self.select, self.klass_info, self.annotation_col_map = self.get_select(
                                                            ~~~~~~~~~~~~~~~^
        with_col_aliases=with_col_aliases,
        ^^^^^^^^^^^^^^^^^^^^^^^^^^^^^^^^^^
    )
    ^
  File "C:\Users\kouek\kouekam\business\conect pin and go delivery\farm business\venv\Lib\site-packages\django\db\models\sql\compiler.py", line 299, in get_select
    related_klass_infos = self.get_related_selections(select, select_mask)
  File "C:\Users\kouek\kouekam\business\conect pin and go delivery\farm business\venv\Lib\site-packages\django\db\models\sql\compiler.py", line 1230, in get_related_selections
    raise FieldError(
    ...<6 lines>...
    )
django.core.exceptions.FieldError: Non-relational field given in select_related: 'delivery_address'. Choices are: customer, delivery_agent
INFO 2025-08-11 14:59:25,553 autoreload 19152 25480 C:\Users\kouek\kouekam\business\conect pin and go delivery\farm business\backend\agri_connect\views.py changed, reloading.
INFO 2025-08-11 14:59:27,634 autoreload 26332 22444 Watching for file changes with StatReloader
WARNING 2025-08-11 14:59:28,266 log 26332 20456 Not Found: /api/notifications/
ERROR 2025-08-11 14:59:28,283 log 26332 12844 Internal Server Error: /api/agri-connect/cart/
Traceback (most recent call last):
  File "C:\Users\kouek\kouekam\business\conect pin and go delivery\farm business\venv\Lib\site-packages\django\db\backends\utils.py", line 105, in _execute
    return self.cursor.execute(sql, params)
           ~~~~~~~~~~~~~~~~~~~^^^^^^^^^^^^^
psycopg2.errors.UndefinedColumn: column agri_carts.customer_id does not exist
LINE 1: SELECT "agri_carts"."id", "agri_carts"."customer_id", "agri_...
                                  ^


The above exception was the direct cause of the following exception:

Traceback (most recent call last):
  File "C:\Users\kouek\kouekam\business\conect pin and go delivery\farm business\venv\Lib\site-packages\django\core\handlers\exception.py", line 55, in inner
    response = get_response(request)
  File "C:\Users\kouek\kouekam\business\conect pin and go delivery\farm business\venv\Lib\site-packages\django\core\handlers\base.py", line 197, in _get_response
    response = wrapped_callback(request, *callback_args, **callback_kwargs)
  File "C:\Users\kouek\kouekam\business\conect pin and go delivery\farm business\venv\Lib\site-packages\django\views\decorators\csrf.py", line 65, in _view_wrapper
    return view_func(request, *args, **kwargs)
  File "C:\Users\kouek\kouekam\business\conect pin and go delivery\farm business\venv\Lib\site-packages\django\views\generic\base.py", line 105, in view
    return self.dispatch(request, *args, **kwargs)
           ~~~~~~~~~~~~~^^^^^^^^^^^^^^^^^^^^^^^^^^
  File "C:\Users\kouek\kouekam\business\conect pin and go delivery\farm business\venv\Lib\site-packages\rest_framework\views.py", line 515, in dispatch
    response = self.handle_exception(exc)
  File "C:\Users\kouek\kouekam\business\conect pin and go delivery\farm business\venv\Lib\site-packages\rest_framework\views.py", line 475, in handle_exception
    self.raise_uncaught_exception(exc)
    ~~~~~~~~~~~~~~~~~~~~~~~~~~~~~^^^^^
  File "C:\Users\kouek\kouekam\business\conect pin and go delivery\farm business\venv\Lib\site-packages\rest_framework\views.py", line 486, in raise_uncaught_exception
    raise exc
  File "C:\Users\kouek\kouekam\business\conect pin and go delivery\farm business\venv\Lib\site-packages\rest_framework\views.py", line 512, in dispatch
    response = handler(request, *args, **kwargs)
  File "C:\Users\kouek\kouekam\business\conect pin and go delivery\farm business\backend\agri_connect\views.py", line 129, in get
    cart, created = AgriCart.objects.get_or_create(customer=request.user)
                    ~~~~~~~~~~~~~~~~~~~~~~~~~~~~~~^^^^^^^^^^^^^^^^^^^^^^^
  File "C:\Users\kouek\kouekam\business\conect pin and go delivery\farm business\venv\Lib\site-packages\django\db\models\manager.py", line 87, in manager_method
    return getattr(self.get_queryset(), name)(*args, **kwargs)
           ~~~~~~~~~~~~~~~~~~~~~~~~~~~~~~~~~~^^^^^^^^^^^^^^^^^
  File "C:\Users\kouek\kouekam\business\conect pin and go delivery\farm business\venv\Lib\site-packages\django\db\models\query.py", line 946, in get_or_create
    return self.get(**kwargs), False
           ~~~~~~~~^^^^^^^^^^
  File "C:\Users\kouek\kouekam\business\conect pin and go delivery\farm business\venv\Lib\site-packages\cacheops\query.py", line 346, in get
    return qs._no_monkey.get(qs, *args, **kwargs)
           ~~~~~~~~~~~~~~~~~^^^^^^^^^^^^^^^^^^^^^
  File "C:\Users\kouek\kouekam\business\conect pin and go delivery\farm business\venv\Lib\site-packages\django\db\models\query.py", line 629, in get
    num = len(clone)
  File "C:\Users\kouek\kouekam\business\conect pin and go delivery\farm business\venv\Lib\site-packages\django\db\models\query.py", line 366, in __len__
    self._fetch_all()
    ~~~~~~~~~~~~~~~^^
  File "C:\Users\kouek\kouekam\business\conect pin and go delivery\farm business\venv\Lib\site-packages\cacheops\query.py", line 250, in _fetch_all
    return self._no_monkey._fetch_all(self)
           ~~~~~~~~~~~~~~~~~~~~~~~~~~^^^^^^
  File "C:\Users\kouek\kouekam\business\conect pin and go delivery\farm business\venv\Lib\site-packages\django\db\models\query.py", line 1949, in _fetch_all
    self._result_cache = list(self._iterable_class(self))
                         ~~~~^^^^^^^^^^^^^^^^^^^^^^^^^^^^
  File "C:\Users\kouek\kouekam\business\conect pin and go delivery\farm business\venv\Lib\site-packages\django\db\models\query.py", line 91, in __iter__
    results = compiler.execute_sql(
        chunked_fetch=self.chunked_fetch, chunk_size=self.chunk_size
    )
  File "C:\Users\kouek\kouekam\business\conect pin and go delivery\farm business\venv\Lib\site-packages\django\db\models\sql\compiler.py", line 1623, in execute_sql
    cursor.execute(sql, params)
    ~~~~~~~~~~~~~~^^^^^^^^^^^^^
  File "C:\Users\kouek\kouekam\business\conect pin and go delivery\farm business\venv\Lib\site-packages\django\db\backends\utils.py", line 122, in execute
    return super().execute(sql, params)
           ~~~~~~~~~~~~~~~^^^^^^^^^^^^^
  File "C:\Users\kouek\kouekam\business\conect pin and go delivery\farm business\venv\Lib\site-packages\cacheops\transaction.py", line 98, in execute
    result = self._no_monkey.execute(self, sql, params)
  File "C:\Users\kouek\kouekam\business\conect pin and go delivery\farm business\venv\Lib\site-packages\django\db\backends\utils.py", line 79, in execute
    return self._execute_with_wrappers(
           ~~~~~~~~~~~~~~~~~~~~~~~~~~~^
        sql, params, many=False, executor=self._execute
        ^^^^^^^^^^^^^^^^^^^^^^^^^^^^^^^^^^^^^^^^^^^^^^^
    )
    ^
  File "C:\Users\kouek\kouekam\business\conect pin and go delivery\farm business\venv\Lib\site-packages\django\db\backends\utils.py", line 92, in _execute_with_wrappers
    return executor(sql, params, many, context)
  File "C:\Users\kouek\kouekam\business\conect pin and go delivery\farm business\venv\Lib\site-packages\django\db\backends\utils.py", line 100, in _execute
    with self.db.wrap_database_errors:
         ^^^^^^^^^^^^^^^^^^^^^^^^^^^^
  File "C:\Users\kouek\kouekam\business\conect pin and go delivery\farm business\venv\Lib\site-packages\django\db\utils.py", line 91, in __exit__
    raise dj_exc_value.with_traceback(traceback) from exc_value
  File "C:\Users\kouek\kouekam\business\conect pin and go delivery\farm business\venv\Lib\site-packages\django\db\backends\utils.py", line 105, in _execute
    return self.cursor.execute(sql, params)
           ~~~~~~~~~~~~~~~~~~~^^^^^^^^^^^^^
django.db.utils.ProgrammingError: column agri_carts.customer_id does not exist
LINE 1: SELECT "agri_carts"."id", "agri_carts"."customer_id", "agri_...
                                  ^

ERROR 2025-08-11 14:59:28,368 log 26332 20456 Internal Server Error: /api/agri-connect/orders/
Traceback (most recent call last):
  File "C:\Users\kouek\kouekam\business\conect pin and go delivery\farm business\venv\Lib\site-packages\django\core\handlers\exception.py", line 55, in inner
    response = get_response(request)
  File "C:\Users\kouek\kouekam\business\conect pin and go delivery\farm business\venv\Lib\site-packages\django\core\handlers\base.py", line 197, in _get_response
    response = wrapped_callback(request, *callback_args, **callback_kwargs)
  File "C:\Users\kouek\kouekam\business\conect pin and go delivery\farm business\venv\Lib\site-packages\django\views\decorators\csrf.py", line 65, in _view_wrapper
    return view_func(request, *args, **kwargs)
  File "C:\Users\kouek\kouekam\business\conect pin and go delivery\farm business\venv\Lib\site-packages\django\views\generic\base.py", line 105, in view
    return self.dispatch(request, *args, **kwargs)
           ~~~~~~~~~~~~~^^^^^^^^^^^^^^^^^^^^^^^^^^
  File "C:\Users\kouek\kouekam\business\conect pin and go delivery\farm business\venv\Lib\site-packages\rest_framework\views.py", line 515, in dispatch
    response = self.handle_exception(exc)
  File "C:\Users\kouek\kouekam\business\conect pin and go delivery\farm business\venv\Lib\site-packages\rest_framework\views.py", line 475, in handle_exception
    self.raise_uncaught_exception(exc)
    ~~~~~~~~~~~~~~~~~~~~~~~~~~~~~^^^^^
  File "C:\Users\kouek\kouekam\business\conect pin and go delivery\farm business\venv\Lib\site-packages\rest_framework\views.py", line 486, in raise_uncaught_exception
    raise exc
  File "C:\Users\kouek\kouekam\business\conect pin and go delivery\farm business\venv\Lib\site-packages\rest_framework\views.py", line 512, in dispatch
    response = handler(request, *args, **kwargs)
  File "C:\Users\kouek\kouekam\business\conect pin and go delivery\farm business\venv\Lib\site-packages\rest_framework\generics.py", line 243, in get
    return self.list(request, *args, **kwargs)
           ~~~~~~~~~^^^^^^^^^^^^^^^^^^^^^^^^^^
  File "C:\Users\kouek\kouekam\business\conect pin and go delivery\farm business\venv\Lib\site-packages\rest_framework\mixins.py", line 40, in list
    page = self.paginate_queryset(queryset)
  File "C:\Users\kouek\kouekam\business\conect pin and go delivery\farm business\venv\Lib\site-packages\rest_framework\generics.py", line 175, in paginate_queryset
    return self.paginator.paginate_queryset(queryset, self.request, view=self)
           ~~~~~~~~~~~~~~~~~~~~~~~~~~~~~~~~^^^^^^^^^^^^^^^^^^^^^^^^^^^^^^^^^^^
  File "C:\Users\kouek\kouekam\business\conect pin and go delivery\farm business\venv\Lib\site-packages\rest_framework\pagination.py", line 222, in paginate_queryset
    return list(self.page)
  File "C:\Users\kouek\kouekam\business\conect pin and go delivery\farm business\venv\Lib\site-packages\django\core\paginator.py", line 191, in __len__
    return len(self.object_list)
  File "C:\Users\kouek\kouekam\business\conect pin and go delivery\farm business\venv\Lib\site-packages\django\db\models\query.py", line 366, in __len__
    self._fetch_all()
    ~~~~~~~~~~~~~~~^^
  File "C:\Users\kouek\kouekam\business\conect pin and go delivery\farm business\venv\Lib\site-packages\cacheops\query.py", line 250, in _fetch_all
    return self._no_monkey._fetch_all(self)
           ~~~~~~~~~~~~~~~~~~~~~~~~~~^^^^^^
  File "C:\Users\kouek\kouekam\business\conect pin and go delivery\farm business\venv\Lib\site-packages\django\db\models\query.py", line 1949, in _fetch_all
    self._result_cache = list(self._iterable_class(self))
                         ~~~~^^^^^^^^^^^^^^^^^^^^^^^^^^^^
  File "C:\Users\kouek\kouekam\business\conect pin and go delivery\farm business\venv\Lib\site-packages\django\db\models\query.py", line 91, in __iter__
    results = compiler.execute_sql(
        chunked_fetch=self.chunked_fetch, chunk_size=self.chunk_size
    )
  File "C:\Users\kouek\kouekam\business\conect pin and go delivery\farm business\venv\Lib\site-packages\django\db\models\sql\compiler.py", line 1610, in execute_sql
    sql, params = self.as_sql()
                  ~~~~~~~~~~~^^
  File "C:\Users\kouek\kouekam\business\conect pin and go delivery\farm business\venv\Lib\site-packages\django\db\models\sql\compiler.py", line 766, in as_sql
    extra_select, order_by, group_by = self.pre_sql_setup(
                                       ~~~~~~~~~~~~~~~~~~^
        with_col_aliases=with_col_aliases or bool(combinator),
        ^^^^^^^^^^^^^^^^^^^^^^^^^^^^^^^^^^^^^^^^^^^^^^^^^^^^^^
    )
    ^
  File "C:\Users\kouek\kouekam\business\conect pin and go delivery\farm business\venv\Lib\site-packages\django\db\models\sql\compiler.py", line 85, in pre_sql_setup
    self.setup_query(with_col_aliases=with_col_aliases)
    ~~~~~~~~~~~~~~~~^^^^^^^^^^^^^^^^^^^^^^^^^^^^^^^^^^^
  File "C:\Users\kouek\kouekam\business\conect pin and go delivery\farm business\venv\Lib\site-packages\django\db\models\sql\compiler.py", line 74, in setup_query
    self.select, self.klass_info, self.annotation_col_map = self.get_select(
                                                            ~~~~~~~~~~~~~~~^
        with_col_aliases=with_col_aliases,
        ^^^^^^^^^^^^^^^^^^^^^^^^^^^^^^^^^^
    )
    ^
  File "C:\Users\kouek\kouekam\business\conect pin and go delivery\farm business\venv\Lib\site-packages\django\db\models\sql\compiler.py", line 299, in get_select
    related_klass_infos = self.get_related_selections(select, select_mask)
  File "C:\Users\kouek\kouekam\business\conect pin and go delivery\farm business\venv\Lib\site-packages\django\db\models\sql\compiler.py", line 1230, in get_related_selections
    raise FieldError(
    ...<6 lines>...
    )
django.core.exceptions.FieldError: Non-relational field given in select_related: 'delivery_address'. Choices are: customer, delivery_agent
ERROR 2025-08-11 14:59:28,461 log 26332 12844 Internal Server Error: /api/agri-connect/cart/
Traceback (most recent call last):
  File "C:\Users\kouek\kouekam\business\conect pin and go delivery\farm business\venv\Lib\site-packages\django\db\backends\utils.py", line 105, in _execute
    return self.cursor.execute(sql, params)
           ~~~~~~~~~~~~~~~~~~~^^^^^^^^^^^^^
psycopg2.errors.UndefinedColumn: column agri_carts.customer_id does not exist
LINE 1: SELECT "agri_carts"."id", "agri_carts"."customer_id", "agri_...
                                  ^


The above exception was the direct cause of the following exception:

Traceback (most recent call last):
  File "C:\Users\kouek\kouekam\business\conect pin and go delivery\farm business\venv\Lib\site-packages\django\core\handlers\exception.py", line 55, in inner
    response = get_response(request)
  File "C:\Users\kouek\kouekam\business\conect pin and go delivery\farm business\venv\Lib\site-packages\django\core\handlers\base.py", line 197, in _get_response
    response = wrapped_callback(request, *callback_args, **callback_kwargs)
  File "C:\Users\kouek\kouekam\business\conect pin and go delivery\farm business\venv\Lib\site-packages\django\views\decorators\csrf.py", line 65, in _view_wrapper
    return view_func(request, *args, **kwargs)
  File "C:\Users\kouek\kouekam\business\conect pin and go delivery\farm business\venv\Lib\site-packages\django\views\generic\base.py", line 105, in view
    return self.dispatch(request, *args, **kwargs)
           ~~~~~~~~~~~~~^^^^^^^^^^^^^^^^^^^^^^^^^^
  File "C:\Users\kouek\kouekam\business\conect pin and go delivery\farm business\venv\Lib\site-packages\rest_framework\views.py", line 515, in dispatch
    response = self.handle_exception(exc)
  File "C:\Users\kouek\kouekam\business\conect pin and go delivery\farm business\venv\Lib\site-packages\rest_framework\views.py", line 475, in handle_exception
    self.raise_uncaught_exception(exc)
    ~~~~~~~~~~~~~~~~~~~~~~~~~~~~~^^^^^
  File "C:\Users\kouek\kouekam\business\conect pin and go delivery\farm business\venv\Lib\site-packages\rest_framework\views.py", line 486, in raise_uncaught_exception
    raise exc
  File "C:\Users\kouek\kouekam\business\conect pin and go delivery\farm business\venv\Lib\site-packages\rest_framework\views.py", line 512, in dispatch
    response = handler(request, *args, **kwargs)
  File "C:\Users\kouek\kouekam\business\conect pin and go delivery\farm business\backend\agri_connect\views.py", line 129, in get
    cart, created = AgriCart.objects.get_or_create(customer=request.user)
                    ~~~~~~~~~~~~~~~~~~~~~~~~~~~~~~^^^^^^^^^^^^^^^^^^^^^^^
  File "C:\Users\kouek\kouekam\business\conect pin and go delivery\farm business\venv\Lib\site-packages\django\db\models\manager.py", line 87, in manager_method
    return getattr(self.get_queryset(), name)(*args, **kwargs)
           ~~~~~~~~~~~~~~~~~~~~~~~~~~~~~~~~~~^^^^^^^^^^^^^^^^^
  File "C:\Users\kouek\kouekam\business\conect pin and go delivery\farm business\venv\Lib\site-packages\django\db\models\query.py", line 946, in get_or_create
    return self.get(**kwargs), False
           ~~~~~~~~^^^^^^^^^^
  File "C:\Users\kouek\kouekam\business\conect pin and go delivery\farm business\venv\Lib\site-packages\cacheops\query.py", line 346, in get
    return qs._no_monkey.get(qs, *args, **kwargs)
           ~~~~~~~~~~~~~~~~~^^^^^^^^^^^^^^^^^^^^^
  File "C:\Users\kouek\kouekam\business\conect pin and go delivery\farm business\venv\Lib\site-packages\django\db\models\query.py", line 629, in get
    num = len(clone)
  File "C:\Users\kouek\kouekam\business\conect pin and go delivery\farm business\venv\Lib\site-packages\django\db\models\query.py", line 366, in __len__
    self._fetch_all()
    ~~~~~~~~~~~~~~~^^
  File "C:\Users\kouek\kouekam\business\conect pin and go delivery\farm business\venv\Lib\site-packages\cacheops\query.py", line 250, in _fetch_all
    return self._no_monkey._fetch_all(self)
           ~~~~~~~~~~~~~~~~~~~~~~~~~~^^^^^^
  File "C:\Users\kouek\kouekam\business\conect pin and go delivery\farm business\venv\Lib\site-packages\django\db\models\query.py", line 1949, in _fetch_all
    self._result_cache = list(self._iterable_class(self))
                         ~~~~^^^^^^^^^^^^^^^^^^^^^^^^^^^^
  File "C:\Users\kouek\kouekam\business\conect pin and go delivery\farm business\venv\Lib\site-packages\django\db\models\query.py", line 91, in __iter__
    results = compiler.execute_sql(
        chunked_fetch=self.chunked_fetch, chunk_size=self.chunk_size
    )
  File "C:\Users\kouek\kouekam\business\conect pin and go delivery\farm business\venv\Lib\site-packages\django\db\models\sql\compiler.py", line 1623, in execute_sql
    cursor.execute(sql, params)
    ~~~~~~~~~~~~~~^^^^^^^^^^^^^
  File "C:\Users\kouek\kouekam\business\conect pin and go delivery\farm business\venv\Lib\site-packages\django\db\backends\utils.py", line 122, in execute
    return super().execute(sql, params)
           ~~~~~~~~~~~~~~~^^^^^^^^^^^^^
  File "C:\Users\kouek\kouekam\business\conect pin and go delivery\farm business\venv\Lib\site-packages\cacheops\transaction.py", line 98, in execute
    result = self._no_monkey.execute(self, sql, params)
  File "C:\Users\kouek\kouekam\business\conect pin and go delivery\farm business\venv\Lib\site-packages\django\db\backends\utils.py", line 79, in execute
    return self._execute_with_wrappers(
           ~~~~~~~~~~~~~~~~~~~~~~~~~~~^
        sql, params, many=False, executor=self._execute
        ^^^^^^^^^^^^^^^^^^^^^^^^^^^^^^^^^^^^^^^^^^^^^^^
    )
    ^
  File "C:\Users\kouek\kouekam\business\conect pin and go delivery\farm business\venv\Lib\site-packages\django\db\backends\utils.py", line 92, in _execute_with_wrappers
    return executor(sql, params, many, context)
  File "C:\Users\kouek\kouekam\business\conect pin and go delivery\farm business\venv\Lib\site-packages\django\db\backends\utils.py", line 100, in _execute
    with self.db.wrap_database_errors:
         ^^^^^^^^^^^^^^^^^^^^^^^^^^^^
  File "C:\Users\kouek\kouekam\business\conect pin and go delivery\farm business\venv\Lib\site-packages\django\db\utils.py", line 91, in __exit__
    raise dj_exc_value.with_traceback(traceback) from exc_value
  File "C:\Users\kouek\kouekam\business\conect pin and go delivery\farm business\venv\Lib\site-packages\django\db\backends\utils.py", line 105, in _execute
    return self.cursor.execute(sql, params)
           ~~~~~~~~~~~~~~~~~~~^^^^^^^^^^^^^
django.db.utils.ProgrammingError: column agri_carts.customer_id does not exist
LINE 1: SELECT "agri_carts"."id", "agri_carts"."customer_id", "agri_...
                                  ^

ERROR 2025-08-11 15:00:18,296 log 26332 12844 Internal Server Error: /api/agri-connect/cart/
Traceback (most recent call last):
  File "C:\Users\kouek\kouekam\business\conect pin and go delivery\farm business\venv\Lib\site-packages\django\db\backends\utils.py", line 105, in _execute
    return self.cursor.execute(sql, params)
           ~~~~~~~~~~~~~~~~~~~^^^^^^^^^^^^^
psycopg2.errors.UndefinedColumn: column agri_carts.customer_id does not exist
LINE 1: SELECT "agri_carts"."id", "agri_carts"."customer_id", "agri_...
                                  ^


The above exception was the direct cause of the following exception:

Traceback (most recent call last):
  File "C:\Users\kouek\kouekam\business\conect pin and go delivery\farm business\venv\Lib\site-packages\django\core\handlers\exception.py", line 55, in inner
    response = get_response(request)
  File "C:\Users\kouek\kouekam\business\conect pin and go delivery\farm business\venv\Lib\site-packages\django\core\handlers\base.py", line 197, in _get_response
    response = wrapped_callback(request, *callback_args, **callback_kwargs)
  File "C:\Users\kouek\kouekam\business\conect pin and go delivery\farm business\venv\Lib\site-packages\django\views\decorators\csrf.py", line 65, in _view_wrapper
    return view_func(request, *args, **kwargs)
  File "C:\Users\kouek\kouekam\business\conect pin and go delivery\farm business\venv\Lib\site-packages\django\views\generic\base.py", line 105, in view
    return self.dispatch(request, *args, **kwargs)
           ~~~~~~~~~~~~~^^^^^^^^^^^^^^^^^^^^^^^^^^
  File "C:\Users\kouek\kouekam\business\conect pin and go delivery\farm business\venv\Lib\site-packages\rest_framework\views.py", line 515, in dispatch
    response = self.handle_exception(exc)
  File "C:\Users\kouek\kouekam\business\conect pin and go delivery\farm business\venv\Lib\site-packages\rest_framework\views.py", line 475, in handle_exception
    self.raise_uncaught_exception(exc)
    ~~~~~~~~~~~~~~~~~~~~~~~~~~~~~^^^^^
  File "C:\Users\kouek\kouekam\business\conect pin and go delivery\farm business\venv\Lib\site-packages\rest_framework\views.py", line 486, in raise_uncaught_exception
    raise exc
  File "C:\Users\kouek\kouekam\business\conect pin and go delivery\farm business\venv\Lib\site-packages\rest_framework\views.py", line 512, in dispatch
    response = handler(request, *args, **kwargs)
  File "C:\Users\kouek\kouekam\business\conect pin and go delivery\farm business\backend\agri_connect\views.py", line 129, in get
    cart, created = AgriCart.objects.get_or_create(customer=request.user)
                    ~~~~~~~~~~~~~~~~~~~~~~~~~~~~~~^^^^^^^^^^^^^^^^^^^^^^^
  File "C:\Users\kouek\kouekam\business\conect pin and go delivery\farm business\venv\Lib\site-packages\django\db\models\manager.py", line 87, in manager_method
    return getattr(self.get_queryset(), name)(*args, **kwargs)
           ~~~~~~~~~~~~~~~~~~~~~~~~~~~~~~~~~~^^^^^^^^^^^^^^^^^
  File "C:\Users\kouek\kouekam\business\conect pin and go delivery\farm business\venv\Lib\site-packages\django\db\models\query.py", line 946, in get_or_create
    return self.get(**kwargs), False
           ~~~~~~~~^^^^^^^^^^
  File "C:\Users\kouek\kouekam\business\conect pin and go delivery\farm business\venv\Lib\site-packages\cacheops\query.py", line 346, in get
    return qs._no_monkey.get(qs, *args, **kwargs)
           ~~~~~~~~~~~~~~~~~^^^^^^^^^^^^^^^^^^^^^
  File "C:\Users\kouek\kouekam\business\conect pin and go delivery\farm business\venv\Lib\site-packages\django\db\models\query.py", line 629, in get
    num = len(clone)
  File "C:\Users\kouek\kouekam\business\conect pin and go delivery\farm business\venv\Lib\site-packages\django\db\models\query.py", line 366, in __len__
    self._fetch_all()
    ~~~~~~~~~~~~~~~^^
  File "C:\Users\kouek\kouekam\business\conect pin and go delivery\farm business\venv\Lib\site-packages\cacheops\query.py", line 250, in _fetch_all
    return self._no_monkey._fetch_all(self)
           ~~~~~~~~~~~~~~~~~~~~~~~~~~^^^^^^
  File "C:\Users\kouek\kouekam\business\conect pin and go delivery\farm business\venv\Lib\site-packages\django\db\models\query.py", line 1949, in _fetch_all
    self._result_cache = list(self._iterable_class(self))
                         ~~~~^^^^^^^^^^^^^^^^^^^^^^^^^^^^
  File "C:\Users\kouek\kouekam\business\conect pin and go delivery\farm business\venv\Lib\site-packages\django\db\models\query.py", line 91, in __iter__
    results = compiler.execute_sql(
        chunked_fetch=self.chunked_fetch, chunk_size=self.chunk_size
    )
  File "C:\Users\kouek\kouekam\business\conect pin and go delivery\farm business\venv\Lib\site-packages\django\db\models\sql\compiler.py", line 1623, in execute_sql
    cursor.execute(sql, params)
    ~~~~~~~~~~~~~~^^^^^^^^^^^^^
  File "C:\Users\kouek\kouekam\business\conect pin and go delivery\farm business\venv\Lib\site-packages\django\db\backends\utils.py", line 122, in execute
    return super().execute(sql, params)
           ~~~~~~~~~~~~~~~^^^^^^^^^^^^^
  File "C:\Users\kouek\kouekam\business\conect pin and go delivery\farm business\venv\Lib\site-packages\cacheops\transaction.py", line 98, in execute
    result = self._no_monkey.execute(self, sql, params)
  File "C:\Users\kouek\kouekam\business\conect pin and go delivery\farm business\venv\Lib\site-packages\django\db\backends\utils.py", line 79, in execute
    return self._execute_with_wrappers(
           ~~~~~~~~~~~~~~~~~~~~~~~~~~~^
        sql, params, many=False, executor=self._execute
        ^^^^^^^^^^^^^^^^^^^^^^^^^^^^^^^^^^^^^^^^^^^^^^^
    )
    ^
  File "C:\Users\kouek\kouekam\business\conect pin and go delivery\farm business\venv\Lib\site-packages\django\db\backends\utils.py", line 92, in _execute_with_wrappers
    return executor(sql, params, many, context)
  File "C:\Users\kouek\kouekam\business\conect pin and go delivery\farm business\venv\Lib\site-packages\django\db\backends\utils.py", line 100, in _execute
    with self.db.wrap_database_errors:
         ^^^^^^^^^^^^^^^^^^^^^^^^^^^^
  File "C:\Users\kouek\kouekam\business\conect pin and go delivery\farm business\venv\Lib\site-packages\django\db\utils.py", line 91, in __exit__
    raise dj_exc_value.with_traceback(traceback) from exc_value
  File "C:\Users\kouek\kouekam\business\conect pin and go delivery\farm business\venv\Lib\site-packages\django\db\backends\utils.py", line 105, in _execute
    return self.cursor.execute(sql, params)
           ~~~~~~~~~~~~~~~~~~~^^^^^^^^^^^^^
django.db.utils.ProgrammingError: column agri_carts.customer_id does not exist
LINE 1: SELECT "agri_carts"."id", "agri_carts"."customer_id", "agri_...
                                  ^

WARNING 2025-08-11 15:00:18,362 log 26332 12844 Not Found: /api/notifications/
ERROR 2025-08-11 15:00:18,556 log 26332 14288 Internal Server Error: /api/agri-connect/products/
Traceback (most recent call last):
  File "C:\Users\kouek\kouekam\business\conect pin and go delivery\farm business\venv\Lib\site-packages\django\core\handlers\exception.py", line 55, in inner
    response = get_response(request)
  File "C:\Users\kouek\kouekam\business\conect pin and go delivery\farm business\venv\Lib\site-packages\django\core\handlers\base.py", line 197, in _get_response
    response = wrapped_callback(request, *callback_args, **callback_kwargs)
  File "C:\Users\kouek\kouekam\business\conect pin and go delivery\farm business\venv\Lib\site-packages\django\views\decorators\csrf.py", line 65, in _view_wrapper
    return view_func(request, *args, **kwargs)
  File "C:\Users\kouek\kouekam\business\conect pin and go delivery\farm business\venv\Lib\site-packages\django\views\generic\base.py", line 105, in view
    return self.dispatch(request, *args, **kwargs)
           ~~~~~~~~~~~~~^^^^^^^^^^^^^^^^^^^^^^^^^^
  File "C:\Users\kouek\kouekam\business\conect pin and go delivery\farm business\venv\Lib\site-packages\rest_framework\views.py", line 515, in dispatch
    response = self.handle_exception(exc)
  File "C:\Users\kouek\kouekam\business\conect pin and go delivery\farm business\venv\Lib\site-packages\rest_framework\views.py", line 475, in handle_exception
    self.raise_uncaught_exception(exc)
    ~~~~~~~~~~~~~~~~~~~~~~~~~~~~~^^^^^
  File "C:\Users\kouek\kouekam\business\conect pin and go delivery\farm business\venv\Lib\site-packages\rest_framework\views.py", line 486, in raise_uncaught_exception
    raise exc
  File "C:\Users\kouek\kouekam\business\conect pin and go delivery\farm business\venv\Lib\site-packages\rest_framework\views.py", line 512, in dispatch
    response = handler(request, *args, **kwargs)
  File "C:\Users\kouek\kouekam\business\conect pin and go delivery\farm business\venv\Lib\site-packages\rest_framework\generics.py", line 203, in get
    return self.list(request, *args, **kwargs)
           ~~~~~~~~~^^^^^^^^^^^^^^^^^^^^^^^^^^
  File "C:\Users\kouek\kouekam\business\conect pin and go delivery\farm business\venv\Lib\site-packages\rest_framework\mixins.py", line 38, in list
    queryset = self.filter_queryset(self.get_queryset())
  File "C:\Users\kouek\kouekam\business\conect pin and go delivery\farm business\venv\Lib\site-packages\rest_framework\generics.py", line 154, in filter_queryset
    queryset = backend().filter_queryset(self.request, queryset, self)
  File "C:\Users\kouek\kouekam\business\conect pin and go delivery\farm business\venv\Lib\site-packages\django_filters\rest_framework\backends.py", line 66, in filter_queryset
    filterset = self.get_filterset(request, queryset, view)
  File "C:\Users\kouek\kouekam\business\conect pin and go delivery\farm business\venv\Lib\site-packages\django_filters\rest_framework\backends.py", line 18, in get_filterset
    filterset_class = self.get_filterset_class(view, queryset)
  File "C:\Users\kouek\kouekam\business\conect pin and go delivery\farm business\venv\Lib\site-packages\django_filters\rest_framework\backends.py", line 49, in get_filterset_class
    class AutoFilterSet(self.filterset_base):
    ...<2 lines>...
            fields = filterset_fields
  File "C:\Users\kouek\kouekam\business\conect pin and go delivery\farm business\venv\Lib\site-packages\django_filters\filterset.py", line 82, in __new__
    new_class.base_filters = new_class.get_filters()
                             ~~~~~~~~~~~~~~~~~~~~~^^
  File "C:\Users\kouek\kouekam\business\conect pin and go delivery\farm business\venv\Lib\site-packages\django_filters\filterset.py", line 371, in get_filters
    raise TypeError(
    ...<2 lines>...
    )
TypeError: 'Meta.fields' must not contain non-model field names: is_on_sale
WARNING 2025-08-11 15:00:19,425 log 26332 14288 Not Found: /api/notifications/
ERROR 2025-08-11 15:00:19,786 log 26332 14288 Internal Server Error: /api/agri-connect/products/
Traceback (most recent call last):
  File "C:\Users\kouek\kouekam\business\conect pin and go delivery\farm business\venv\Lib\site-packages\django\core\handlers\exception.py", line 55, in inner
    response = get_response(request)
  File "C:\Users\kouek\kouekam\business\conect pin and go delivery\farm business\venv\Lib\site-packages\django\core\handlers\base.py", line 197, in _get_response
    response = wrapped_callback(request, *callback_args, **callback_kwargs)
  File "C:\Users\kouek\kouekam\business\conect pin and go delivery\farm business\venv\Lib\site-packages\django\views\decorators\csrf.py", line 65, in _view_wrapper
    return view_func(request, *args, **kwargs)
  File "C:\Users\kouek\kouekam\business\conect pin and go delivery\farm business\venv\Lib\site-packages\django\views\generic\base.py", line 105, in view
    return self.dispatch(request, *args, **kwargs)
           ~~~~~~~~~~~~~^^^^^^^^^^^^^^^^^^^^^^^^^^
  File "C:\Users\kouek\kouekam\business\conect pin and go delivery\farm business\venv\Lib\site-packages\rest_framework\views.py", line 515, in dispatch
    response = self.handle_exception(exc)
  File "C:\Users\kouek\kouekam\business\conect pin and go delivery\farm business\venv\Lib\site-packages\rest_framework\views.py", line 475, in handle_exception
    self.raise_uncaught_exception(exc)
    ~~~~~~~~~~~~~~~~~~~~~~~~~~~~~^^^^^
  File "C:\Users\kouek\kouekam\business\conect pin and go delivery\farm business\venv\Lib\site-packages\rest_framework\views.py", line 486, in raise_uncaught_exception
    raise exc
  File "C:\Users\kouek\kouekam\business\conect pin and go delivery\farm business\venv\Lib\site-packages\rest_framework\views.py", line 512, in dispatch
    response = handler(request, *args, **kwargs)
  File "C:\Users\kouek\kouekam\business\conect pin and go delivery\farm business\venv\Lib\site-packages\rest_framework\generics.py", line 203, in get
    return self.list(request, *args, **kwargs)
           ~~~~~~~~~^^^^^^^^^^^^^^^^^^^^^^^^^^
  File "C:\Users\kouek\kouekam\business\conect pin and go delivery\farm business\venv\Lib\site-packages\rest_framework\mixins.py", line 38, in list
    queryset = self.filter_queryset(self.get_queryset())
  File "C:\Users\kouek\kouekam\business\conect pin and go delivery\farm business\venv\Lib\site-packages\rest_framework\generics.py", line 154, in filter_queryset
    queryset = backend().filter_queryset(self.request, queryset, self)
  File "C:\Users\kouek\kouekam\business\conect pin and go delivery\farm business\venv\Lib\site-packages\django_filters\rest_framework\backends.py", line 66, in filter_queryset
    filterset = self.get_filterset(request, queryset, view)
  File "C:\Users\kouek\kouekam\business\conect pin and go delivery\farm business\venv\Lib\site-packages\django_filters\rest_framework\backends.py", line 18, in get_filterset
    filterset_class = self.get_filterset_class(view, queryset)
  File "C:\Users\kouek\kouekam\business\conect pin and go delivery\farm business\venv\Lib\site-packages\django_filters\rest_framework\backends.py", line 49, in get_filterset_class
    class AutoFilterSet(self.filterset_base):
    ...<2 lines>...
            fields = filterset_fields
  File "C:\Users\kouek\kouekam\business\conect pin and go delivery\farm business\venv\Lib\site-packages\django_filters\filterset.py", line 82, in __new__
    new_class.base_filters = new_class.get_filters()
                             ~~~~~~~~~~~~~~~~~~~~~^^
  File "C:\Users\kouek\kouekam\business\conect pin and go delivery\farm business\venv\Lib\site-packages\django_filters\filterset.py", line 371, in get_filters
    raise TypeError(
    ...<2 lines>...
    )
TypeError: 'Meta.fields' must not contain non-model field names: is_on_sale
ERROR 2025-08-11 15:00:45,642 log 26332 14288 Internal Server Error: /api/agri-connect/orders/
Traceback (most recent call last):
  File "C:\Users\kouek\kouekam\business\conect pin and go delivery\farm business\venv\Lib\site-packages\django\core\handlers\exception.py", line 55, in inner
    response = get_response(request)
  File "C:\Users\kouek\kouekam\business\conect pin and go delivery\farm business\venv\Lib\site-packages\django\core\handlers\base.py", line 197, in _get_response
    response = wrapped_callback(request, *callback_args, **callback_kwargs)
  File "C:\Users\kouek\kouekam\business\conect pin and go delivery\farm business\venv\Lib\site-packages\django\views\decorators\csrf.py", line 65, in _view_wrapper
    return view_func(request, *args, **kwargs)
  File "C:\Users\kouek\kouekam\business\conect pin and go delivery\farm business\venv\Lib\site-packages\django\views\generic\base.py", line 105, in view
    return self.dispatch(request, *args, **kwargs)
           ~~~~~~~~~~~~~^^^^^^^^^^^^^^^^^^^^^^^^^^
  File "C:\Users\kouek\kouekam\business\conect pin and go delivery\farm business\venv\Lib\site-packages\rest_framework\views.py", line 515, in dispatch
    response = self.handle_exception(exc)
  File "C:\Users\kouek\kouekam\business\conect pin and go delivery\farm business\venv\Lib\site-packages\rest_framework\views.py", line 475, in handle_exception
    self.raise_uncaught_exception(exc)
    ~~~~~~~~~~~~~~~~~~~~~~~~~~~~~^^^^^
  File "C:\Users\kouek\kouekam\business\conect pin and go delivery\farm business\venv\Lib\site-packages\rest_framework\views.py", line 486, in raise_uncaught_exception
    raise exc
  File "C:\Users\kouek\kouekam\business\conect pin and go delivery\farm business\venv\Lib\site-packages\rest_framework\views.py", line 512, in dispatch
    response = handler(request, *args, **kwargs)
  File "C:\Users\kouek\kouekam\business\conect pin and go delivery\farm business\venv\Lib\site-packages\rest_framework\generics.py", line 243, in get
    return self.list(request, *args, **kwargs)
           ~~~~~~~~~^^^^^^^^^^^^^^^^^^^^^^^^^^
  File "C:\Users\kouek\kouekam\business\conect pin and go delivery\farm business\venv\Lib\site-packages\rest_framework\mixins.py", line 40, in list
    page = self.paginate_queryset(queryset)
  File "C:\Users\kouek\kouekam\business\conect pin and go delivery\farm business\venv\Lib\site-packages\rest_framework\generics.py", line 175, in paginate_queryset
    return self.paginator.paginate_queryset(queryset, self.request, view=self)
           ~~~~~~~~~~~~~~~~~~~~~~~~~~~~~~~~^^^^^^^^^^^^^^^^^^^^^^^^^^^^^^^^^^^
  File "C:\Users\kouek\kouekam\business\conect pin and go delivery\farm business\venv\Lib\site-packages\rest_framework\pagination.py", line 222, in paginate_queryset
    return list(self.page)
  File "C:\Users\kouek\kouekam\business\conect pin and go delivery\farm business\venv\Lib\site-packages\django\core\paginator.py", line 191, in __len__
    return len(self.object_list)
  File "C:\Users\kouek\kouekam\business\conect pin and go delivery\farm business\venv\Lib\site-packages\django\db\models\query.py", line 366, in __len__
    self._fetch_all()
    ~~~~~~~~~~~~~~~^^
  File "C:\Users\kouek\kouekam\business\conect pin and go delivery\farm business\venv\Lib\site-packages\cacheops\query.py", line 250, in _fetch_all
    return self._no_monkey._fetch_all(self)
           ~~~~~~~~~~~~~~~~~~~~~~~~~~^^^^^^
  File "C:\Users\kouek\kouekam\business\conect pin and go delivery\farm business\venv\Lib\site-packages\django\db\models\query.py", line 1949, in _fetch_all
    self._result_cache = list(self._iterable_class(self))
                         ~~~~^^^^^^^^^^^^^^^^^^^^^^^^^^^^
  File "C:\Users\kouek\kouekam\business\conect pin and go delivery\farm business\venv\Lib\site-packages\django\db\models\query.py", line 91, in __iter__
    results = compiler.execute_sql(
        chunked_fetch=self.chunked_fetch, chunk_size=self.chunk_size
    )
  File "C:\Users\kouek\kouekam\business\conect pin and go delivery\farm business\venv\Lib\site-packages\django\db\models\sql\compiler.py", line 1610, in execute_sql
    sql, params = self.as_sql()
                  ~~~~~~~~~~~^^
  File "C:\Users\kouek\kouekam\business\conect pin and go delivery\farm business\venv\Lib\site-packages\django\db\models\sql\compiler.py", line 766, in as_sql
    extra_select, order_by, group_by = self.pre_sql_setup(
                                       ~~~~~~~~~~~~~~~~~~^
        with_col_aliases=with_col_aliases or bool(combinator),
        ^^^^^^^^^^^^^^^^^^^^^^^^^^^^^^^^^^^^^^^^^^^^^^^^^^^^^^
    )
    ^
  File "C:\Users\kouek\kouekam\business\conect pin and go delivery\farm business\venv\Lib\site-packages\django\db\models\sql\compiler.py", line 85, in pre_sql_setup
    self.setup_query(with_col_aliases=with_col_aliases)
    ~~~~~~~~~~~~~~~~^^^^^^^^^^^^^^^^^^^^^^^^^^^^^^^^^^^
  File "C:\Users\kouek\kouekam\business\conect pin and go delivery\farm business\venv\Lib\site-packages\django\db\models\sql\compiler.py", line 74, in setup_query
    self.select, self.klass_info, self.annotation_col_map = self.get_select(
                                                            ~~~~~~~~~~~~~~~^
        with_col_aliases=with_col_aliases,
        ^^^^^^^^^^^^^^^^^^^^^^^^^^^^^^^^^^
    )
    ^
  File "C:\Users\kouek\kouekam\business\conect pin and go delivery\farm business\venv\Lib\site-packages\django\db\models\sql\compiler.py", line 299, in get_select
    related_klass_infos = self.get_related_selections(select, select_mask)
  File "C:\Users\kouek\kouekam\business\conect pin and go delivery\farm business\venv\Lib\site-packages\django\db\models\sql\compiler.py", line 1230, in get_related_selections
    raise FieldError(
    ...<6 lines>...
    )
django.core.exceptions.FieldError: Non-relational field given in select_related: 'delivery_address'. Choices are: customer, delivery_agent
ERROR 2025-08-11 15:00:46,983 log 26332 14288 Internal Server Error: /api/agri-connect/orders/
Traceback (most recent call last):
  File "C:\Users\kouek\kouekam\business\conect pin and go delivery\farm business\venv\Lib\site-packages\django\core\handlers\exception.py", line 55, in inner
    response = get_response(request)
  File "C:\Users\kouek\kouekam\business\conect pin and go delivery\farm business\venv\Lib\site-packages\django\core\handlers\base.py", line 197, in _get_response
    response = wrapped_callback(request, *callback_args, **callback_kwargs)
  File "C:\Users\kouek\kouekam\business\conect pin and go delivery\farm business\venv\Lib\site-packages\django\views\decorators\csrf.py", line 65, in _view_wrapper
    return view_func(request, *args, **kwargs)
  File "C:\Users\kouek\kouekam\business\conect pin and go delivery\farm business\venv\Lib\site-packages\django\views\generic\base.py", line 105, in view
    return self.dispatch(request, *args, **kwargs)
           ~~~~~~~~~~~~~^^^^^^^^^^^^^^^^^^^^^^^^^^
  File "C:\Users\kouek\kouekam\business\conect pin and go delivery\farm business\venv\Lib\site-packages\rest_framework\views.py", line 515, in dispatch
    response = self.handle_exception(exc)
  File "C:\Users\kouek\kouekam\business\conect pin and go delivery\farm business\venv\Lib\site-packages\rest_framework\views.py", line 475, in handle_exception
    self.raise_uncaught_exception(exc)
    ~~~~~~~~~~~~~~~~~~~~~~~~~~~~~^^^^^
  File "C:\Users\kouek\kouekam\business\conect pin and go delivery\farm business\venv\Lib\site-packages\rest_framework\views.py", line 486, in raise_uncaught_exception
    raise exc
  File "C:\Users\kouek\kouekam\business\conect pin and go delivery\farm business\venv\Lib\site-packages\rest_framework\views.py", line 512, in dispatch
    response = handler(request, *args, **kwargs)
  File "C:\Users\kouek\kouekam\business\conect pin and go delivery\farm business\venv\Lib\site-packages\rest_framework\generics.py", line 243, in get
    return self.list(request, *args, **kwargs)
           ~~~~~~~~~^^^^^^^^^^^^^^^^^^^^^^^^^^
  File "C:\Users\kouek\kouekam\business\conect pin and go delivery\farm business\venv\Lib\site-packages\rest_framework\mixins.py", line 40, in list
    page = self.paginate_queryset(queryset)
  File "C:\Users\kouek\kouekam\business\conect pin and go delivery\farm business\venv\Lib\site-packages\rest_framework\generics.py", line 175, in paginate_queryset
    return self.paginator.paginate_queryset(queryset, self.request, view=self)
           ~~~~~~~~~~~~~~~~~~~~~~~~~~~~~~~~^^^^^^^^^^^^^^^^^^^^^^^^^^^^^^^^^^^
  File "C:\Users\kouek\kouekam\business\conect pin and go delivery\farm business\venv\Lib\site-packages\rest_framework\pagination.py", line 222, in paginate_queryset
    return list(self.page)
  File "C:\Users\kouek\kouekam\business\conect pin and go delivery\farm business\venv\Lib\site-packages\django\core\paginator.py", line 191, in __len__
    return len(self.object_list)
  File "C:\Users\kouek\kouekam\business\conect pin and go delivery\farm business\venv\Lib\site-packages\django\db\models\query.py", line 366, in __len__
    self._fetch_all()
    ~~~~~~~~~~~~~~~^^
  File "C:\Users\kouek\kouekam\business\conect pin and go delivery\farm business\venv\Lib\site-packages\cacheops\query.py", line 250, in _fetch_all
    return self._no_monkey._fetch_all(self)
           ~~~~~~~~~~~~~~~~~~~~~~~~~~^^^^^^
  File "C:\Users\kouek\kouekam\business\conect pin and go delivery\farm business\venv\Lib\site-packages\django\db\models\query.py", line 1949, in _fetch_all
    self._result_cache = list(self._iterable_class(self))
                         ~~~~^^^^^^^^^^^^^^^^^^^^^^^^^^^^
  File "C:\Users\kouek\kouekam\business\conect pin and go delivery\farm business\venv\Lib\site-packages\django\db\models\query.py", line 91, in __iter__
    results = compiler.execute_sql(
        chunked_fetch=self.chunked_fetch, chunk_size=self.chunk_size
    )
  File "C:\Users\kouek\kouekam\business\conect pin and go delivery\farm business\venv\Lib\site-packages\django\db\models\sql\compiler.py", line 1610, in execute_sql
    sql, params = self.as_sql()
                  ~~~~~~~~~~~^^
  File "C:\Users\kouek\kouekam\business\conect pin and go delivery\farm business\venv\Lib\site-packages\django\db\models\sql\compiler.py", line 766, in as_sql
    extra_select, order_by, group_by = self.pre_sql_setup(
                                       ~~~~~~~~~~~~~~~~~~^
        with_col_aliases=with_col_aliases or bool(combinator),
        ^^^^^^^^^^^^^^^^^^^^^^^^^^^^^^^^^^^^^^^^^^^^^^^^^^^^^^
    )
    ^
  File "C:\Users\kouek\kouekam\business\conect pin and go delivery\farm business\venv\Lib\site-packages\django\db\models\sql\compiler.py", line 85, in pre_sql_setup
    self.setup_query(with_col_aliases=with_col_aliases)
    ~~~~~~~~~~~~~~~~^^^^^^^^^^^^^^^^^^^^^^^^^^^^^^^^^^^
  File "C:\Users\kouek\kouekam\business\conect pin and go delivery\farm business\venv\Lib\site-packages\django\db\models\sql\compiler.py", line 74, in setup_query
    self.select, self.klass_info, self.annotation_col_map = self.get_select(
                                                            ~~~~~~~~~~~~~~~^
        with_col_aliases=with_col_aliases,
        ^^^^^^^^^^^^^^^^^^^^^^^^^^^^^^^^^^
    )
    ^
  File "C:\Users\kouek\kouekam\business\conect pin and go delivery\farm business\venv\Lib\site-packages\django\db\models\sql\compiler.py", line 299, in get_select
    related_klass_infos = self.get_related_selections(select, select_mask)
  File "C:\Users\kouek\kouekam\business\conect pin and go delivery\farm business\venv\Lib\site-packages\django\db\models\sql\compiler.py", line 1230, in get_related_selections
    raise FieldError(
    ...<6 lines>...
    )
django.core.exceptions.FieldError: Non-relational field given in select_related: 'delivery_address'. Choices are: customer, delivery_agent
ERROR 2025-08-11 15:00:51,190 log 26332 14288 Internal Server Error: /api/agri-connect/orders/
Traceback (most recent call last):
  File "C:\Users\kouek\kouekam\business\conect pin and go delivery\farm business\venv\Lib\site-packages\django\core\handlers\exception.py", line 55, in inner
    response = get_response(request)
  File "C:\Users\kouek\kouekam\business\conect pin and go delivery\farm business\venv\Lib\site-packages\django\core\handlers\base.py", line 197, in _get_response
    response = wrapped_callback(request, *callback_args, **callback_kwargs)
  File "C:\Users\kouek\kouekam\business\conect pin and go delivery\farm business\venv\Lib\site-packages\django\views\decorators\csrf.py", line 65, in _view_wrapper
    return view_func(request, *args, **kwargs)
  File "C:\Users\kouek\kouekam\business\conect pin and go delivery\farm business\venv\Lib\site-packages\django\views\generic\base.py", line 105, in view
    return self.dispatch(request, *args, **kwargs)
           ~~~~~~~~~~~~~^^^^^^^^^^^^^^^^^^^^^^^^^^
  File "C:\Users\kouek\kouekam\business\conect pin and go delivery\farm business\venv\Lib\site-packages\rest_framework\views.py", line 515, in dispatch
    response = self.handle_exception(exc)
  File "C:\Users\kouek\kouekam\business\conect pin and go delivery\farm business\venv\Lib\site-packages\rest_framework\views.py", line 475, in handle_exception
    self.raise_uncaught_exception(exc)
    ~~~~~~~~~~~~~~~~~~~~~~~~~~~~~^^^^^
  File "C:\Users\kouek\kouekam\business\conect pin and go delivery\farm business\venv\Lib\site-packages\rest_framework\views.py", line 486, in raise_uncaught_exception
    raise exc
  File "C:\Users\kouek\kouekam\business\conect pin and go delivery\farm business\venv\Lib\site-packages\rest_framework\views.py", line 512, in dispatch
    response = handler(request, *args, **kwargs)
  File "C:\Users\kouek\kouekam\business\conect pin and go delivery\farm business\venv\Lib\site-packages\rest_framework\generics.py", line 243, in get
    return self.list(request, *args, **kwargs)
           ~~~~~~~~~^^^^^^^^^^^^^^^^^^^^^^^^^^
  File "C:\Users\kouek\kouekam\business\conect pin and go delivery\farm business\venv\Lib\site-packages\rest_framework\mixins.py", line 40, in list
    page = self.paginate_queryset(queryset)
  File "C:\Users\kouek\kouekam\business\conect pin and go delivery\farm business\venv\Lib\site-packages\rest_framework\generics.py", line 175, in paginate_queryset
    return self.paginator.paginate_queryset(queryset, self.request, view=self)
           ~~~~~~~~~~~~~~~~~~~~~~~~~~~~~~~~^^^^^^^^^^^^^^^^^^^^^^^^^^^^^^^^^^^
  File "C:\Users\kouek\kouekam\business\conect pin and go delivery\farm business\venv\Lib\site-packages\rest_framework\pagination.py", line 222, in paginate_queryset
    return list(self.page)
  File "C:\Users\kouek\kouekam\business\conect pin and go delivery\farm business\venv\Lib\site-packages\django\core\paginator.py", line 191, in __len__
    return len(self.object_list)
  File "C:\Users\kouek\kouekam\business\conect pin and go delivery\farm business\venv\Lib\site-packages\django\db\models\query.py", line 366, in __len__
    self._fetch_all()
    ~~~~~~~~~~~~~~~^^
  File "C:\Users\kouek\kouekam\business\conect pin and go delivery\farm business\venv\Lib\site-packages\cacheops\query.py", line 250, in _fetch_all
    return self._no_monkey._fetch_all(self)
           ~~~~~~~~~~~~~~~~~~~~~~~~~~^^^^^^
  File "C:\Users\kouek\kouekam\business\conect pin and go delivery\farm business\venv\Lib\site-packages\django\db\models\query.py", line 1949, in _fetch_all
    self._result_cache = list(self._iterable_class(self))
                         ~~~~^^^^^^^^^^^^^^^^^^^^^^^^^^^^
  File "C:\Users\kouek\kouekam\business\conect pin and go delivery\farm business\venv\Lib\site-packages\django\db\models\query.py", line 91, in __iter__
    results = compiler.execute_sql(
        chunked_fetch=self.chunked_fetch, chunk_size=self.chunk_size
    )
  File "C:\Users\kouek\kouekam\business\conect pin and go delivery\farm business\venv\Lib\site-packages\django\db\models\sql\compiler.py", line 1610, in execute_sql
    sql, params = self.as_sql()
                  ~~~~~~~~~~~^^
  File "C:\Users\kouek\kouekam\business\conect pin and go delivery\farm business\venv\Lib\site-packages\django\db\models\sql\compiler.py", line 766, in as_sql
    extra_select, order_by, group_by = self.pre_sql_setup(
                                       ~~~~~~~~~~~~~~~~~~^
        with_col_aliases=with_col_aliases or bool(combinator),
        ^^^^^^^^^^^^^^^^^^^^^^^^^^^^^^^^^^^^^^^^^^^^^^^^^^^^^^
    )
    ^
  File "C:\Users\kouek\kouekam\business\conect pin and go delivery\farm business\venv\Lib\site-packages\django\db\models\sql\compiler.py", line 85, in pre_sql_setup
    self.setup_query(with_col_aliases=with_col_aliases)
    ~~~~~~~~~~~~~~~~^^^^^^^^^^^^^^^^^^^^^^^^^^^^^^^^^^^
  File "C:\Users\kouek\kouekam\business\conect pin and go delivery\farm business\venv\Lib\site-packages\django\db\models\sql\compiler.py", line 74, in setup_query
    self.select, self.klass_info, self.annotation_col_map = self.get_select(
                                                            ~~~~~~~~~~~~~~~^
        with_col_aliases=with_col_aliases,
        ^^^^^^^^^^^^^^^^^^^^^^^^^^^^^^^^^^
    )
    ^
  File "C:\Users\kouek\kouekam\business\conect pin and go delivery\farm business\venv\Lib\site-packages\django\db\models\sql\compiler.py", line 299, in get_select
    related_klass_infos = self.get_related_selections(select, select_mask)
  File "C:\Users\kouek\kouekam\business\conect pin and go delivery\farm business\venv\Lib\site-packages\django\db\models\sql\compiler.py", line 1230, in get_related_selections
    raise FieldError(
    ...<6 lines>...
    )
django.core.exceptions.FieldError: Non-relational field given in select_related: 'delivery_address'. Choices are: customer, delivery_agent
ERROR 2025-08-11 15:00:58,160 log 26332 14288 Internal Server Error: /api/agri-connect/cart/
Traceback (most recent call last):
  File "C:\Users\kouek\kouekam\business\conect pin and go delivery\farm business\venv\Lib\site-packages\django\db\backends\utils.py", line 105, in _execute
    return self.cursor.execute(sql, params)
           ~~~~~~~~~~~~~~~~~~~^^^^^^^^^^^^^
psycopg2.errors.UndefinedColumn: column agri_carts.customer_id does not exist
LINE 1: SELECT "agri_carts"."id", "agri_carts"."customer_id", "agri_...
                                  ^


The above exception was the direct cause of the following exception:

Traceback (most recent call last):
  File "C:\Users\kouek\kouekam\business\conect pin and go delivery\farm business\venv\Lib\site-packages\django\core\handlers\exception.py", line 55, in inner
    response = get_response(request)
  File "C:\Users\kouek\kouekam\business\conect pin and go delivery\farm business\venv\Lib\site-packages\django\core\handlers\base.py", line 197, in _get_response
    response = wrapped_callback(request, *callback_args, **callback_kwargs)
  File "C:\Users\kouek\kouekam\business\conect pin and go delivery\farm business\venv\Lib\site-packages\django\views\decorators\csrf.py", line 65, in _view_wrapper
    return view_func(request, *args, **kwargs)
  File "C:\Users\kouek\kouekam\business\conect pin and go delivery\farm business\venv\Lib\site-packages\django\views\generic\base.py", line 105, in view
    return self.dispatch(request, *args, **kwargs)
           ~~~~~~~~~~~~~^^^^^^^^^^^^^^^^^^^^^^^^^^
  File "C:\Users\kouek\kouekam\business\conect pin and go delivery\farm business\venv\Lib\site-packages\rest_framework\views.py", line 515, in dispatch
    response = self.handle_exception(exc)
  File "C:\Users\kouek\kouekam\business\conect pin and go delivery\farm business\venv\Lib\site-packages\rest_framework\views.py", line 475, in handle_exception
    self.raise_uncaught_exception(exc)
    ~~~~~~~~~~~~~~~~~~~~~~~~~~~~~^^^^^
  File "C:\Users\kouek\kouekam\business\conect pin and go delivery\farm business\venv\Lib\site-packages\rest_framework\views.py", line 486, in raise_uncaught_exception
    raise exc
  File "C:\Users\kouek\kouekam\business\conect pin and go delivery\farm business\venv\Lib\site-packages\rest_framework\views.py", line 512, in dispatch
    response = handler(request, *args, **kwargs)
  File "C:\Users\kouek\kouekam\business\conect pin and go delivery\farm business\backend\agri_connect\views.py", line 129, in get
    cart, created = AgriCart.objects.get_or_create(customer=request.user)
                    ~~~~~~~~~~~~~~~~~~~~~~~~~~~~~~^^^^^^^^^^^^^^^^^^^^^^^
  File "C:\Users\kouek\kouekam\business\conect pin and go delivery\farm business\venv\Lib\site-packages\django\db\models\manager.py", line 87, in manager_method
    return getattr(self.get_queryset(), name)(*args, **kwargs)
           ~~~~~~~~~~~~~~~~~~~~~~~~~~~~~~~~~~^^^^^^^^^^^^^^^^^
  File "C:\Users\kouek\kouekam\business\conect pin and go delivery\farm business\venv\Lib\site-packages\django\db\models\query.py", line 946, in get_or_create
    return self.get(**kwargs), False
           ~~~~~~~~^^^^^^^^^^
  File "C:\Users\kouek\kouekam\business\conect pin and go delivery\farm business\venv\Lib\site-packages\cacheops\query.py", line 346, in get
    return qs._no_monkey.get(qs, *args, **kwargs)
           ~~~~~~~~~~~~~~~~~^^^^^^^^^^^^^^^^^^^^^
  File "C:\Users\kouek\kouekam\business\conect pin and go delivery\farm business\venv\Lib\site-packages\django\db\models\query.py", line 629, in get
    num = len(clone)
  File "C:\Users\kouek\kouekam\business\conect pin and go delivery\farm business\venv\Lib\site-packages\django\db\models\query.py", line 366, in __len__
    self._fetch_all()
    ~~~~~~~~~~~~~~~^^
  File "C:\Users\kouek\kouekam\business\conect pin and go delivery\farm business\venv\Lib\site-packages\cacheops\query.py", line 250, in _fetch_all
    return self._no_monkey._fetch_all(self)
           ~~~~~~~~~~~~~~~~~~~~~~~~~~^^^^^^
  File "C:\Users\kouek\kouekam\business\conect pin and go delivery\farm business\venv\Lib\site-packages\django\db\models\query.py", line 1949, in _fetch_all
    self._result_cache = list(self._iterable_class(self))
                         ~~~~^^^^^^^^^^^^^^^^^^^^^^^^^^^^
  File "C:\Users\kouek\kouekam\business\conect pin and go delivery\farm business\venv\Lib\site-packages\django\db\models\query.py", line 91, in __iter__
    results = compiler.execute_sql(
        chunked_fetch=self.chunked_fetch, chunk_size=self.chunk_size
    )
  File "C:\Users\kouek\kouekam\business\conect pin and go delivery\farm business\venv\Lib\site-packages\django\db\models\sql\compiler.py", line 1623, in execute_sql
    cursor.execute(sql, params)
    ~~~~~~~~~~~~~~^^^^^^^^^^^^^
  File "C:\Users\kouek\kouekam\business\conect pin and go delivery\farm business\venv\Lib\site-packages\django\db\backends\utils.py", line 122, in execute
    return super().execute(sql, params)
           ~~~~~~~~~~~~~~~^^^^^^^^^^^^^
  File "C:\Users\kouek\kouekam\business\conect pin and go delivery\farm business\venv\Lib\site-packages\cacheops\transaction.py", line 98, in execute
    result = self._no_monkey.execute(self, sql, params)
  File "C:\Users\kouek\kouekam\business\conect pin and go delivery\farm business\venv\Lib\site-packages\django\db\backends\utils.py", line 79, in execute
    return self._execute_with_wrappers(
           ~~~~~~~~~~~~~~~~~~~~~~~~~~~^
        sql, params, many=False, executor=self._execute
        ^^^^^^^^^^^^^^^^^^^^^^^^^^^^^^^^^^^^^^^^^^^^^^^
    )
    ^
  File "C:\Users\kouek\kouekam\business\conect pin and go delivery\farm business\venv\Lib\site-packages\django\db\backends\utils.py", line 92, in _execute_with_wrappers
    return executor(sql, params, many, context)
  File "C:\Users\kouek\kouekam\business\conect pin and go delivery\farm business\venv\Lib\site-packages\django\db\backends\utils.py", line 100, in _execute
    with self.db.wrap_database_errors:
         ^^^^^^^^^^^^^^^^^^^^^^^^^^^^
  File "C:\Users\kouek\kouekam\business\conect pin and go delivery\farm business\venv\Lib\site-packages\django\db\utils.py", line 91, in __exit__
    raise dj_exc_value.with_traceback(traceback) from exc_value
  File "C:\Users\kouek\kouekam\business\conect pin and go delivery\farm business\venv\Lib\site-packages\django\db\backends\utils.py", line 105, in _execute
    return self.cursor.execute(sql, params)
           ~~~~~~~~~~~~~~~~~~~^^^^^^^^^^^^^
django.db.utils.ProgrammingError: column agri_carts.customer_id does not exist
LINE 1: SELECT "agri_carts"."id", "agri_carts"."customer_id", "agri_...
                                  ^

WARNING 2025-08-11 15:00:58,174 log 26332 20456 Not Found: /api/notifications/
ERROR 2025-08-11 15:00:58,517 log 26332 14288 Internal Server Error: /api/agri-connect/products/
Traceback (most recent call last):
  File "C:\Users\kouek\kouekam\business\conect pin and go delivery\farm business\venv\Lib\site-packages\django\core\handlers\exception.py", line 55, in inner
    response = get_response(request)
  File "C:\Users\kouek\kouekam\business\conect pin and go delivery\farm business\venv\Lib\site-packages\django\core\handlers\base.py", line 197, in _get_response
    response = wrapped_callback(request, *callback_args, **callback_kwargs)
  File "C:\Users\kouek\kouekam\business\conect pin and go delivery\farm business\venv\Lib\site-packages\django\views\decorators\csrf.py", line 65, in _view_wrapper
    return view_func(request, *args, **kwargs)
  File "C:\Users\kouek\kouekam\business\conect pin and go delivery\farm business\venv\Lib\site-packages\django\views\generic\base.py", line 105, in view
    return self.dispatch(request, *args, **kwargs)
           ~~~~~~~~~~~~~^^^^^^^^^^^^^^^^^^^^^^^^^^
  File "C:\Users\kouek\kouekam\business\conect pin and go delivery\farm business\venv\Lib\site-packages\rest_framework\views.py", line 515, in dispatch
    response = self.handle_exception(exc)
  File "C:\Users\kouek\kouekam\business\conect pin and go delivery\farm business\venv\Lib\site-packages\rest_framework\views.py", line 475, in handle_exception
    self.raise_uncaught_exception(exc)
    ~~~~~~~~~~~~~~~~~~~~~~~~~~~~~^^^^^
  File "C:\Users\kouek\kouekam\business\conect pin and go delivery\farm business\venv\Lib\site-packages\rest_framework\views.py", line 486, in raise_uncaught_exception
    raise exc
  File "C:\Users\kouek\kouekam\business\conect pin and go delivery\farm business\venv\Lib\site-packages\rest_framework\views.py", line 512, in dispatch
    response = handler(request, *args, **kwargs)
  File "C:\Users\kouek\kouekam\business\conect pin and go delivery\farm business\venv\Lib\site-packages\rest_framework\generics.py", line 203, in get
    return self.list(request, *args, **kwargs)
           ~~~~~~~~~^^^^^^^^^^^^^^^^^^^^^^^^^^
  File "C:\Users\kouek\kouekam\business\conect pin and go delivery\farm business\venv\Lib\site-packages\rest_framework\mixins.py", line 38, in list
    queryset = self.filter_queryset(self.get_queryset())
  File "C:\Users\kouek\kouekam\business\conect pin and go delivery\farm business\venv\Lib\site-packages\rest_framework\generics.py", line 154, in filter_queryset
    queryset = backend().filter_queryset(self.request, queryset, self)
  File "C:\Users\kouek\kouekam\business\conect pin and go delivery\farm business\venv\Lib\site-packages\django_filters\rest_framework\backends.py", line 66, in filter_queryset
    filterset = self.get_filterset(request, queryset, view)
  File "C:\Users\kouek\kouekam\business\conect pin and go delivery\farm business\venv\Lib\site-packages\django_filters\rest_framework\backends.py", line 18, in get_filterset
    filterset_class = self.get_filterset_class(view, queryset)
  File "C:\Users\kouek\kouekam\business\conect pin and go delivery\farm business\venv\Lib\site-packages\django_filters\rest_framework\backends.py", line 49, in get_filterset_class
    class AutoFilterSet(self.filterset_base):
    ...<2 lines>...
            fields = filterset_fields
  File "C:\Users\kouek\kouekam\business\conect pin and go delivery\farm business\venv\Lib\site-packages\django_filters\filterset.py", line 82, in __new__
    new_class.base_filters = new_class.get_filters()
                             ~~~~~~~~~~~~~~~~~~~~~^^
  File "C:\Users\kouek\kouekam\business\conect pin and go delivery\farm business\venv\Lib\site-packages\django_filters\filterset.py", line 371, in get_filters
    raise TypeError(
    ...<2 lines>...
    )
TypeError: 'Meta.fields' must not contain non-model field names: is_on_sale
WARNING 2025-08-11 15:00:59,248 log 26332 14288 Not Found: /api/notifications/
ERROR 2025-08-11 15:00:59,872 log 26332 14288 Internal Server Error: /api/agri-connect/products/
Traceback (most recent call last):
  File "C:\Users\kouek\kouekam\business\conect pin and go delivery\farm business\venv\Lib\site-packages\django\core\handlers\exception.py", line 55, in inner
    response = get_response(request)
  File "C:\Users\kouek\kouekam\business\conect pin and go delivery\farm business\venv\Lib\site-packages\django\core\handlers\base.py", line 197, in _get_response
    response = wrapped_callback(request, *callback_args, **callback_kwargs)
  File "C:\Users\kouek\kouekam\business\conect pin and go delivery\farm business\venv\Lib\site-packages\django\views\decorators\csrf.py", line 65, in _view_wrapper
    return view_func(request, *args, **kwargs)
  File "C:\Users\kouek\kouekam\business\conect pin and go delivery\farm business\venv\Lib\site-packages\django\views\generic\base.py", line 105, in view
    return self.dispatch(request, *args, **kwargs)
           ~~~~~~~~~~~~~^^^^^^^^^^^^^^^^^^^^^^^^^^
  File "C:\Users\kouek\kouekam\business\conect pin and go delivery\farm business\venv\Lib\site-packages\rest_framework\views.py", line 515, in dispatch
    response = self.handle_exception(exc)
  File "C:\Users\kouek\kouekam\business\conect pin and go delivery\farm business\venv\Lib\site-packages\rest_framework\views.py", line 475, in handle_exception
    self.raise_uncaught_exception(exc)
    ~~~~~~~~~~~~~~~~~~~~~~~~~~~~~^^^^^
  File "C:\Users\kouek\kouekam\business\conect pin and go delivery\farm business\venv\Lib\site-packages\rest_framework\views.py", line 486, in raise_uncaught_exception
    raise exc
  File "C:\Users\kouek\kouekam\business\conect pin and go delivery\farm business\venv\Lib\site-packages\rest_framework\views.py", line 512, in dispatch
    response = handler(request, *args, **kwargs)
  File "C:\Users\kouek\kouekam\business\conect pin and go delivery\farm business\venv\Lib\site-packages\rest_framework\generics.py", line 203, in get
    return self.list(request, *args, **kwargs)
           ~~~~~~~~~^^^^^^^^^^^^^^^^^^^^^^^^^^
  File "C:\Users\kouek\kouekam\business\conect pin and go delivery\farm business\venv\Lib\site-packages\rest_framework\mixins.py", line 38, in list
    queryset = self.filter_queryset(self.get_queryset())
  File "C:\Users\kouek\kouekam\business\conect pin and go delivery\farm business\venv\Lib\site-packages\rest_framework\generics.py", line 154, in filter_queryset
    queryset = backend().filter_queryset(self.request, queryset, self)
  File "C:\Users\kouek\kouekam\business\conect pin and go delivery\farm business\venv\Lib\site-packages\django_filters\rest_framework\backends.py", line 66, in filter_queryset
    filterset = self.get_filterset(request, queryset, view)
  File "C:\Users\kouek\kouekam\business\conect pin and go delivery\farm business\venv\Lib\site-packages\django_filters\rest_framework\backends.py", line 18, in get_filterset
    filterset_class = self.get_filterset_class(view, queryset)
  File "C:\Users\kouek\kouekam\business\conect pin and go delivery\farm business\venv\Lib\site-packages\django_filters\rest_framework\backends.py", line 49, in get_filterset_class
    class AutoFilterSet(self.filterset_base):
    ...<2 lines>...
            fields = filterset_fields
  File "C:\Users\kouek\kouekam\business\conect pin and go delivery\farm business\venv\Lib\site-packages\django_filters\filterset.py", line 82, in __new__
    new_class.base_filters = new_class.get_filters()
                             ~~~~~~~~~~~~~~~~~~~~~^^
  File "C:\Users\kouek\kouekam\business\conect pin and go delivery\farm business\venv\Lib\site-packages\django_filters\filterset.py", line 371, in get_filters
    raise TypeError(
    ...<2 lines>...
    )
TypeError: 'Meta.fields' must not contain non-model field names: is_on_sale
ERROR 2025-08-11 15:01:01,927 log 26332 14288 Internal Server Error: /api/agri-connect/orders/
Traceback (most recent call last):
  File "C:\Users\kouek\kouekam\business\conect pin and go delivery\farm business\venv\Lib\site-packages\django\core\handlers\exception.py", line 55, in inner
    response = get_response(request)
  File "C:\Users\kouek\kouekam\business\conect pin and go delivery\farm business\venv\Lib\site-packages\django\core\handlers\base.py", line 197, in _get_response
    response = wrapped_callback(request, *callback_args, **callback_kwargs)
  File "C:\Users\kouek\kouekam\business\conect pin and go delivery\farm business\venv\Lib\site-packages\django\views\decorators\csrf.py", line 65, in _view_wrapper
    return view_func(request, *args, **kwargs)
  File "C:\Users\kouek\kouekam\business\conect pin and go delivery\farm business\venv\Lib\site-packages\django\views\generic\base.py", line 105, in view
    return self.dispatch(request, *args, **kwargs)
           ~~~~~~~~~~~~~^^^^^^^^^^^^^^^^^^^^^^^^^^
  File "C:\Users\kouek\kouekam\business\conect pin and go delivery\farm business\venv\Lib\site-packages\rest_framework\views.py", line 515, in dispatch
    response = self.handle_exception(exc)
  File "C:\Users\kouek\kouekam\business\conect pin and go delivery\farm business\venv\Lib\site-packages\rest_framework\views.py", line 475, in handle_exception
    self.raise_uncaught_exception(exc)
    ~~~~~~~~~~~~~~~~~~~~~~~~~~~~~^^^^^
  File "C:\Users\kouek\kouekam\business\conect pin and go delivery\farm business\venv\Lib\site-packages\rest_framework\views.py", line 486, in raise_uncaught_exception
    raise exc
  File "C:\Users\kouek\kouekam\business\conect pin and go delivery\farm business\venv\Lib\site-packages\rest_framework\views.py", line 512, in dispatch
    response = handler(request, *args, **kwargs)
  File "C:\Users\kouek\kouekam\business\conect pin and go delivery\farm business\venv\Lib\site-packages\rest_framework\generics.py", line 243, in get
    return self.list(request, *args, **kwargs)
           ~~~~~~~~~^^^^^^^^^^^^^^^^^^^^^^^^^^
  File "C:\Users\kouek\kouekam\business\conect pin and go delivery\farm business\venv\Lib\site-packages\rest_framework\mixins.py", line 40, in list
    page = self.paginate_queryset(queryset)
  File "C:\Users\kouek\kouekam\business\conect pin and go delivery\farm business\venv\Lib\site-packages\rest_framework\generics.py", line 175, in paginate_queryset
    return self.paginator.paginate_queryset(queryset, self.request, view=self)
           ~~~~~~~~~~~~~~~~~~~~~~~~~~~~~~~~^^^^^^^^^^^^^^^^^^^^^^^^^^^^^^^^^^^
  File "C:\Users\kouek\kouekam\business\conect pin and go delivery\farm business\venv\Lib\site-packages\rest_framework\pagination.py", line 222, in paginate_queryset
    return list(self.page)
  File "C:\Users\kouek\kouekam\business\conect pin and go delivery\farm business\venv\Lib\site-packages\django\core\paginator.py", line 191, in __len__
    return len(self.object_list)
  File "C:\Users\kouek\kouekam\business\conect pin and go delivery\farm business\venv\Lib\site-packages\django\db\models\query.py", line 366, in __len__
    self._fetch_all()
    ~~~~~~~~~~~~~~~^^
  File "C:\Users\kouek\kouekam\business\conect pin and go delivery\farm business\venv\Lib\site-packages\cacheops\query.py", line 250, in _fetch_all
    return self._no_monkey._fetch_all(self)
           ~~~~~~~~~~~~~~~~~~~~~~~~~~^^^^^^
  File "C:\Users\kouek\kouekam\business\conect pin and go delivery\farm business\venv\Lib\site-packages\django\db\models\query.py", line 1949, in _fetch_all
    self._result_cache = list(self._iterable_class(self))
                         ~~~~^^^^^^^^^^^^^^^^^^^^^^^^^^^^
  File "C:\Users\kouek\kouekam\business\conect pin and go delivery\farm business\venv\Lib\site-packages\django\db\models\query.py", line 91, in __iter__
    results = compiler.execute_sql(
        chunked_fetch=self.chunked_fetch, chunk_size=self.chunk_size
    )
  File "C:\Users\kouek\kouekam\business\conect pin and go delivery\farm business\venv\Lib\site-packages\django\db\models\sql\compiler.py", line 1610, in execute_sql
    sql, params = self.as_sql()
                  ~~~~~~~~~~~^^
  File "C:\Users\kouek\kouekam\business\conect pin and go delivery\farm business\venv\Lib\site-packages\django\db\models\sql\compiler.py", line 766, in as_sql
    extra_select, order_by, group_by = self.pre_sql_setup(
                                       ~~~~~~~~~~~~~~~~~~^
        with_col_aliases=with_col_aliases or bool(combinator),
        ^^^^^^^^^^^^^^^^^^^^^^^^^^^^^^^^^^^^^^^^^^^^^^^^^^^^^^
    )
    ^
  File "C:\Users\kouek\kouekam\business\conect pin and go delivery\farm business\venv\Lib\site-packages\django\db\models\sql\compiler.py", line 85, in pre_sql_setup
    self.setup_query(with_col_aliases=with_col_aliases)
    ~~~~~~~~~~~~~~~~^^^^^^^^^^^^^^^^^^^^^^^^^^^^^^^^^^^
  File "C:\Users\kouek\kouekam\business\conect pin and go delivery\farm business\venv\Lib\site-packages\django\db\models\sql\compiler.py", line 74, in setup_query
    self.select, self.klass_info, self.annotation_col_map = self.get_select(
                                                            ~~~~~~~~~~~~~~~^
        with_col_aliases=with_col_aliases,
        ^^^^^^^^^^^^^^^^^^^^^^^^^^^^^^^^^^
    )
    ^
  File "C:\Users\kouek\kouekam\business\conect pin and go delivery\farm business\venv\Lib\site-packages\django\db\models\sql\compiler.py", line 299, in get_select
    related_klass_infos = self.get_related_selections(select, select_mask)
  File "C:\Users\kouek\kouekam\business\conect pin and go delivery\farm business\venv\Lib\site-packages\django\db\models\sql\compiler.py", line 1230, in get_related_selections
    raise FieldError(
    ...<6 lines>...
    )
django.core.exceptions.FieldError: Non-relational field given in select_related: 'delivery_address'. Choices are: customer, delivery_agent
ERROR 2025-08-11 15:01:03,126 log 26332 14288 Internal Server Error: /api/agri-connect/orders/
Traceback (most recent call last):
  File "C:\Users\kouek\kouekam\business\conect pin and go delivery\farm business\venv\Lib\site-packages\django\core\handlers\exception.py", line 55, in inner
    response = get_response(request)
  File "C:\Users\kouek\kouekam\business\conect pin and go delivery\farm business\venv\Lib\site-packages\django\core\handlers\base.py", line 197, in _get_response
    response = wrapped_callback(request, *callback_args, **callback_kwargs)
  File "C:\Users\kouek\kouekam\business\conect pin and go delivery\farm business\venv\Lib\site-packages\django\views\decorators\csrf.py", line 65, in _view_wrapper
    return view_func(request, *args, **kwargs)
  File "C:\Users\kouek\kouekam\business\conect pin and go delivery\farm business\venv\Lib\site-packages\django\views\generic\base.py", line 105, in view
    return self.dispatch(request, *args, **kwargs)
           ~~~~~~~~~~~~~^^^^^^^^^^^^^^^^^^^^^^^^^^
  File "C:\Users\kouek\kouekam\business\conect pin and go delivery\farm business\venv\Lib\site-packages\rest_framework\views.py", line 515, in dispatch
    response = self.handle_exception(exc)
  File "C:\Users\kouek\kouekam\business\conect pin and go delivery\farm business\venv\Lib\site-packages\rest_framework\views.py", line 475, in handle_exception
    self.raise_uncaught_exception(exc)
    ~~~~~~~~~~~~~~~~~~~~~~~~~~~~~^^^^^
  File "C:\Users\kouek\kouekam\business\conect pin and go delivery\farm business\venv\Lib\site-packages\rest_framework\views.py", line 486, in raise_uncaught_exception
    raise exc
  File "C:\Users\kouek\kouekam\business\conect pin and go delivery\farm business\venv\Lib\site-packages\rest_framework\views.py", line 512, in dispatch
    response = handler(request, *args, **kwargs)
  File "C:\Users\kouek\kouekam\business\conect pin and go delivery\farm business\venv\Lib\site-packages\rest_framework\generics.py", line 243, in get
    return self.list(request, *args, **kwargs)
           ~~~~~~~~~^^^^^^^^^^^^^^^^^^^^^^^^^^
  File "C:\Users\kouek\kouekam\business\conect pin and go delivery\farm business\venv\Lib\site-packages\rest_framework\mixins.py", line 40, in list
    page = self.paginate_queryset(queryset)
  File "C:\Users\kouek\kouekam\business\conect pin and go delivery\farm business\venv\Lib\site-packages\rest_framework\generics.py", line 175, in paginate_queryset
    return self.paginator.paginate_queryset(queryset, self.request, view=self)
           ~~~~~~~~~~~~~~~~~~~~~~~~~~~~~~~~^^^^^^^^^^^^^^^^^^^^^^^^^^^^^^^^^^^
  File "C:\Users\kouek\kouekam\business\conect pin and go delivery\farm business\venv\Lib\site-packages\rest_framework\pagination.py", line 222, in paginate_queryset
    return list(self.page)
  File "C:\Users\kouek\kouekam\business\conect pin and go delivery\farm business\venv\Lib\site-packages\django\core\paginator.py", line 191, in __len__
    return len(self.object_list)
  File "C:\Users\kouek\kouekam\business\conect pin and go delivery\farm business\venv\Lib\site-packages\django\db\models\query.py", line 366, in __len__
    self._fetch_all()
    ~~~~~~~~~~~~~~~^^
  File "C:\Users\kouek\kouekam\business\conect pin and go delivery\farm business\venv\Lib\site-packages\cacheops\query.py", line 250, in _fetch_all
    return self._no_monkey._fetch_all(self)
           ~~~~~~~~~~~~~~~~~~~~~~~~~~^^^^^^
  File "C:\Users\kouek\kouekam\business\conect pin and go delivery\farm business\venv\Lib\site-packages\django\db\models\query.py", line 1949, in _fetch_all
    self._result_cache = list(self._iterable_class(self))
                         ~~~~^^^^^^^^^^^^^^^^^^^^^^^^^^^^
  File "C:\Users\kouek\kouekam\business\conect pin and go delivery\farm business\venv\Lib\site-packages\django\db\models\query.py", line 91, in __iter__
    results = compiler.execute_sql(
        chunked_fetch=self.chunked_fetch, chunk_size=self.chunk_size
    )
  File "C:\Users\kouek\kouekam\business\conect pin and go delivery\farm business\venv\Lib\site-packages\django\db\models\sql\compiler.py", line 1610, in execute_sql
    sql, params = self.as_sql()
                  ~~~~~~~~~~~^^
  File "C:\Users\kouek\kouekam\business\conect pin and go delivery\farm business\venv\Lib\site-packages\django\db\models\sql\compiler.py", line 766, in as_sql
    extra_select, order_by, group_by = self.pre_sql_setup(
                                       ~~~~~~~~~~~~~~~~~~^
        with_col_aliases=with_col_aliases or bool(combinator),
        ^^^^^^^^^^^^^^^^^^^^^^^^^^^^^^^^^^^^^^^^^^^^^^^^^^^^^^
    )
    ^
  File "C:\Users\kouek\kouekam\business\conect pin and go delivery\farm business\venv\Lib\site-packages\django\db\models\sql\compiler.py", line 85, in pre_sql_setup
    self.setup_query(with_col_aliases=with_col_aliases)
    ~~~~~~~~~~~~~~~~^^^^^^^^^^^^^^^^^^^^^^^^^^^^^^^^^^^
  File "C:\Users\kouek\kouekam\business\conect pin and go delivery\farm business\venv\Lib\site-packages\django\db\models\sql\compiler.py", line 74, in setup_query
    self.select, self.klass_info, self.annotation_col_map = self.get_select(
                                                            ~~~~~~~~~~~~~~~^
        with_col_aliases=with_col_aliases,
        ^^^^^^^^^^^^^^^^^^^^^^^^^^^^^^^^^^
    )
    ^
  File "C:\Users\kouek\kouekam\business\conect pin and go delivery\farm business\venv\Lib\site-packages\django\db\models\sql\compiler.py", line 299, in get_select
    related_klass_infos = self.get_related_selections(select, select_mask)
  File "C:\Users\kouek\kouekam\business\conect pin and go delivery\farm business\venv\Lib\site-packages\django\db\models\sql\compiler.py", line 1230, in get_related_selections
    raise FieldError(
    ...<6 lines>...
    )
django.core.exceptions.FieldError: Non-relational field given in select_related: 'delivery_address'. Choices are: customer, delivery_agent
WARNING 2025-08-11 15:03:28,042 log 26332 14288 Not Found: /api/notifications/
ERROR 2025-08-11 15:03:28,148 log 26332 12844 Internal Server Error: /api/agri-connect/orders/
Traceback (most recent call last):
  File "C:\Users\kouek\kouekam\business\conect pin and go delivery\farm business\venv\Lib\site-packages\django\core\handlers\exception.py", line 55, in inner
    response = get_response(request)
  File "C:\Users\kouek\kouekam\business\conect pin and go delivery\farm business\venv\Lib\site-packages\django\core\handlers\base.py", line 197, in _get_response
    response = wrapped_callback(request, *callback_args, **callback_kwargs)
  File "C:\Users\kouek\kouekam\business\conect pin and go delivery\farm business\venv\Lib\site-packages\django\views\decorators\csrf.py", line 65, in _view_wrapper
    return view_func(request, *args, **kwargs)
  File "C:\Users\kouek\kouekam\business\conect pin and go delivery\farm business\venv\Lib\site-packages\django\views\generic\base.py", line 105, in view
    return self.dispatch(request, *args, **kwargs)
           ~~~~~~~~~~~~~^^^^^^^^^^^^^^^^^^^^^^^^^^
  File "C:\Users\kouek\kouekam\business\conect pin and go delivery\farm business\venv\Lib\site-packages\rest_framework\views.py", line 515, in dispatch
    response = self.handle_exception(exc)
  File "C:\Users\kouek\kouekam\business\conect pin and go delivery\farm business\venv\Lib\site-packages\rest_framework\views.py", line 475, in handle_exception
    self.raise_uncaught_exception(exc)
    ~~~~~~~~~~~~~~~~~~~~~~~~~~~~~^^^^^
  File "C:\Users\kouek\kouekam\business\conect pin and go delivery\farm business\venv\Lib\site-packages\rest_framework\views.py", line 486, in raise_uncaught_exception
    raise exc
  File "C:\Users\kouek\kouekam\business\conect pin and go delivery\farm business\venv\Lib\site-packages\rest_framework\views.py", line 512, in dispatch
    response = handler(request, *args, **kwargs)
  File "C:\Users\kouek\kouekam\business\conect pin and go delivery\farm business\venv\Lib\site-packages\rest_framework\generics.py", line 243, in get
    return self.list(request, *args, **kwargs)
           ~~~~~~~~~^^^^^^^^^^^^^^^^^^^^^^^^^^
  File "C:\Users\kouek\kouekam\business\conect pin and go delivery\farm business\venv\Lib\site-packages\rest_framework\mixins.py", line 40, in list
    page = self.paginate_queryset(queryset)
  File "C:\Users\kouek\kouekam\business\conect pin and go delivery\farm business\venv\Lib\site-packages\rest_framework\generics.py", line 175, in paginate_queryset
    return self.paginator.paginate_queryset(queryset, self.request, view=self)
           ~~~~~~~~~~~~~~~~~~~~~~~~~~~~~~~~^^^^^^^^^^^^^^^^^^^^^^^^^^^^^^^^^^^
  File "C:\Users\kouek\kouekam\business\conect pin and go delivery\farm business\venv\Lib\site-packages\rest_framework\pagination.py", line 222, in paginate_queryset
    return list(self.page)
  File "C:\Users\kouek\kouekam\business\conect pin and go delivery\farm business\venv\Lib\site-packages\django\core\paginator.py", line 191, in __len__
    return len(self.object_list)
  File "C:\Users\kouek\kouekam\business\conect pin and go delivery\farm business\venv\Lib\site-packages\django\db\models\query.py", line 366, in __len__
    self._fetch_all()
    ~~~~~~~~~~~~~~~^^
  File "C:\Users\kouek\kouekam\business\conect pin and go delivery\farm business\venv\Lib\site-packages\cacheops\query.py", line 250, in _fetch_all
    return self._no_monkey._fetch_all(self)
           ~~~~~~~~~~~~~~~~~~~~~~~~~~^^^^^^
  File "C:\Users\kouek\kouekam\business\conect pin and go delivery\farm business\venv\Lib\site-packages\django\db\models\query.py", line 1949, in _fetch_all
    self._result_cache = list(self._iterable_class(self))
                         ~~~~^^^^^^^^^^^^^^^^^^^^^^^^^^^^
  File "C:\Users\kouek\kouekam\business\conect pin and go delivery\farm business\venv\Lib\site-packages\django\db\models\query.py", line 91, in __iter__
    results = compiler.execute_sql(
        chunked_fetch=self.chunked_fetch, chunk_size=self.chunk_size
    )
  File "C:\Users\kouek\kouekam\business\conect pin and go delivery\farm business\venv\Lib\site-packages\django\db\models\sql\compiler.py", line 1610, in execute_sql
    sql, params = self.as_sql()
                  ~~~~~~~~~~~^^
  File "C:\Users\kouek\kouekam\business\conect pin and go delivery\farm business\venv\Lib\site-packages\django\db\models\sql\compiler.py", line 766, in as_sql
    extra_select, order_by, group_by = self.pre_sql_setup(
                                       ~~~~~~~~~~~~~~~~~~^
        with_col_aliases=with_col_aliases or bool(combinator),
        ^^^^^^^^^^^^^^^^^^^^^^^^^^^^^^^^^^^^^^^^^^^^^^^^^^^^^^
    )
    ^
  File "C:\Users\kouek\kouekam\business\conect pin and go delivery\farm business\venv\Lib\site-packages\django\db\models\sql\compiler.py", line 85, in pre_sql_setup
    self.setup_query(with_col_aliases=with_col_aliases)
    ~~~~~~~~~~~~~~~~^^^^^^^^^^^^^^^^^^^^^^^^^^^^^^^^^^^
  File "C:\Users\kouek\kouekam\business\conect pin and go delivery\farm business\venv\Lib\site-packages\django\db\models\sql\compiler.py", line 74, in setup_query
    self.select, self.klass_info, self.annotation_col_map = self.get_select(
                                                            ~~~~~~~~~~~~~~~^
        with_col_aliases=with_col_aliases,
        ^^^^^^^^^^^^^^^^^^^^^^^^^^^^^^^^^^
    )
    ^
  File "C:\Users\kouek\kouekam\business\conect pin and go delivery\farm business\venv\Lib\site-packages\django\db\models\sql\compiler.py", line 299, in get_select
    related_klass_infos = self.get_related_selections(select, select_mask)
  File "C:\Users\kouek\kouekam\business\conect pin and go delivery\farm business\venv\Lib\site-packages\django\db\models\sql\compiler.py", line 1230, in get_related_selections
    raise FieldError(
    ...<6 lines>...
    )
django.core.exceptions.FieldError: Non-relational field given in select_related: 'delivery_address'. Choices are: customer, delivery_agent
WARNING 2025-08-11 15:03:29,080 log 26332 12844 Not Found: /api/notifications/
ERROR 2025-08-11 15:03:29,295 log 26332 12844 Internal Server Error: /api/agri-connect/orders/
Traceback (most recent call last):
  File "C:\Users\kouek\kouekam\business\conect pin and go delivery\farm business\venv\Lib\site-packages\django\core\handlers\exception.py", line 55, in inner
    response = get_response(request)
  File "C:\Users\kouek\kouekam\business\conect pin and go delivery\farm business\venv\Lib\site-packages\django\core\handlers\base.py", line 197, in _get_response
    response = wrapped_callback(request, *callback_args, **callback_kwargs)
  File "C:\Users\kouek\kouekam\business\conect pin and go delivery\farm business\venv\Lib\site-packages\django\views\decorators\csrf.py", line 65, in _view_wrapper
    return view_func(request, *args, **kwargs)
  File "C:\Users\kouek\kouekam\business\conect pin and go delivery\farm business\venv\Lib\site-packages\django\views\generic\base.py", line 105, in view
    return self.dispatch(request, *args, **kwargs)
           ~~~~~~~~~~~~~^^^^^^^^^^^^^^^^^^^^^^^^^^
  File "C:\Users\kouek\kouekam\business\conect pin and go delivery\farm business\venv\Lib\site-packages\rest_framework\views.py", line 515, in dispatch
    response = self.handle_exception(exc)
  File "C:\Users\kouek\kouekam\business\conect pin and go delivery\farm business\venv\Lib\site-packages\rest_framework\views.py", line 475, in handle_exception
    self.raise_uncaught_exception(exc)
    ~~~~~~~~~~~~~~~~~~~~~~~~~~~~~^^^^^
  File "C:\Users\kouek\kouekam\business\conect pin and go delivery\farm business\venv\Lib\site-packages\rest_framework\views.py", line 486, in raise_uncaught_exception
    raise exc
  File "C:\Users\kouek\kouekam\business\conect pin and go delivery\farm business\venv\Lib\site-packages\rest_framework\views.py", line 512, in dispatch
    response = handler(request, *args, **kwargs)
  File "C:\Users\kouek\kouekam\business\conect pin and go delivery\farm business\venv\Lib\site-packages\rest_framework\generics.py", line 243, in get
    return self.list(request, *args, **kwargs)
           ~~~~~~~~~^^^^^^^^^^^^^^^^^^^^^^^^^^
  File "C:\Users\kouek\kouekam\business\conect pin and go delivery\farm business\venv\Lib\site-packages\rest_framework\mixins.py", line 40, in list
    page = self.paginate_queryset(queryset)
  File "C:\Users\kouek\kouekam\business\conect pin and go delivery\farm business\venv\Lib\site-packages\rest_framework\generics.py", line 175, in paginate_queryset
    return self.paginator.paginate_queryset(queryset, self.request, view=self)
           ~~~~~~~~~~~~~~~~~~~~~~~~~~~~~~~~^^^^^^^^^^^^^^^^^^^^^^^^^^^^^^^^^^^
  File "C:\Users\kouek\kouekam\business\conect pin and go delivery\farm business\venv\Lib\site-packages\rest_framework\pagination.py", line 222, in paginate_queryset
    return list(self.page)
  File "C:\Users\kouek\kouekam\business\conect pin and go delivery\farm business\venv\Lib\site-packages\django\core\paginator.py", line 191, in __len__
    return len(self.object_list)
  File "C:\Users\kouek\kouekam\business\conect pin and go delivery\farm business\venv\Lib\site-packages\django\db\models\query.py", line 366, in __len__
    self._fetch_all()
    ~~~~~~~~~~~~~~~^^
  File "C:\Users\kouek\kouekam\business\conect pin and go delivery\farm business\venv\Lib\site-packages\cacheops\query.py", line 250, in _fetch_all
    return self._no_monkey._fetch_all(self)
           ~~~~~~~~~~~~~~~~~~~~~~~~~~^^^^^^
  File "C:\Users\kouek\kouekam\business\conect pin and go delivery\farm business\venv\Lib\site-packages\django\db\models\query.py", line 1949, in _fetch_all
    self._result_cache = list(self._iterable_class(self))
                         ~~~~^^^^^^^^^^^^^^^^^^^^^^^^^^^^
  File "C:\Users\kouek\kouekam\business\conect pin and go delivery\farm business\venv\Lib\site-packages\django\db\models\query.py", line 91, in __iter__
    results = compiler.execute_sql(
        chunked_fetch=self.chunked_fetch, chunk_size=self.chunk_size
    )
  File "C:\Users\kouek\kouekam\business\conect pin and go delivery\farm business\venv\Lib\site-packages\django\db\models\sql\compiler.py", line 1610, in execute_sql
    sql, params = self.as_sql()
                  ~~~~~~~~~~~^^
  File "C:\Users\kouek\kouekam\business\conect pin and go delivery\farm business\venv\Lib\site-packages\django\db\models\sql\compiler.py", line 766, in as_sql
    extra_select, order_by, group_by = self.pre_sql_setup(
                                       ~~~~~~~~~~~~~~~~~~^
        with_col_aliases=with_col_aliases or bool(combinator),
        ^^^^^^^^^^^^^^^^^^^^^^^^^^^^^^^^^^^^^^^^^^^^^^^^^^^^^^
    )
    ^
  File "C:\Users\kouek\kouekam\business\conect pin and go delivery\farm business\venv\Lib\site-packages\django\db\models\sql\compiler.py", line 85, in pre_sql_setup
    self.setup_query(with_col_aliases=with_col_aliases)
    ~~~~~~~~~~~~~~~~^^^^^^^^^^^^^^^^^^^^^^^^^^^^^^^^^^^
  File "C:\Users\kouek\kouekam\business\conect pin and go delivery\farm business\venv\Lib\site-packages\django\db\models\sql\compiler.py", line 74, in setup_query
    self.select, self.klass_info, self.annotation_col_map = self.get_select(
                                                            ~~~~~~~~~~~~~~~^
        with_col_aliases=with_col_aliases,
        ^^^^^^^^^^^^^^^^^^^^^^^^^^^^^^^^^^
    )
    ^
  File "C:\Users\kouek\kouekam\business\conect pin and go delivery\farm business\venv\Lib\site-packages\django\db\models\sql\compiler.py", line 299, in get_select
    related_klass_infos = self.get_related_selections(select, select_mask)
  File "C:\Users\kouek\kouekam\business\conect pin and go delivery\farm business\venv\Lib\site-packages\django\db\models\sql\compiler.py", line 1230, in get_related_selections
    raise FieldError(
    ...<6 lines>...
    )
django.core.exceptions.FieldError: Non-relational field given in select_related: 'delivery_address'. Choices are: customer, delivery_agent
ERROR 2025-08-11 15:03:35,848 log 26332 12844 Internal Server Error: /api/agri-connect/products/
Traceback (most recent call last):
  File "C:\Users\kouek\kouekam\business\conect pin and go delivery\farm business\venv\Lib\site-packages\django\core\handlers\exception.py", line 55, in inner
    response = get_response(request)
  File "C:\Users\kouek\kouekam\business\conect pin and go delivery\farm business\venv\Lib\site-packages\django\core\handlers\base.py", line 197, in _get_response
    response = wrapped_callback(request, *callback_args, **callback_kwargs)
  File "C:\Users\kouek\kouekam\business\conect pin and go delivery\farm business\venv\Lib\site-packages\django\views\decorators\csrf.py", line 65, in _view_wrapper
    return view_func(request, *args, **kwargs)
  File "C:\Users\kouek\kouekam\business\conect pin and go delivery\farm business\venv\Lib\site-packages\django\views\generic\base.py", line 105, in view
    return self.dispatch(request, *args, **kwargs)
           ~~~~~~~~~~~~~^^^^^^^^^^^^^^^^^^^^^^^^^^
  File "C:\Users\kouek\kouekam\business\conect pin and go delivery\farm business\venv\Lib\site-packages\rest_framework\views.py", line 515, in dispatch
    response = self.handle_exception(exc)
  File "C:\Users\kouek\kouekam\business\conect pin and go delivery\farm business\venv\Lib\site-packages\rest_framework\views.py", line 475, in handle_exception
    self.raise_uncaught_exception(exc)
    ~~~~~~~~~~~~~~~~~~~~~~~~~~~~~^^^^^
  File "C:\Users\kouek\kouekam\business\conect pin and go delivery\farm business\venv\Lib\site-packages\rest_framework\views.py", line 486, in raise_uncaught_exception
    raise exc
  File "C:\Users\kouek\kouekam\business\conect pin and go delivery\farm business\venv\Lib\site-packages\rest_framework\views.py", line 512, in dispatch
    response = handler(request, *args, **kwargs)
  File "C:\Users\kouek\kouekam\business\conect pin and go delivery\farm business\venv\Lib\site-packages\rest_framework\generics.py", line 203, in get
    return self.list(request, *args, **kwargs)
           ~~~~~~~~~^^^^^^^^^^^^^^^^^^^^^^^^^^
  File "C:\Users\kouek\kouekam\business\conect pin and go delivery\farm business\venv\Lib\site-packages\rest_framework\mixins.py", line 38, in list
    queryset = self.filter_queryset(self.get_queryset())
  File "C:\Users\kouek\kouekam\business\conect pin and go delivery\farm business\venv\Lib\site-packages\rest_framework\generics.py", line 154, in filter_queryset
    queryset = backend().filter_queryset(self.request, queryset, self)
  File "C:\Users\kouek\kouekam\business\conect pin and go delivery\farm business\venv\Lib\site-packages\django_filters\rest_framework\backends.py", line 66, in filter_queryset
    filterset = self.get_filterset(request, queryset, view)
  File "C:\Users\kouek\kouekam\business\conect pin and go delivery\farm business\venv\Lib\site-packages\django_filters\rest_framework\backends.py", line 18, in get_filterset
    filterset_class = self.get_filterset_class(view, queryset)
  File "C:\Users\kouek\kouekam\business\conect pin and go delivery\farm business\venv\Lib\site-packages\django_filters\rest_framework\backends.py", line 49, in get_filterset_class
    class AutoFilterSet(self.filterset_base):
    ...<2 lines>...
            fields = filterset_fields
  File "C:\Users\kouek\kouekam\business\conect pin and go delivery\farm business\venv\Lib\site-packages\django_filters\filterset.py", line 82, in __new__
    new_class.base_filters = new_class.get_filters()
                             ~~~~~~~~~~~~~~~~~~~~~^^
  File "C:\Users\kouek\kouekam\business\conect pin and go delivery\farm business\venv\Lib\site-packages\django_filters\filterset.py", line 371, in get_filters
    raise TypeError(
    ...<2 lines>...
    )
TypeError: 'Meta.fields' must not contain non-model field names: is_on_sale
ERROR 2025-08-11 15:03:37,006 log 26332 12844 Internal Server Error: /api/agri-connect/products/
Traceback (most recent call last):
  File "C:\Users\kouek\kouekam\business\conect pin and go delivery\farm business\venv\Lib\site-packages\django\core\handlers\exception.py", line 55, in inner
    response = get_response(request)
  File "C:\Users\kouek\kouekam\business\conect pin and go delivery\farm business\venv\Lib\site-packages\django\core\handlers\base.py", line 197, in _get_response
    response = wrapped_callback(request, *callback_args, **callback_kwargs)
  File "C:\Users\kouek\kouekam\business\conect pin and go delivery\farm business\venv\Lib\site-packages\django\views\decorators\csrf.py", line 65, in _view_wrapper
    return view_func(request, *args, **kwargs)
  File "C:\Users\kouek\kouekam\business\conect pin and go delivery\farm business\venv\Lib\site-packages\django\views\generic\base.py", line 105, in view
    return self.dispatch(request, *args, **kwargs)
           ~~~~~~~~~~~~~^^^^^^^^^^^^^^^^^^^^^^^^^^
  File "C:\Users\kouek\kouekam\business\conect pin and go delivery\farm business\venv\Lib\site-packages\rest_framework\views.py", line 515, in dispatch
    response = self.handle_exception(exc)
  File "C:\Users\kouek\kouekam\business\conect pin and go delivery\farm business\venv\Lib\site-packages\rest_framework\views.py", line 475, in handle_exception
    self.raise_uncaught_exception(exc)
    ~~~~~~~~~~~~~~~~~~~~~~~~~~~~~^^^^^
  File "C:\Users\kouek\kouekam\business\conect pin and go delivery\farm business\venv\Lib\site-packages\rest_framework\views.py", line 486, in raise_uncaught_exception
    raise exc
  File "C:\Users\kouek\kouekam\business\conect pin and go delivery\farm business\venv\Lib\site-packages\rest_framework\views.py", line 512, in dispatch
    response = handler(request, *args, **kwargs)
  File "C:\Users\kouek\kouekam\business\conect pin and go delivery\farm business\venv\Lib\site-packages\rest_framework\generics.py", line 203, in get
    return self.list(request, *args, **kwargs)
           ~~~~~~~~~^^^^^^^^^^^^^^^^^^^^^^^^^^
  File "C:\Users\kouek\kouekam\business\conect pin and go delivery\farm business\venv\Lib\site-packages\rest_framework\mixins.py", line 38, in list
    queryset = self.filter_queryset(self.get_queryset())
  File "C:\Users\kouek\kouekam\business\conect pin and go delivery\farm business\venv\Lib\site-packages\rest_framework\generics.py", line 154, in filter_queryset
    queryset = backend().filter_queryset(self.request, queryset, self)
  File "C:\Users\kouek\kouekam\business\conect pin and go delivery\farm business\venv\Lib\site-packages\django_filters\rest_framework\backends.py", line 66, in filter_queryset
    filterset = self.get_filterset(request, queryset, view)
  File "C:\Users\kouek\kouekam\business\conect pin and go delivery\farm business\venv\Lib\site-packages\django_filters\rest_framework\backends.py", line 18, in get_filterset
    filterset_class = self.get_filterset_class(view, queryset)
  File "C:\Users\kouek\kouekam\business\conect pin and go delivery\farm business\venv\Lib\site-packages\django_filters\rest_framework\backends.py", line 49, in get_filterset_class
    class AutoFilterSet(self.filterset_base):
    ...<2 lines>...
            fields = filterset_fields
  File "C:\Users\kouek\kouekam\business\conect pin and go delivery\farm business\venv\Lib\site-packages\django_filters\filterset.py", line 82, in __new__
    new_class.base_filters = new_class.get_filters()
                             ~~~~~~~~~~~~~~~~~~~~~^^
  File "C:\Users\kouek\kouekam\business\conect pin and go delivery\farm business\venv\Lib\site-packages\django_filters\filterset.py", line 371, in get_filters
    raise TypeError(
    ...<2 lines>...
    )
TypeError: 'Meta.fields' must not contain non-model field names: is_on_sale
ERROR 2025-08-11 15:03:42,924 log 26332 12844 Internal Server Error: /api/agri-connect/products/
Traceback (most recent call last):
  File "C:\Users\kouek\kouekam\business\conect pin and go delivery\farm business\venv\Lib\site-packages\django\core\handlers\exception.py", line 55, in inner
    response = get_response(request)
  File "C:\Users\kouek\kouekam\business\conect pin and go delivery\farm business\venv\Lib\site-packages\django\core\handlers\base.py", line 197, in _get_response
    response = wrapped_callback(request, *callback_args, **callback_kwargs)
  File "C:\Users\kouek\kouekam\business\conect pin and go delivery\farm business\venv\Lib\site-packages\django\views\decorators\csrf.py", line 65, in _view_wrapper
    return view_func(request, *args, **kwargs)
  File "C:\Users\kouek\kouekam\business\conect pin and go delivery\farm business\venv\Lib\site-packages\django\views\generic\base.py", line 105, in view
    return self.dispatch(request, *args, **kwargs)
           ~~~~~~~~~~~~~^^^^^^^^^^^^^^^^^^^^^^^^^^
  File "C:\Users\kouek\kouekam\business\conect pin and go delivery\farm business\venv\Lib\site-packages\rest_framework\views.py", line 515, in dispatch
    response = self.handle_exception(exc)
  File "C:\Users\kouek\kouekam\business\conect pin and go delivery\farm business\venv\Lib\site-packages\rest_framework\views.py", line 475, in handle_exception
    self.raise_uncaught_exception(exc)
    ~~~~~~~~~~~~~~~~~~~~~~~~~~~~~^^^^^
  File "C:\Users\kouek\kouekam\business\conect pin and go delivery\farm business\venv\Lib\site-packages\rest_framework\views.py", line 486, in raise_uncaught_exception
    raise exc
  File "C:\Users\kouek\kouekam\business\conect pin and go delivery\farm business\venv\Lib\site-packages\rest_framework\views.py", line 512, in dispatch
    response = handler(request, *args, **kwargs)
  File "C:\Users\kouek\kouekam\business\conect pin and go delivery\farm business\venv\Lib\site-packages\rest_framework\generics.py", line 203, in get
    return self.list(request, *args, **kwargs)
           ~~~~~~~~~^^^^^^^^^^^^^^^^^^^^^^^^^^
  File "C:\Users\kouek\kouekam\business\conect pin and go delivery\farm business\venv\Lib\site-packages\rest_framework\mixins.py", line 38, in list
    queryset = self.filter_queryset(self.get_queryset())
  File "C:\Users\kouek\kouekam\business\conect pin and go delivery\farm business\venv\Lib\site-packages\rest_framework\generics.py", line 154, in filter_queryset
    queryset = backend().filter_queryset(self.request, queryset, self)
  File "C:\Users\kouek\kouekam\business\conect pin and go delivery\farm business\venv\Lib\site-packages\django_filters\rest_framework\backends.py", line 66, in filter_queryset
    filterset = self.get_filterset(request, queryset, view)
  File "C:\Users\kouek\kouekam\business\conect pin and go delivery\farm business\venv\Lib\site-packages\django_filters\rest_framework\backends.py", line 18, in get_filterset
    filterset_class = self.get_filterset_class(view, queryset)
  File "C:\Users\kouek\kouekam\business\conect pin and go delivery\farm business\venv\Lib\site-packages\django_filters\rest_framework\backends.py", line 49, in get_filterset_class
    class AutoFilterSet(self.filterset_base):
    ...<2 lines>...
            fields = filterset_fields
  File "C:\Users\kouek\kouekam\business\conect pin and go delivery\farm business\venv\Lib\site-packages\django_filters\filterset.py", line 82, in __new__
    new_class.base_filters = new_class.get_filters()
                             ~~~~~~~~~~~~~~~~~~~~~^^
  File "C:\Users\kouek\kouekam\business\conect pin and go delivery\farm business\venv\Lib\site-packages\django_filters\filterset.py", line 371, in get_filters
    raise TypeError(
    ...<2 lines>...
    )
TypeError: 'Meta.fields' must not contain non-model field names: is_on_sale
ERROR 2025-08-11 15:03:44,095 log 26332 12844 Internal Server Error: /api/agri-connect/products/
Traceback (most recent call last):
  File "C:\Users\kouek\kouekam\business\conect pin and go delivery\farm business\venv\Lib\site-packages\django\core\handlers\exception.py", line 55, in inner
    response = get_response(request)
  File "C:\Users\kouek\kouekam\business\conect pin and go delivery\farm business\venv\Lib\site-packages\django\core\handlers\base.py", line 197, in _get_response
    response = wrapped_callback(request, *callback_args, **callback_kwargs)
  File "C:\Users\kouek\kouekam\business\conect pin and go delivery\farm business\venv\Lib\site-packages\django\views\decorators\csrf.py", line 65, in _view_wrapper
    return view_func(request, *args, **kwargs)
  File "C:\Users\kouek\kouekam\business\conect pin and go delivery\farm business\venv\Lib\site-packages\django\views\generic\base.py", line 105, in view
    return self.dispatch(request, *args, **kwargs)
           ~~~~~~~~~~~~~^^^^^^^^^^^^^^^^^^^^^^^^^^
  File "C:\Users\kouek\kouekam\business\conect pin and go delivery\farm business\venv\Lib\site-packages\rest_framework\views.py", line 515, in dispatch
    response = self.handle_exception(exc)
  File "C:\Users\kouek\kouekam\business\conect pin and go delivery\farm business\venv\Lib\site-packages\rest_framework\views.py", line 475, in handle_exception
    self.raise_uncaught_exception(exc)
    ~~~~~~~~~~~~~~~~~~~~~~~~~~~~~^^^^^
  File "C:\Users\kouek\kouekam\business\conect pin and go delivery\farm business\venv\Lib\site-packages\rest_framework\views.py", line 486, in raise_uncaught_exception
    raise exc
  File "C:\Users\kouek\kouekam\business\conect pin and go delivery\farm business\venv\Lib\site-packages\rest_framework\views.py", line 512, in dispatch
    response = handler(request, *args, **kwargs)
  File "C:\Users\kouek\kouekam\business\conect pin and go delivery\farm business\venv\Lib\site-packages\rest_framework\generics.py", line 203, in get
    return self.list(request, *args, **kwargs)
           ~~~~~~~~~^^^^^^^^^^^^^^^^^^^^^^^^^^
  File "C:\Users\kouek\kouekam\business\conect pin and go delivery\farm business\venv\Lib\site-packages\rest_framework\mixins.py", line 38, in list
    queryset = self.filter_queryset(self.get_queryset())
  File "C:\Users\kouek\kouekam\business\conect pin and go delivery\farm business\venv\Lib\site-packages\rest_framework\generics.py", line 154, in filter_queryset
    queryset = backend().filter_queryset(self.request, queryset, self)
  File "C:\Users\kouek\kouekam\business\conect pin and go delivery\farm business\venv\Lib\site-packages\django_filters\rest_framework\backends.py", line 66, in filter_queryset
    filterset = self.get_filterset(request, queryset, view)
  File "C:\Users\kouek\kouekam\business\conect pin and go delivery\farm business\venv\Lib\site-packages\django_filters\rest_framework\backends.py", line 18, in get_filterset
    filterset_class = self.get_filterset_class(view, queryset)
  File "C:\Users\kouek\kouekam\business\conect pin and go delivery\farm business\venv\Lib\site-packages\django_filters\rest_framework\backends.py", line 49, in get_filterset_class
    class AutoFilterSet(self.filterset_base):
    ...<2 lines>...
            fields = filterset_fields
  File "C:\Users\kouek\kouekam\business\conect pin and go delivery\farm business\venv\Lib\site-packages\django_filters\filterset.py", line 82, in __new__
    new_class.base_filters = new_class.get_filters()
                             ~~~~~~~~~~~~~~~~~~~~~^^
  File "C:\Users\kouek\kouekam\business\conect pin and go delivery\farm business\venv\Lib\site-packages\django_filters\filterset.py", line 371, in get_filters
    raise TypeError(
    ...<2 lines>...
    )
TypeError: 'Meta.fields' must not contain non-model field names: is_on_sale
ERROR 2025-08-11 15:04:42,657 log 26332 12844 Internal Server Error: /api/agri-connect/cart/
Traceback (most recent call last):
  File "C:\Users\kouek\kouekam\business\conect pin and go delivery\farm business\venv\Lib\site-packages\django\db\backends\utils.py", line 105, in _execute
    return self.cursor.execute(sql, params)
           ~~~~~~~~~~~~~~~~~~~^^^^^^^^^^^^^
psycopg2.errors.UndefinedColumn: column agri_carts.customer_id does not exist
LINE 1: SELECT "agri_carts"."id", "agri_carts"."customer_id", "agri_...
                                  ^


The above exception was the direct cause of the following exception:

Traceback (most recent call last):
  File "C:\Users\kouek\kouekam\business\conect pin and go delivery\farm business\venv\Lib\site-packages\django\core\handlers\exception.py", line 55, in inner
    response = get_response(request)
  File "C:\Users\kouek\kouekam\business\conect pin and go delivery\farm business\venv\Lib\site-packages\django\core\handlers\base.py", line 197, in _get_response
    response = wrapped_callback(request, *callback_args, **callback_kwargs)
  File "C:\Users\kouek\kouekam\business\conect pin and go delivery\farm business\venv\Lib\site-packages\django\views\decorators\csrf.py", line 65, in _view_wrapper
    return view_func(request, *args, **kwargs)
  File "C:\Users\kouek\kouekam\business\conect pin and go delivery\farm business\venv\Lib\site-packages\django\views\generic\base.py", line 105, in view
    return self.dispatch(request, *args, **kwargs)
           ~~~~~~~~~~~~~^^^^^^^^^^^^^^^^^^^^^^^^^^
  File "C:\Users\kouek\kouekam\business\conect pin and go delivery\farm business\venv\Lib\site-packages\rest_framework\views.py", line 515, in dispatch
    response = self.handle_exception(exc)
  File "C:\Users\kouek\kouekam\business\conect pin and go delivery\farm business\venv\Lib\site-packages\rest_framework\views.py", line 475, in handle_exception
    self.raise_uncaught_exception(exc)
    ~~~~~~~~~~~~~~~~~~~~~~~~~~~~~^^^^^
  File "C:\Users\kouek\kouekam\business\conect pin and go delivery\farm business\venv\Lib\site-packages\rest_framework\views.py", line 486, in raise_uncaught_exception
    raise exc
  File "C:\Users\kouek\kouekam\business\conect pin and go delivery\farm business\venv\Lib\site-packages\rest_framework\views.py", line 512, in dispatch
    response = handler(request, *args, **kwargs)
  File "C:\Users\kouek\kouekam\business\conect pin and go delivery\farm business\backend\agri_connect\views.py", line 129, in get
    cart, created = AgriCart.objects.get_or_create(customer=request.user)
                    ~~~~~~~~~~~~~~~~~~~~~~~~~~~~~~^^^^^^^^^^^^^^^^^^^^^^^
  File "C:\Users\kouek\kouekam\business\conect pin and go delivery\farm business\venv\Lib\site-packages\django\db\models\manager.py", line 87, in manager_method
    return getattr(self.get_queryset(), name)(*args, **kwargs)
           ~~~~~~~~~~~~~~~~~~~~~~~~~~~~~~~~~~^^^^^^^^^^^^^^^^^
  File "C:\Users\kouek\kouekam\business\conect pin and go delivery\farm business\venv\Lib\site-packages\django\db\models\query.py", line 946, in get_or_create
    return self.get(**kwargs), False
           ~~~~~~~~^^^^^^^^^^
  File "C:\Users\kouek\kouekam\business\conect pin and go delivery\farm business\venv\Lib\site-packages\cacheops\query.py", line 346, in get
    return qs._no_monkey.get(qs, *args, **kwargs)
           ~~~~~~~~~~~~~~~~~^^^^^^^^^^^^^^^^^^^^^
  File "C:\Users\kouek\kouekam\business\conect pin and go delivery\farm business\venv\Lib\site-packages\django\db\models\query.py", line 629, in get
    num = len(clone)
  File "C:\Users\kouek\kouekam\business\conect pin and go delivery\farm business\venv\Lib\site-packages\django\db\models\query.py", line 366, in __len__
    self._fetch_all()
    ~~~~~~~~~~~~~~~^^
  File "C:\Users\kouek\kouekam\business\conect pin and go delivery\farm business\venv\Lib\site-packages\cacheops\query.py", line 250, in _fetch_all
    return self._no_monkey._fetch_all(self)
           ~~~~~~~~~~~~~~~~~~~~~~~~~~^^^^^^
  File "C:\Users\kouek\kouekam\business\conect pin and go delivery\farm business\venv\Lib\site-packages\django\db\models\query.py", line 1949, in _fetch_all
    self._result_cache = list(self._iterable_class(self))
                         ~~~~^^^^^^^^^^^^^^^^^^^^^^^^^^^^
  File "C:\Users\kouek\kouekam\business\conect pin and go delivery\farm business\venv\Lib\site-packages\django\db\models\query.py", line 91, in __iter__
    results = compiler.execute_sql(
        chunked_fetch=self.chunked_fetch, chunk_size=self.chunk_size
    )
  File "C:\Users\kouek\kouekam\business\conect pin and go delivery\farm business\venv\Lib\site-packages\django\db\models\sql\compiler.py", line 1623, in execute_sql
    cursor.execute(sql, params)
    ~~~~~~~~~~~~~~^^^^^^^^^^^^^
  File "C:\Users\kouek\kouekam\business\conect pin and go delivery\farm business\venv\Lib\site-packages\django\db\backends\utils.py", line 122, in execute
    return super().execute(sql, params)
           ~~~~~~~~~~~~~~~^^^^^^^^^^^^^
  File "C:\Users\kouek\kouekam\business\conect pin and go delivery\farm business\venv\Lib\site-packages\cacheops\transaction.py", line 98, in execute
    result = self._no_monkey.execute(self, sql, params)
  File "C:\Users\kouek\kouekam\business\conect pin and go delivery\farm business\venv\Lib\site-packages\django\db\backends\utils.py", line 79, in execute
    return self._execute_with_wrappers(
           ~~~~~~~~~~~~~~~~~~~~~~~~~~~^
        sql, params, many=False, executor=self._execute
        ^^^^^^^^^^^^^^^^^^^^^^^^^^^^^^^^^^^^^^^^^^^^^^^
    )
    ^
  File "C:\Users\kouek\kouekam\business\conect pin and go delivery\farm business\venv\Lib\site-packages\django\db\backends\utils.py", line 92, in _execute_with_wrappers
    return executor(sql, params, many, context)
  File "C:\Users\kouek\kouekam\business\conect pin and go delivery\farm business\venv\Lib\site-packages\django\db\backends\utils.py", line 100, in _execute
    with self.db.wrap_database_errors:
         ^^^^^^^^^^^^^^^^^^^^^^^^^^^^
  File "C:\Users\kouek\kouekam\business\conect pin and go delivery\farm business\venv\Lib\site-packages\django\db\utils.py", line 91, in __exit__
    raise dj_exc_value.with_traceback(traceback) from exc_value
  File "C:\Users\kouek\kouekam\business\conect pin and go delivery\farm business\venv\Lib\site-packages\django\db\backends\utils.py", line 105, in _execute
    return self.cursor.execute(sql, params)
           ~~~~~~~~~~~~~~~~~~~^^^^^^^^^^^^^
django.db.utils.ProgrammingError: column agri_carts.customer_id does not exist
LINE 1: SELECT "agri_carts"."id", "agri_carts"."customer_id", "agri_...
                                  ^

WARNING 2025-08-11 15:04:42,667 log 26332 14288 Not Found: /api/notifications/
WARNING 2025-08-11 15:04:43,712 log 26332 12844 Not Found: /api/notifications/
INFO 2025-08-11 15:07:32,282 autoreload 26332 22444 C:\Users\kouek\kouekam\business\conect pin and go delivery\farm business\backend\logistics\migrations\0001_initial.py changed, reloading.
INFO 2025-08-11 15:07:33,262 autoreload 20748 25676 Watching for file changes with StatReloader
INFO 2025-08-11 15:07:47,722 autoreload 20748 25676 C:\Users\kouek\kouekam\business\conect pin and go delivery\farm business\backend\payments\migrations\0001_initial.py changed, reloading.
INFO 2025-08-11 15:07:48,715 autoreload 20824 5372 Watching for file changes with StatReloader
INFO 2025-08-11 15:09:30,213 autoreload 20824 5372 C:\Users\kouek\kouekam\business\conect pin and go delivery\farm business\backend\logistics\models.py changed, reloading.
INFO 2025-08-11 15:09:31,197 autoreload 25648 24788 Watching for file changes with StatReloader
ERROR 2025-08-11 15:23:24,738 log 25648 27476 Internal Server Error: /api/agri-connect/cart/
Traceback (most recent call last):
  File "C:\Users\kouek\kouekam\business\conect pin and go delivery\farm business\venv\Lib\site-packages\django\db\backends\utils.py", line 105, in _execute
    return self.cursor.execute(sql, params)
           ~~~~~~~~~~~~~~~~~~~^^^^^^^^^^^^^
psycopg2.errors.UndefinedColumn: column agri_carts.customer_id does not exist
LINE 1: SELECT "agri_carts"."id", "agri_carts"."customer_id", "agri_...
                                  ^


The above exception was the direct cause of the following exception:

Traceback (most recent call last):
  File "C:\Users\kouek\kouekam\business\conect pin and go delivery\farm business\venv\Lib\site-packages\django\core\handlers\exception.py", line 55, in inner
    response = get_response(request)
  File "C:\Users\kouek\kouekam\business\conect pin and go delivery\farm business\venv\Lib\site-packages\django\core\handlers\base.py", line 197, in _get_response
    response = wrapped_callback(request, *callback_args, **callback_kwargs)
  File "C:\Users\kouek\kouekam\business\conect pin and go delivery\farm business\venv\Lib\site-packages\django\views\decorators\csrf.py", line 65, in _view_wrapper
    return view_func(request, *args, **kwargs)
  File "C:\Users\kouek\kouekam\business\conect pin and go delivery\farm business\venv\Lib\site-packages\django\views\generic\base.py", line 105, in view
    return self.dispatch(request, *args, **kwargs)
           ~~~~~~~~~~~~~^^^^^^^^^^^^^^^^^^^^^^^^^^
  File "C:\Users\kouek\kouekam\business\conect pin and go delivery\farm business\venv\Lib\site-packages\rest_framework\views.py", line 515, in dispatch
    response = self.handle_exception(exc)
  File "C:\Users\kouek\kouekam\business\conect pin and go delivery\farm business\venv\Lib\site-packages\rest_framework\views.py", line 475, in handle_exception
    self.raise_uncaught_exception(exc)
    ~~~~~~~~~~~~~~~~~~~~~~~~~~~~~^^^^^
  File "C:\Users\kouek\kouekam\business\conect pin and go delivery\farm business\venv\Lib\site-packages\rest_framework\views.py", line 486, in raise_uncaught_exception
    raise exc
  File "C:\Users\kouek\kouekam\business\conect pin and go delivery\farm business\venv\Lib\site-packages\rest_framework\views.py", line 512, in dispatch
    response = handler(request, *args, **kwargs)
  File "C:\Users\kouek\kouekam\business\conect pin and go delivery\farm business\backend\agri_connect\views.py", line 129, in get
    cart, created = AgriCart.objects.get_or_create(customer=request.user)
                    ~~~~~~~~~~~~~~~~~~~~~~~~~~~~~~^^^^^^^^^^^^^^^^^^^^^^^
  File "C:\Users\kouek\kouekam\business\conect pin and go delivery\farm business\venv\Lib\site-packages\django\db\models\manager.py", line 87, in manager_method
    return getattr(self.get_queryset(), name)(*args, **kwargs)
           ~~~~~~~~~~~~~~~~~~~~~~~~~~~~~~~~~~^^^^^^^^^^^^^^^^^
  File "C:\Users\kouek\kouekam\business\conect pin and go delivery\farm business\venv\Lib\site-packages\django\db\models\query.py", line 946, in get_or_create
    return self.get(**kwargs), False
           ~~~~~~~~^^^^^^^^^^
  File "C:\Users\kouek\kouekam\business\conect pin and go delivery\farm business\venv\Lib\site-packages\cacheops\query.py", line 346, in get
    return qs._no_monkey.get(qs, *args, **kwargs)
           ~~~~~~~~~~~~~~~~~^^^^^^^^^^^^^^^^^^^^^
  File "C:\Users\kouek\kouekam\business\conect pin and go delivery\farm business\venv\Lib\site-packages\django\db\models\query.py", line 629, in get
    num = len(clone)
  File "C:\Users\kouek\kouekam\business\conect pin and go delivery\farm business\venv\Lib\site-packages\django\db\models\query.py", line 366, in __len__
    self._fetch_all()
    ~~~~~~~~~~~~~~~^^
  File "C:\Users\kouek\kouekam\business\conect pin and go delivery\farm business\venv\Lib\site-packages\cacheops\query.py", line 250, in _fetch_all
    return self._no_monkey._fetch_all(self)
           ~~~~~~~~~~~~~~~~~~~~~~~~~~^^^^^^
  File "C:\Users\kouek\kouekam\business\conect pin and go delivery\farm business\venv\Lib\site-packages\django\db\models\query.py", line 1949, in _fetch_all
    self._result_cache = list(self._iterable_class(self))
                         ~~~~^^^^^^^^^^^^^^^^^^^^^^^^^^^^
  File "C:\Users\kouek\kouekam\business\conect pin and go delivery\farm business\venv\Lib\site-packages\django\db\models\query.py", line 91, in __iter__
    results = compiler.execute_sql(
        chunked_fetch=self.chunked_fetch, chunk_size=self.chunk_size
    )
  File "C:\Users\kouek\kouekam\business\conect pin and go delivery\farm business\venv\Lib\site-packages\django\db\models\sql\compiler.py", line 1623, in execute_sql
    cursor.execute(sql, params)
    ~~~~~~~~~~~~~~^^^^^^^^^^^^^
  File "C:\Users\kouek\kouekam\business\conect pin and go delivery\farm business\venv\Lib\site-packages\django\db\backends\utils.py", line 122, in execute
    return super().execute(sql, params)
           ~~~~~~~~~~~~~~~^^^^^^^^^^^^^
  File "C:\Users\kouek\kouekam\business\conect pin and go delivery\farm business\venv\Lib\site-packages\cacheops\transaction.py", line 98, in execute
    result = self._no_monkey.execute(self, sql, params)
  File "C:\Users\kouek\kouekam\business\conect pin and go delivery\farm business\venv\Lib\site-packages\django\db\backends\utils.py", line 79, in execute
    return self._execute_with_wrappers(
           ~~~~~~~~~~~~~~~~~~~~~~~~~~~^
        sql, params, many=False, executor=self._execute
        ^^^^^^^^^^^^^^^^^^^^^^^^^^^^^^^^^^^^^^^^^^^^^^^
    )
    ^
  File "C:\Users\kouek\kouekam\business\conect pin and go delivery\farm business\venv\Lib\site-packages\django\db\backends\utils.py", line 92, in _execute_with_wrappers
    return executor(sql, params, many, context)
  File "C:\Users\kouek\kouekam\business\conect pin and go delivery\farm business\venv\Lib\site-packages\django\db\backends\utils.py", line 100, in _execute
    with self.db.wrap_database_errors:
         ^^^^^^^^^^^^^^^^^^^^^^^^^^^^
  File "C:\Users\kouek\kouekam\business\conect pin and go delivery\farm business\venv\Lib\site-packages\django\db\utils.py", line 91, in __exit__
    raise dj_exc_value.with_traceback(traceback) from exc_value
  File "C:\Users\kouek\kouekam\business\conect pin and go delivery\farm business\venv\Lib\site-packages\django\db\backends\utils.py", line 105, in _execute
    return self.cursor.execute(sql, params)
           ~~~~~~~~~~~~~~~~~~~^^^^^^^^^^^^^
django.db.utils.ProgrammingError: column agri_carts.customer_id does not exist
LINE 1: SELECT "agri_carts"."id", "agri_carts"."customer_id", "agri_...
                                  ^

WARNING 2025-08-11 15:23:25,481 log 25648 27476 Not Found: /api/notifications/
INFO 2025-08-11 15:23:55,834 reset_db 28536 28592 Executing... "DROP DATABASE "chronoconnect";"
WARNING 2025-08-12 04:28:40,909 log 25648 29564 Unauthorized: /api/agri-connect/cart/
WARNING 2025-08-12 04:28:40,910 log 25648 29568 Unauthorized: /api/users/profile/
WARNING 2025-08-12 04:28:41,757 log 25648 29564 Not Found: /api/notifications/
ERROR 2025-08-12 04:28:41,998 log 25648 29568 Internal Server Error: /api/agri-connect/cart/
Traceback (most recent call last):
  File "C:\Users\kouek\kouekam\business\conect pin and go delivery\farm business\venv\Lib\site-packages\django\db\backends\utils.py", line 105, in _execute
    return self.cursor.execute(sql, params)
           ~~~~~~~~~~~~~~~~~~~^^^^^^^^^^^^^
psycopg2.errors.UndefinedColumn: column agri_carts.customer_id does not exist
LINE 1: SELECT "agri_carts"."id", "agri_carts"."customer_id", "agri_...
                                  ^


The above exception was the direct cause of the following exception:

Traceback (most recent call last):
  File "C:\Users\kouek\kouekam\business\conect pin and go delivery\farm business\venv\Lib\site-packages\django\core\handlers\exception.py", line 55, in inner
    response = get_response(request)
  File "C:\Users\kouek\kouekam\business\conect pin and go delivery\farm business\venv\Lib\site-packages\django\core\handlers\base.py", line 197, in _get_response
    response = wrapped_callback(request, *callback_args, **callback_kwargs)
  File "C:\Users\kouek\kouekam\business\conect pin and go delivery\farm business\venv\Lib\site-packages\django\views\decorators\csrf.py", line 65, in _view_wrapper
    return view_func(request, *args, **kwargs)
  File "C:\Users\kouek\kouekam\business\conect pin and go delivery\farm business\venv\Lib\site-packages\django\views\generic\base.py", line 105, in view
    return self.dispatch(request, *args, **kwargs)
           ~~~~~~~~~~~~~^^^^^^^^^^^^^^^^^^^^^^^^^^
  File "C:\Users\kouek\kouekam\business\conect pin and go delivery\farm business\venv\Lib\site-packages\rest_framework\views.py", line 515, in dispatch
    response = self.handle_exception(exc)
  File "C:\Users\kouek\kouekam\business\conect pin and go delivery\farm business\venv\Lib\site-packages\rest_framework\views.py", line 475, in handle_exception
    self.raise_uncaught_exception(exc)
    ~~~~~~~~~~~~~~~~~~~~~~~~~~~~~^^^^^
  File "C:\Users\kouek\kouekam\business\conect pin and go delivery\farm business\venv\Lib\site-packages\rest_framework\views.py", line 486, in raise_uncaught_exception
    raise exc
  File "C:\Users\kouek\kouekam\business\conect pin and go delivery\farm business\venv\Lib\site-packages\rest_framework\views.py", line 512, in dispatch
    response = handler(request, *args, **kwargs)
  File "C:\Users\kouek\kouekam\business\conect pin and go delivery\farm business\backend\agri_connect\views.py", line 129, in get
    cart, created = AgriCart.objects.get_or_create(customer=request.user)
                    ~~~~~~~~~~~~~~~~~~~~~~~~~~~~~~^^^^^^^^^^^^^^^^^^^^^^^
  File "C:\Users\kouek\kouekam\business\conect pin and go delivery\farm business\venv\Lib\site-packages\django\db\models\manager.py", line 87, in manager_method
    return getattr(self.get_queryset(), name)(*args, **kwargs)
           ~~~~~~~~~~~~~~~~~~~~~~~~~~~~~~~~~~^^^^^^^^^^^^^^^^^
  File "C:\Users\kouek\kouekam\business\conect pin and go delivery\farm business\venv\Lib\site-packages\django\db\models\query.py", line 946, in get_or_create
    return self.get(**kwargs), False
           ~~~~~~~~^^^^^^^^^^
  File "C:\Users\kouek\kouekam\business\conect pin and go delivery\farm business\venv\Lib\site-packages\cacheops\query.py", line 346, in get
    return qs._no_monkey.get(qs, *args, **kwargs)
           ~~~~~~~~~~~~~~~~~^^^^^^^^^^^^^^^^^^^^^
  File "C:\Users\kouek\kouekam\business\conect pin and go delivery\farm business\venv\Lib\site-packages\django\db\models\query.py", line 629, in get
    num = len(clone)
  File "C:\Users\kouek\kouekam\business\conect pin and go delivery\farm business\venv\Lib\site-packages\django\db\models\query.py", line 366, in __len__
    self._fetch_all()
    ~~~~~~~~~~~~~~~^^
  File "C:\Users\kouek\kouekam\business\conect pin and go delivery\farm business\venv\Lib\site-packages\cacheops\query.py", line 250, in _fetch_all
    return self._no_monkey._fetch_all(self)
           ~~~~~~~~~~~~~~~~~~~~~~~~~~^^^^^^
  File "C:\Users\kouek\kouekam\business\conect pin and go delivery\farm business\venv\Lib\site-packages\django\db\models\query.py", line 1949, in _fetch_all
    self._result_cache = list(self._iterable_class(self))
                         ~~~~^^^^^^^^^^^^^^^^^^^^^^^^^^^^
  File "C:\Users\kouek\kouekam\business\conect pin and go delivery\farm business\venv\Lib\site-packages\django\db\models\query.py", line 91, in __iter__
    results = compiler.execute_sql(
        chunked_fetch=self.chunked_fetch, chunk_size=self.chunk_size
    )
  File "C:\Users\kouek\kouekam\business\conect pin and go delivery\farm business\venv\Lib\site-packages\django\db\models\sql\compiler.py", line 1623, in execute_sql
    cursor.execute(sql, params)
    ~~~~~~~~~~~~~~^^^^^^^^^^^^^
  File "C:\Users\kouek\kouekam\business\conect pin and go delivery\farm business\venv\Lib\site-packages\django\db\backends\utils.py", line 122, in execute
    return super().execute(sql, params)
           ~~~~~~~~~~~~~~~^^^^^^^^^^^^^
  File "C:\Users\kouek\kouekam\business\conect pin and go delivery\farm business\venv\Lib\site-packages\cacheops\transaction.py", line 98, in execute
    result = self._no_monkey.execute(self, sql, params)
  File "C:\Users\kouek\kouekam\business\conect pin and go delivery\farm business\venv\Lib\site-packages\django\db\backends\utils.py", line 79, in execute
    return self._execute_with_wrappers(
           ~~~~~~~~~~~~~~~~~~~~~~~~~~~^
        sql, params, many=False, executor=self._execute
        ^^^^^^^^^^^^^^^^^^^^^^^^^^^^^^^^^^^^^^^^^^^^^^^
    )
    ^
  File "C:\Users\kouek\kouekam\business\conect pin and go delivery\farm business\venv\Lib\site-packages\django\db\backends\utils.py", line 92, in _execute_with_wrappers
    return executor(sql, params, many, context)
  File "C:\Users\kouek\kouekam\business\conect pin and go delivery\farm business\venv\Lib\site-packages\django\db\backends\utils.py", line 100, in _execute
    with self.db.wrap_database_errors:
         ^^^^^^^^^^^^^^^^^^^^^^^^^^^^
  File "C:\Users\kouek\kouekam\business\conect pin and go delivery\farm business\venv\Lib\site-packages\django\db\utils.py", line 91, in __exit__
    raise dj_exc_value.with_traceback(traceback) from exc_value
  File "C:\Users\kouek\kouekam\business\conect pin and go delivery\farm business\venv\Lib\site-packages\django\db\backends\utils.py", line 105, in _execute
    return self.cursor.execute(sql, params)
           ~~~~~~~~~~~~~~~~~~~^^^^^^^^^^^^^
django.db.utils.ProgrammingError: column agri_carts.customer_id does not exist
LINE 1: SELECT "agri_carts"."id", "agri_carts"."customer_id", "agri_...
                                  ^

WARNING 2025-08-12 06:48:43,199 log 25648 18504 Unauthorized: /api/agri-connect/cart/
WARNING 2025-08-12 06:48:43,202 log 25648 26800 Unauthorized: /api/users/profile/
ERROR 2025-08-12 06:48:44,070 log 25648 26800 Internal Server Error: /api/agri-connect/cart/
Traceback (most recent call last):
  File "C:\Users\kouek\kouekam\business\conect pin and go delivery\farm business\venv\Lib\site-packages\django\db\backends\utils.py", line 105, in _execute
    return self.cursor.execute(sql, params)
           ~~~~~~~~~~~~~~~~~~~^^^^^^^^^^^^^
psycopg2.errors.UndefinedColumn: column agri_carts.customer_id does not exist
LINE 1: SELECT "agri_carts"."id", "agri_carts"."customer_id", "agri_...
                                  ^


The above exception was the direct cause of the following exception:

Traceback (most recent call last):
  File "C:\Users\kouek\kouekam\business\conect pin and go delivery\farm business\venv\Lib\site-packages\django\core\handlers\exception.py", line 55, in inner
    response = get_response(request)
  File "C:\Users\kouek\kouekam\business\conect pin and go delivery\farm business\venv\Lib\site-packages\django\core\handlers\base.py", line 197, in _get_response
    response = wrapped_callback(request, *callback_args, **callback_kwargs)
  File "C:\Users\kouek\kouekam\business\conect pin and go delivery\farm business\venv\Lib\site-packages\django\views\decorators\csrf.py", line 65, in _view_wrapper
    return view_func(request, *args, **kwargs)
  File "C:\Users\kouek\kouekam\business\conect pin and go delivery\farm business\venv\Lib\site-packages\django\views\generic\base.py", line 105, in view
    return self.dispatch(request, *args, **kwargs)
           ~~~~~~~~~~~~~^^^^^^^^^^^^^^^^^^^^^^^^^^
  File "C:\Users\kouek\kouekam\business\conect pin and go delivery\farm business\venv\Lib\site-packages\rest_framework\views.py", line 515, in dispatch
    response = self.handle_exception(exc)
  File "C:\Users\kouek\kouekam\business\conect pin and go delivery\farm business\venv\Lib\site-packages\rest_framework\views.py", line 475, in handle_exception
    self.raise_uncaught_exception(exc)
    ~~~~~~~~~~~~~~~~~~~~~~~~~~~~~^^^^^
  File "C:\Users\kouek\kouekam\business\conect pin and go delivery\farm business\venv\Lib\site-packages\rest_framework\views.py", line 486, in raise_uncaught_exception
    raise exc
  File "C:\Users\kouek\kouekam\business\conect pin and go delivery\farm business\venv\Lib\site-packages\rest_framework\views.py", line 512, in dispatch
    response = handler(request, *args, **kwargs)
  File "C:\Users\kouek\kouekam\business\conect pin and go delivery\farm business\backend\agri_connect\views.py", line 129, in get
    cart, created = AgriCart.objects.get_or_create(customer=request.user)
                    ~~~~~~~~~~~~~~~~~~~~~~~~~~~~~~^^^^^^^^^^^^^^^^^^^^^^^
  File "C:\Users\kouek\kouekam\business\conect pin and go delivery\farm business\venv\Lib\site-packages\django\db\models\manager.py", line 87, in manager_method
    return getattr(self.get_queryset(), name)(*args, **kwargs)
           ~~~~~~~~~~~~~~~~~~~~~~~~~~~~~~~~~~^^^^^^^^^^^^^^^^^
  File "C:\Users\kouek\kouekam\business\conect pin and go delivery\farm business\venv\Lib\site-packages\django\db\models\query.py", line 946, in get_or_create
    return self.get(**kwargs), False
           ~~~~~~~~^^^^^^^^^^
  File "C:\Users\kouek\kouekam\business\conect pin and go delivery\farm business\venv\Lib\site-packages\cacheops\query.py", line 346, in get
    return qs._no_monkey.get(qs, *args, **kwargs)
           ~~~~~~~~~~~~~~~~~^^^^^^^^^^^^^^^^^^^^^
  File "C:\Users\kouek\kouekam\business\conect pin and go delivery\farm business\venv\Lib\site-packages\django\db\models\query.py", line 629, in get
    num = len(clone)
  File "C:\Users\kouek\kouekam\business\conect pin and go delivery\farm business\venv\Lib\site-packages\django\db\models\query.py", line 366, in __len__
    self._fetch_all()
    ~~~~~~~~~~~~~~~^^
  File "C:\Users\kouek\kouekam\business\conect pin and go delivery\farm business\venv\Lib\site-packages\cacheops\query.py", line 250, in _fetch_all
    return self._no_monkey._fetch_all(self)
           ~~~~~~~~~~~~~~~~~~~~~~~~~~^^^^^^
  File "C:\Users\kouek\kouekam\business\conect pin and go delivery\farm business\venv\Lib\site-packages\django\db\models\query.py", line 1949, in _fetch_all
    self._result_cache = list(self._iterable_class(self))
                         ~~~~^^^^^^^^^^^^^^^^^^^^^^^^^^^^
  File "C:\Users\kouek\kouekam\business\conect pin and go delivery\farm business\venv\Lib\site-packages\django\db\models\query.py", line 91, in __iter__
    results = compiler.execute_sql(
        chunked_fetch=self.chunked_fetch, chunk_size=self.chunk_size
    )
  File "C:\Users\kouek\kouekam\business\conect pin and go delivery\farm business\venv\Lib\site-packages\django\db\models\sql\compiler.py", line 1623, in execute_sql
    cursor.execute(sql, params)
    ~~~~~~~~~~~~~~^^^^^^^^^^^^^
  File "C:\Users\kouek\kouekam\business\conect pin and go delivery\farm business\venv\Lib\site-packages\django\db\backends\utils.py", line 122, in execute
    return super().execute(sql, params)
           ~~~~~~~~~~~~~~~^^^^^^^^^^^^^
  File "C:\Users\kouek\kouekam\business\conect pin and go delivery\farm business\venv\Lib\site-packages\cacheops\transaction.py", line 98, in execute
    result = self._no_monkey.execute(self, sql, params)
  File "C:\Users\kouek\kouekam\business\conect pin and go delivery\farm business\venv\Lib\site-packages\django\db\backends\utils.py", line 79, in execute
    return self._execute_with_wrappers(
           ~~~~~~~~~~~~~~~~~~~~~~~~~~~^
        sql, params, many=False, executor=self._execute
        ^^^^^^^^^^^^^^^^^^^^^^^^^^^^^^^^^^^^^^^^^^^^^^^
    )
    ^
  File "C:\Users\kouek\kouekam\business\conect pin and go delivery\farm business\venv\Lib\site-packages\django\db\backends\utils.py", line 92, in _execute_with_wrappers
    return executor(sql, params, many, context)
  File "C:\Users\kouek\kouekam\business\conect pin and go delivery\farm business\venv\Lib\site-packages\django\db\backends\utils.py", line 100, in _execute
    with self.db.wrap_database_errors:
         ^^^^^^^^^^^^^^^^^^^^^^^^^^^^
  File "C:\Users\kouek\kouekam\business\conect pin and go delivery\farm business\venv\Lib\site-packages\django\db\utils.py", line 91, in __exit__
    raise dj_exc_value.with_traceback(traceback) from exc_value
  File "C:\Users\kouek\kouekam\business\conect pin and go delivery\farm business\venv\Lib\site-packages\django\db\backends\utils.py", line 105, in _execute
    return self.cursor.execute(sql, params)
           ~~~~~~~~~~~~~~~~~~~^^^^^^^^^^^^^
django.db.utils.ProgrammingError: column agri_carts.customer_id does not exist
LINE 1: SELECT "agri_carts"."id", "agri_carts"."customer_id", "agri_...
                                  ^

WARNING 2025-08-12 06:48:45,790 log 25648 26800 Not Found: /api/notifications/
ERROR 2025-08-12 06:49:46,256 log 25648 29616 Internal Server Error: /api/agri-connect/cart/
Traceback (most recent call last):
  File "C:\Users\kouek\kouekam\business\conect pin and go delivery\farm business\venv\Lib\site-packages\django\db\backends\utils.py", line 105, in _execute
    return self.cursor.execute(sql, params)
           ~~~~~~~~~~~~~~~~~~~^^^^^^^^^^^^^
psycopg2.errors.UndefinedColumn: column agri_carts.customer_id does not exist
LINE 1: SELECT "agri_carts"."id", "agri_carts"."customer_id", "agri_...
                                  ^


The above exception was the direct cause of the following exception:

Traceback (most recent call last):
  File "C:\Users\kouek\kouekam\business\conect pin and go delivery\farm business\venv\Lib\site-packages\django\core\handlers\exception.py", line 55, in inner
    response = get_response(request)
  File "C:\Users\kouek\kouekam\business\conect pin and go delivery\farm business\venv\Lib\site-packages\django\core\handlers\base.py", line 197, in _get_response
    response = wrapped_callback(request, *callback_args, **callback_kwargs)
  File "C:\Users\kouek\kouekam\business\conect pin and go delivery\farm business\venv\Lib\site-packages\django\views\decorators\csrf.py", line 65, in _view_wrapper
    return view_func(request, *args, **kwargs)
  File "C:\Users\kouek\kouekam\business\conect pin and go delivery\farm business\venv\Lib\site-packages\django\views\generic\base.py", line 105, in view
    return self.dispatch(request, *args, **kwargs)
           ~~~~~~~~~~~~~^^^^^^^^^^^^^^^^^^^^^^^^^^
  File "C:\Users\kouek\kouekam\business\conect pin and go delivery\farm business\venv\Lib\site-packages\rest_framework\views.py", line 515, in dispatch
    response = self.handle_exception(exc)
  File "C:\Users\kouek\kouekam\business\conect pin and go delivery\farm business\venv\Lib\site-packages\rest_framework\views.py", line 475, in handle_exception
    self.raise_uncaught_exception(exc)
    ~~~~~~~~~~~~~~~~~~~~~~~~~~~~~^^^^^
  File "C:\Users\kouek\kouekam\business\conect pin and go delivery\farm business\venv\Lib\site-packages\rest_framework\views.py", line 486, in raise_uncaught_exception
    raise exc
  File "C:\Users\kouek\kouekam\business\conect pin and go delivery\farm business\venv\Lib\site-packages\rest_framework\views.py", line 512, in dispatch
    response = handler(request, *args, **kwargs)
  File "C:\Users\kouek\kouekam\business\conect pin and go delivery\farm business\backend\agri_connect\views.py", line 129, in get
    cart, created = AgriCart.objects.get_or_create(customer=request.user)
                    ~~~~~~~~~~~~~~~~~~~~~~~~~~~~~~^^^^^^^^^^^^^^^^^^^^^^^
  File "C:\Users\kouek\kouekam\business\conect pin and go delivery\farm business\venv\Lib\site-packages\django\db\models\manager.py", line 87, in manager_method
    return getattr(self.get_queryset(), name)(*args, **kwargs)
           ~~~~~~~~~~~~~~~~~~~~~~~~~~~~~~~~~~^^^^^^^^^^^^^^^^^
  File "C:\Users\kouek\kouekam\business\conect pin and go delivery\farm business\venv\Lib\site-packages\django\db\models\query.py", line 946, in get_or_create
    return self.get(**kwargs), False
           ~~~~~~~~^^^^^^^^^^
  File "C:\Users\kouek\kouekam\business\conect pin and go delivery\farm business\venv\Lib\site-packages\cacheops\query.py", line 346, in get
    return qs._no_monkey.get(qs, *args, **kwargs)
           ~~~~~~~~~~~~~~~~~^^^^^^^^^^^^^^^^^^^^^
  File "C:\Users\kouek\kouekam\business\conect pin and go delivery\farm business\venv\Lib\site-packages\django\db\models\query.py", line 629, in get
    num = len(clone)
  File "C:\Users\kouek\kouekam\business\conect pin and go delivery\farm business\venv\Lib\site-packages\django\db\models\query.py", line 366, in __len__
    self._fetch_all()
    ~~~~~~~~~~~~~~~^^
  File "C:\Users\kouek\kouekam\business\conect pin and go delivery\farm business\venv\Lib\site-packages\cacheops\query.py", line 250, in _fetch_all
    return self._no_monkey._fetch_all(self)
           ~~~~~~~~~~~~~~~~~~~~~~~~~~^^^^^^
  File "C:\Users\kouek\kouekam\business\conect pin and go delivery\farm business\venv\Lib\site-packages\django\db\models\query.py", line 1949, in _fetch_all
    self._result_cache = list(self._iterable_class(self))
                         ~~~~^^^^^^^^^^^^^^^^^^^^^^^^^^^^
  File "C:\Users\kouek\kouekam\business\conect pin and go delivery\farm business\venv\Lib\site-packages\django\db\models\query.py", line 91, in __iter__
    results = compiler.execute_sql(
        chunked_fetch=self.chunked_fetch, chunk_size=self.chunk_size
    )
  File "C:\Users\kouek\kouekam\business\conect pin and go delivery\farm business\venv\Lib\site-packages\django\db\models\sql\compiler.py", line 1623, in execute_sql
    cursor.execute(sql, params)
    ~~~~~~~~~~~~~~^^^^^^^^^^^^^
  File "C:\Users\kouek\kouekam\business\conect pin and go delivery\farm business\venv\Lib\site-packages\django\db\backends\utils.py", line 122, in execute
    return super().execute(sql, params)
           ~~~~~~~~~~~~~~~^^^^^^^^^^^^^
  File "C:\Users\kouek\kouekam\business\conect pin and go delivery\farm business\venv\Lib\site-packages\cacheops\transaction.py", line 98, in execute
    result = self._no_monkey.execute(self, sql, params)
  File "C:\Users\kouek\kouekam\business\conect pin and go delivery\farm business\venv\Lib\site-packages\django\db\backends\utils.py", line 79, in execute
    return self._execute_with_wrappers(
           ~~~~~~~~~~~~~~~~~~~~~~~~~~~^
        sql, params, many=False, executor=self._execute
        ^^^^^^^^^^^^^^^^^^^^^^^^^^^^^^^^^^^^^^^^^^^^^^^
    )
    ^
  File "C:\Users\kouek\kouekam\business\conect pin and go delivery\farm business\venv\Lib\site-packages\django\db\backends\utils.py", line 92, in _execute_with_wrappers
    return executor(sql, params, many, context)
  File "C:\Users\kouek\kouekam\business\conect pin and go delivery\farm business\venv\Lib\site-packages\django\db\backends\utils.py", line 100, in _execute
    with self.db.wrap_database_errors:
         ^^^^^^^^^^^^^^^^^^^^^^^^^^^^
  File "C:\Users\kouek\kouekam\business\conect pin and go delivery\farm business\venv\Lib\site-packages\django\db\utils.py", line 91, in __exit__
    raise dj_exc_value.with_traceback(traceback) from exc_value
  File "C:\Users\kouek\kouekam\business\conect pin and go delivery\farm business\venv\Lib\site-packages\django\db\backends\utils.py", line 105, in _execute
    return self.cursor.execute(sql, params)
           ~~~~~~~~~~~~~~~~~~~^^^^^^^^^^^^^
django.db.utils.ProgrammingError: column agri_carts.customer_id does not exist
LINE 1: SELECT "agri_carts"."id", "agri_carts"."customer_id", "agri_...
                                  ^

WARNING 2025-08-12 06:49:46,274 log 25648 26944 Not Found: /api/notifications/
WARNING 2025-08-12 13:45:53,727 log 25648 32028 Unauthorized: /api/agri-connect/cart/
WARNING 2025-08-12 13:45:53,732 log 25648 32028 Unauthorized: /api/users/profile/
WARNING 2025-08-12 13:45:55,109 log 25648 32028 Not Found: /api/notifications/
ERROR 2025-08-12 13:45:55,223 log 25648 18260 Internal Server Error: /api/agri-connect/cart/
Traceback (most recent call last):
  File "C:\Users\kouek\kouekam\business\conect pin and go delivery\farm business\venv\Lib\site-packages\django\db\backends\utils.py", line 105, in _execute
    return self.cursor.execute(sql, params)
           ~~~~~~~~~~~~~~~~~~~^^^^^^^^^^^^^
psycopg2.errors.UndefinedColumn: column agri_carts.customer_id does not exist
LINE 1: SELECT "agri_carts"."id", "agri_carts"."customer_id", "agri_...
                                  ^


The above exception was the direct cause of the following exception:

Traceback (most recent call last):
  File "C:\Users\kouek\kouekam\business\conect pin and go delivery\farm business\venv\Lib\site-packages\django\core\handlers\exception.py", line 55, in inner
    response = get_response(request)
  File "C:\Users\kouek\kouekam\business\conect pin and go delivery\farm business\venv\Lib\site-packages\django\core\handlers\base.py", line 197, in _get_response
    response = wrapped_callback(request, *callback_args, **callback_kwargs)
  File "C:\Users\kouek\kouekam\business\conect pin and go delivery\farm business\venv\Lib\site-packages\django\views\decorators\csrf.py", line 65, in _view_wrapper
    return view_func(request, *args, **kwargs)
  File "C:\Users\kouek\kouekam\business\conect pin and go delivery\farm business\venv\Lib\site-packages\django\views\generic\base.py", line 105, in view
    return self.dispatch(request, *args, **kwargs)
           ~~~~~~~~~~~~~^^^^^^^^^^^^^^^^^^^^^^^^^^
  File "C:\Users\kouek\kouekam\business\conect pin and go delivery\farm business\venv\Lib\site-packages\rest_framework\views.py", line 515, in dispatch
    response = self.handle_exception(exc)
  File "C:\Users\kouek\kouekam\business\conect pin and go delivery\farm business\venv\Lib\site-packages\rest_framework\views.py", line 475, in handle_exception
    self.raise_uncaught_exception(exc)
    ~~~~~~~~~~~~~~~~~~~~~~~~~~~~~^^^^^
  File "C:\Users\kouek\kouekam\business\conect pin and go delivery\farm business\venv\Lib\site-packages\rest_framework\views.py", line 486, in raise_uncaught_exception
    raise exc
  File "C:\Users\kouek\kouekam\business\conect pin and go delivery\farm business\venv\Lib\site-packages\rest_framework\views.py", line 512, in dispatch
    response = handler(request, *args, **kwargs)
  File "C:\Users\kouek\kouekam\business\conect pin and go delivery\farm business\backend\agri_connect\views.py", line 129, in get
    cart, created = AgriCart.objects.get_or_create(customer=request.user)
                    ~~~~~~~~~~~~~~~~~~~~~~~~~~~~~~^^^^^^^^^^^^^^^^^^^^^^^
  File "C:\Users\kouek\kouekam\business\conect pin and go delivery\farm business\venv\Lib\site-packages\django\db\models\manager.py", line 87, in manager_method
    return getattr(self.get_queryset(), name)(*args, **kwargs)
           ~~~~~~~~~~~~~~~~~~~~~~~~~~~~~~~~~~^^^^^^^^^^^^^^^^^
  File "C:\Users\kouek\kouekam\business\conect pin and go delivery\farm business\venv\Lib\site-packages\django\db\models\query.py", line 946, in get_or_create
    return self.get(**kwargs), False
           ~~~~~~~~^^^^^^^^^^
  File "C:\Users\kouek\kouekam\business\conect pin and go delivery\farm business\venv\Lib\site-packages\cacheops\query.py", line 346, in get
    return qs._no_monkey.get(qs, *args, **kwargs)
           ~~~~~~~~~~~~~~~~~^^^^^^^^^^^^^^^^^^^^^
  File "C:\Users\kouek\kouekam\business\conect pin and go delivery\farm business\venv\Lib\site-packages\django\db\models\query.py", line 629, in get
    num = len(clone)
  File "C:\Users\kouek\kouekam\business\conect pin and go delivery\farm business\venv\Lib\site-packages\django\db\models\query.py", line 366, in __len__
    self._fetch_all()
    ~~~~~~~~~~~~~~~^^
  File "C:\Users\kouek\kouekam\business\conect pin and go delivery\farm business\venv\Lib\site-packages\cacheops\query.py", line 250, in _fetch_all
    return self._no_monkey._fetch_all(self)
           ~~~~~~~~~~~~~~~~~~~~~~~~~~^^^^^^
  File "C:\Users\kouek\kouekam\business\conect pin and go delivery\farm business\venv\Lib\site-packages\django\db\models\query.py", line 1949, in _fetch_all
    self._result_cache = list(self._iterable_class(self))
                         ~~~~^^^^^^^^^^^^^^^^^^^^^^^^^^^^
  File "C:\Users\kouek\kouekam\business\conect pin and go delivery\farm business\venv\Lib\site-packages\django\db\models\query.py", line 91, in __iter__
    results = compiler.execute_sql(
        chunked_fetch=self.chunked_fetch, chunk_size=self.chunk_size
    )
  File "C:\Users\kouek\kouekam\business\conect pin and go delivery\farm business\venv\Lib\site-packages\django\db\models\sql\compiler.py", line 1623, in execute_sql
    cursor.execute(sql, params)
    ~~~~~~~~~~~~~~^^^^^^^^^^^^^
  File "C:\Users\kouek\kouekam\business\conect pin and go delivery\farm business\venv\Lib\site-packages\django\db\backends\utils.py", line 122, in execute
    return super().execute(sql, params)
           ~~~~~~~~~~~~~~~^^^^^^^^^^^^^
  File "C:\Users\kouek\kouekam\business\conect pin and go delivery\farm business\venv\Lib\site-packages\cacheops\transaction.py", line 98, in execute
    result = self._no_monkey.execute(self, sql, params)
  File "C:\Users\kouek\kouekam\business\conect pin and go delivery\farm business\venv\Lib\site-packages\django\db\backends\utils.py", line 79, in execute
    return self._execute_with_wrappers(
           ~~~~~~~~~~~~~~~~~~~~~~~~~~~^
        sql, params, many=False, executor=self._execute
        ^^^^^^^^^^^^^^^^^^^^^^^^^^^^^^^^^^^^^^^^^^^^^^^
    )
    ^
  File "C:\Users\kouek\kouekam\business\conect pin and go delivery\farm business\venv\Lib\site-packages\django\db\backends\utils.py", line 92, in _execute_with_wrappers
    return executor(sql, params, many, context)
  File "C:\Users\kouek\kouekam\business\conect pin and go delivery\farm business\venv\Lib\site-packages\django\db\backends\utils.py", line 100, in _execute
    with self.db.wrap_database_errors:
         ^^^^^^^^^^^^^^^^^^^^^^^^^^^^
  File "C:\Users\kouek\kouekam\business\conect pin and go delivery\farm business\venv\Lib\site-packages\django\db\utils.py", line 91, in __exit__
    raise dj_exc_value.with_traceback(traceback) from exc_value
  File "C:\Users\kouek\kouekam\business\conect pin and go delivery\farm business\venv\Lib\site-packages\django\db\backends\utils.py", line 105, in _execute
    return self.cursor.execute(sql, params)
           ~~~~~~~~~~~~~~~~~~~^^^^^^^^^^^^^
django.db.utils.ProgrammingError: column agri_carts.customer_id does not exist
LINE 1: SELECT "agri_carts"."id", "agri_carts"."customer_id", "agri_...
                                  ^

WARNING 2025-08-12 14:23:29,419 log 25648 29744 Not Found: /api/notifications/
INFO 2025-08-12 14:23:38,153 autoreload 25648 24788 C:\Users\kouek\kouekam\business\conect pin and go delivery\farm business\backend\payments\migrations\0001_initial.py changed, reloading.
INFO 2025-08-12 14:23:41,675 autoreload 22568 7388 Watching for file changes with StatReloader
WARNING 2025-08-12 14:55:28,452 log 22568 28196 Unauthorized: /api/agri-connect/cart/
WARNING 2025-08-12 14:55:28,452 log 22568 29172 Unauthorized: /api/users/profile/
ERROR 2025-08-12 14:55:29,668 log 22568 29172 Internal Server Error: /api/agri-connect/cart/
Traceback (most recent call last):
  File "C:\Users\kouek\kouekam\business\conect pin and go delivery\farm business\venv\Lib\site-packages\django\db\backends\utils.py", line 105, in _execute
    return self.cursor.execute(sql, params)
           ~~~~~~~~~~~~~~~~~~~^^^^^^^^^^^^^
psycopg2.errors.UndefinedColumn: column agri_carts.customer_id does not exist
LINE 1: SELECT "agri_carts"."id", "agri_carts"."customer_id", "agri_...
                                  ^


The above exception was the direct cause of the following exception:

Traceback (most recent call last):
  File "C:\Users\kouek\kouekam\business\conect pin and go delivery\farm business\venv\Lib\site-packages\django\core\handlers\exception.py", line 55, in inner
    response = get_response(request)
  File "C:\Users\kouek\kouekam\business\conect pin and go delivery\farm business\venv\Lib\site-packages\django\core\handlers\base.py", line 197, in _get_response
    response = wrapped_callback(request, *callback_args, **callback_kwargs)
  File "C:\Users\kouek\kouekam\business\conect pin and go delivery\farm business\venv\Lib\site-packages\django\views\decorators\csrf.py", line 65, in _view_wrapper
    return view_func(request, *args, **kwargs)
  File "C:\Users\kouek\kouekam\business\conect pin and go delivery\farm business\venv\Lib\site-packages\django\views\generic\base.py", line 105, in view
    return self.dispatch(request, *args, **kwargs)
           ~~~~~~~~~~~~~^^^^^^^^^^^^^^^^^^^^^^^^^^
  File "C:\Users\kouek\kouekam\business\conect pin and go delivery\farm business\venv\Lib\site-packages\rest_framework\views.py", line 515, in dispatch
    response = self.handle_exception(exc)
  File "C:\Users\kouek\kouekam\business\conect pin and go delivery\farm business\venv\Lib\site-packages\rest_framework\views.py", line 475, in handle_exception
    self.raise_uncaught_exception(exc)
    ~~~~~~~~~~~~~~~~~~~~~~~~~~~~~^^^^^
  File "C:\Users\kouek\kouekam\business\conect pin and go delivery\farm business\venv\Lib\site-packages\rest_framework\views.py", line 486, in raise_uncaught_exception
    raise exc
  File "C:\Users\kouek\kouekam\business\conect pin and go delivery\farm business\venv\Lib\site-packages\rest_framework\views.py", line 512, in dispatch
    response = handler(request, *args, **kwargs)
  File "C:\Users\kouek\kouekam\business\conect pin and go delivery\farm business\backend\agri_connect\views.py", line 129, in get
    cart, created = AgriCart.objects.get_or_create(customer=request.user)
                    ~~~~~~~~~~~~~~~~~~~~~~~~~~~~~~^^^^^^^^^^^^^^^^^^^^^^^
  File "C:\Users\kouek\kouekam\business\conect pin and go delivery\farm business\venv\Lib\site-packages\django\db\models\manager.py", line 87, in manager_method
    return getattr(self.get_queryset(), name)(*args, **kwargs)
           ~~~~~~~~~~~~~~~~~~~~~~~~~~~~~~~~~~^^^^^^^^^^^^^^^^^
  File "C:\Users\kouek\kouekam\business\conect pin and go delivery\farm business\venv\Lib\site-packages\django\db\models\query.py", line 946, in get_or_create
    return self.get(**kwargs), False
           ~~~~~~~~^^^^^^^^^^
  File "C:\Users\kouek\kouekam\business\conect pin and go delivery\farm business\venv\Lib\site-packages\cacheops\query.py", line 346, in get
    return qs._no_monkey.get(qs, *args, **kwargs)
           ~~~~~~~~~~~~~~~~~^^^^^^^^^^^^^^^^^^^^^
  File "C:\Users\kouek\kouekam\business\conect pin and go delivery\farm business\venv\Lib\site-packages\django\db\models\query.py", line 629, in get
    num = len(clone)
  File "C:\Users\kouek\kouekam\business\conect pin and go delivery\farm business\venv\Lib\site-packages\django\db\models\query.py", line 366, in __len__
    self._fetch_all()
    ~~~~~~~~~~~~~~~^^
  File "C:\Users\kouek\kouekam\business\conect pin and go delivery\farm business\venv\Lib\site-packages\cacheops\query.py", line 250, in _fetch_all
    return self._no_monkey._fetch_all(self)
           ~~~~~~~~~~~~~~~~~~~~~~~~~~^^^^^^
  File "C:\Users\kouek\kouekam\business\conect pin and go delivery\farm business\venv\Lib\site-packages\django\db\models\query.py", line 1949, in _fetch_all
    self._result_cache = list(self._iterable_class(self))
                         ~~~~^^^^^^^^^^^^^^^^^^^^^^^^^^^^
  File "C:\Users\kouek\kouekam\business\conect pin and go delivery\farm business\venv\Lib\site-packages\django\db\models\query.py", line 91, in __iter__
    results = compiler.execute_sql(
        chunked_fetch=self.chunked_fetch, chunk_size=self.chunk_size
    )
  File "C:\Users\kouek\kouekam\business\conect pin and go delivery\farm business\venv\Lib\site-packages\django\db\models\sql\compiler.py", line 1623, in execute_sql
    cursor.execute(sql, params)
    ~~~~~~~~~~~~~~^^^^^^^^^^^^^
  File "C:\Users\kouek\kouekam\business\conect pin and go delivery\farm business\venv\Lib\site-packages\django\db\backends\utils.py", line 122, in execute
    return super().execute(sql, params)
           ~~~~~~~~~~~~~~~^^^^^^^^^^^^^
  File "C:\Users\kouek\kouekam\business\conect pin and go delivery\farm business\venv\Lib\site-packages\cacheops\transaction.py", line 98, in execute
    result = self._no_monkey.execute(self, sql, params)
  File "C:\Users\kouek\kouekam\business\conect pin and go delivery\farm business\venv\Lib\site-packages\django\db\backends\utils.py", line 79, in execute
    return self._execute_with_wrappers(
           ~~~~~~~~~~~~~~~~~~~~~~~~~~~^
        sql, params, many=False, executor=self._execute
        ^^^^^^^^^^^^^^^^^^^^^^^^^^^^^^^^^^^^^^^^^^^^^^^
    )
    ^
  File "C:\Users\kouek\kouekam\business\conect pin and go delivery\farm business\venv\Lib\site-packages\django\db\backends\utils.py", line 92, in _execute_with_wrappers
    return executor(sql, params, many, context)
  File "C:\Users\kouek\kouekam\business\conect pin and go delivery\farm business\venv\Lib\site-packages\django\db\backends\utils.py", line 100, in _execute
    with self.db.wrap_database_errors:
         ^^^^^^^^^^^^^^^^^^^^^^^^^^^^
  File "C:\Users\kouek\kouekam\business\conect pin and go delivery\farm business\venv\Lib\site-packages\django\db\utils.py", line 91, in __exit__
    raise dj_exc_value.with_traceback(traceback) from exc_value
  File "C:\Users\kouek\kouekam\business\conect pin and go delivery\farm business\venv\Lib\site-packages\django\db\backends\utils.py", line 105, in _execute
    return self.cursor.execute(sql, params)
           ~~~~~~~~~~~~~~~~~~~^^^^^^^^^^^^^
django.db.utils.ProgrammingError: column agri_carts.customer_id does not exist
LINE 1: SELECT "agri_carts"."id", "agri_carts"."customer_id", "agri_...
                                  ^

WARNING 2025-08-12 14:55:29,679 log 22568 28196 Not Found: /api/notifications/
WARNING 2025-08-12 15:20:22,870 log 22568 31136 Not Found: /api/notifications/
ERROR 2025-08-12 15:20:26,643 log 22568 31136 Internal Server Error: /api/agri-connect/products/
Traceback (most recent call last):
  File "C:\Users\kouek\kouekam\business\conect pin and go delivery\farm business\venv\Lib\site-packages\django\core\handlers\exception.py", line 55, in inner
    response = get_response(request)
  File "C:\Users\kouek\kouekam\business\conect pin and go delivery\farm business\venv\Lib\site-packages\django\core\handlers\base.py", line 197, in _get_response
    response = wrapped_callback(request, *callback_args, **callback_kwargs)
  File "C:\Users\kouek\kouekam\business\conect pin and go delivery\farm business\venv\Lib\site-packages\django\views\decorators\csrf.py", line 65, in _view_wrapper
    return view_func(request, *args, **kwargs)
  File "C:\Users\kouek\kouekam\business\conect pin and go delivery\farm business\venv\Lib\site-packages\django\views\generic\base.py", line 105, in view
    return self.dispatch(request, *args, **kwargs)
           ~~~~~~~~~~~~~^^^^^^^^^^^^^^^^^^^^^^^^^^
  File "C:\Users\kouek\kouekam\business\conect pin and go delivery\farm business\venv\Lib\site-packages\rest_framework\views.py", line 515, in dispatch
    response = self.handle_exception(exc)
  File "C:\Users\kouek\kouekam\business\conect pin and go delivery\farm business\venv\Lib\site-packages\rest_framework\views.py", line 475, in handle_exception
    self.raise_uncaught_exception(exc)
    ~~~~~~~~~~~~~~~~~~~~~~~~~~~~~^^^^^
  File "C:\Users\kouek\kouekam\business\conect pin and go delivery\farm business\venv\Lib\site-packages\rest_framework\views.py", line 486, in raise_uncaught_exception
    raise exc
  File "C:\Users\kouek\kouekam\business\conect pin and go delivery\farm business\venv\Lib\site-packages\rest_framework\views.py", line 512, in dispatch
    response = handler(request, *args, **kwargs)
  File "C:\Users\kouek\kouekam\business\conect pin and go delivery\farm business\venv\Lib\site-packages\rest_framework\generics.py", line 203, in get
    return self.list(request, *args, **kwargs)
           ~~~~~~~~~^^^^^^^^^^^^^^^^^^^^^^^^^^
  File "C:\Users\kouek\kouekam\business\conect pin and go delivery\farm business\venv\Lib\site-packages\rest_framework\mixins.py", line 38, in list
    queryset = self.filter_queryset(self.get_queryset())
  File "C:\Users\kouek\kouekam\business\conect pin and go delivery\farm business\venv\Lib\site-packages\rest_framework\generics.py", line 154, in filter_queryset
    queryset = backend().filter_queryset(self.request, queryset, self)
  File "C:\Users\kouek\kouekam\business\conect pin and go delivery\farm business\venv\Lib\site-packages\django_filters\rest_framework\backends.py", line 66, in filter_queryset
    filterset = self.get_filterset(request, queryset, view)
  File "C:\Users\kouek\kouekam\business\conect pin and go delivery\farm business\venv\Lib\site-packages\django_filters\rest_framework\backends.py", line 18, in get_filterset
    filterset_class = self.get_filterset_class(view, queryset)
  File "C:\Users\kouek\kouekam\business\conect pin and go delivery\farm business\venv\Lib\site-packages\django_filters\rest_framework\backends.py", line 49, in get_filterset_class
    class AutoFilterSet(self.filterset_base):
    ...<2 lines>...
            fields = filterset_fields
  File "C:\Users\kouek\kouekam\business\conect pin and go delivery\farm business\venv\Lib\site-packages\django_filters\filterset.py", line 82, in __new__
    new_class.base_filters = new_class.get_filters()
                             ~~~~~~~~~~~~~~~~~~~~~^^
  File "C:\Users\kouek\kouekam\business\conect pin and go delivery\farm business\venv\Lib\site-packages\django_filters\filterset.py", line 371, in get_filters
    raise TypeError(
    ...<2 lines>...
    )
TypeError: 'Meta.fields' must not contain non-model field names: is_on_sale
ERROR 2025-08-12 15:20:27,802 log 22568 31136 Internal Server Error: /api/agri-connect/products/
Traceback (most recent call last):
  File "C:\Users\kouek\kouekam\business\conect pin and go delivery\farm business\venv\Lib\site-packages\django\core\handlers\exception.py", line 55, in inner
    response = get_response(request)
  File "C:\Users\kouek\kouekam\business\conect pin and go delivery\farm business\venv\Lib\site-packages\django\core\handlers\base.py", line 197, in _get_response
    response = wrapped_callback(request, *callback_args, **callback_kwargs)
  File "C:\Users\kouek\kouekam\business\conect pin and go delivery\farm business\venv\Lib\site-packages\django\views\decorators\csrf.py", line 65, in _view_wrapper
    return view_func(request, *args, **kwargs)
  File "C:\Users\kouek\kouekam\business\conect pin and go delivery\farm business\venv\Lib\site-packages\django\views\generic\base.py", line 105, in view
    return self.dispatch(request, *args, **kwargs)
           ~~~~~~~~~~~~~^^^^^^^^^^^^^^^^^^^^^^^^^^
  File "C:\Users\kouek\kouekam\business\conect pin and go delivery\farm business\venv\Lib\site-packages\rest_framework\views.py", line 515, in dispatch
    response = self.handle_exception(exc)
  File "C:\Users\kouek\kouekam\business\conect pin and go delivery\farm business\venv\Lib\site-packages\rest_framework\views.py", line 475, in handle_exception
    self.raise_uncaught_exception(exc)
    ~~~~~~~~~~~~~~~~~~~~~~~~~~~~~^^^^^
  File "C:\Users\kouek\kouekam\business\conect pin and go delivery\farm business\venv\Lib\site-packages\rest_framework\views.py", line 486, in raise_uncaught_exception
    raise exc
  File "C:\Users\kouek\kouekam\business\conect pin and go delivery\farm business\venv\Lib\site-packages\rest_framework\views.py", line 512, in dispatch
    response = handler(request, *args, **kwargs)
  File "C:\Users\kouek\kouekam\business\conect pin and go delivery\farm business\venv\Lib\site-packages\rest_framework\generics.py", line 203, in get
    return self.list(request, *args, **kwargs)
           ~~~~~~~~~^^^^^^^^^^^^^^^^^^^^^^^^^^
  File "C:\Users\kouek\kouekam\business\conect pin and go delivery\farm business\venv\Lib\site-packages\rest_framework\mixins.py", line 38, in list
    queryset = self.filter_queryset(self.get_queryset())
  File "C:\Users\kouek\kouekam\business\conect pin and go delivery\farm business\venv\Lib\site-packages\rest_framework\generics.py", line 154, in filter_queryset
    queryset = backend().filter_queryset(self.request, queryset, self)
  File "C:\Users\kouek\kouekam\business\conect pin and go delivery\farm business\venv\Lib\site-packages\django_filters\rest_framework\backends.py", line 66, in filter_queryset
    filterset = self.get_filterset(request, queryset, view)
  File "C:\Users\kouek\kouekam\business\conect pin and go delivery\farm business\venv\Lib\site-packages\django_filters\rest_framework\backends.py", line 18, in get_filterset
    filterset_class = self.get_filterset_class(view, queryset)
  File "C:\Users\kouek\kouekam\business\conect pin and go delivery\farm business\venv\Lib\site-packages\django_filters\rest_framework\backends.py", line 49, in get_filterset_class
    class AutoFilterSet(self.filterset_base):
    ...<2 lines>...
            fields = filterset_fields
  File "C:\Users\kouek\kouekam\business\conect pin and go delivery\farm business\venv\Lib\site-packages\django_filters\filterset.py", line 82, in __new__
    new_class.base_filters = new_class.get_filters()
                             ~~~~~~~~~~~~~~~~~~~~~^^
  File "C:\Users\kouek\kouekam\business\conect pin and go delivery\farm business\venv\Lib\site-packages\django_filters\filterset.py", line 371, in get_filters
    raise TypeError(
    ...<2 lines>...
    )
TypeError: 'Meta.fields' must not contain non-model field names: is_on_sale
WARNING 2025-08-12 15:28:30,569 log 22568 9852 Not Found: /api/notifications/
ERROR 2025-08-12 15:28:30,747 log 22568 23256 Internal Server Error: /api/agri-connect/products/
Traceback (most recent call last):
  File "C:\Users\kouek\kouekam\business\conect pin and go delivery\farm business\venv\Lib\site-packages\django\core\handlers\exception.py", line 55, in inner
    response = get_response(request)
  File "C:\Users\kouek\kouekam\business\conect pin and go delivery\farm business\venv\Lib\site-packages\django\core\handlers\base.py", line 197, in _get_response
    response = wrapped_callback(request, *callback_args, **callback_kwargs)
  File "C:\Users\kouek\kouekam\business\conect pin and go delivery\farm business\venv\Lib\site-packages\django\views\decorators\csrf.py", line 65, in _view_wrapper
    return view_func(request, *args, **kwargs)
  File "C:\Users\kouek\kouekam\business\conect pin and go delivery\farm business\venv\Lib\site-packages\django\views\generic\base.py", line 105, in view
    return self.dispatch(request, *args, **kwargs)
           ~~~~~~~~~~~~~^^^^^^^^^^^^^^^^^^^^^^^^^^
  File "C:\Users\kouek\kouekam\business\conect pin and go delivery\farm business\venv\Lib\site-packages\rest_framework\views.py", line 515, in dispatch
    response = self.handle_exception(exc)
  File "C:\Users\kouek\kouekam\business\conect pin and go delivery\farm business\venv\Lib\site-packages\rest_framework\views.py", line 475, in handle_exception
    self.raise_uncaught_exception(exc)
    ~~~~~~~~~~~~~~~~~~~~~~~~~~~~~^^^^^
  File "C:\Users\kouek\kouekam\business\conect pin and go delivery\farm business\venv\Lib\site-packages\rest_framework\views.py", line 486, in raise_uncaught_exception
    raise exc
  File "C:\Users\kouek\kouekam\business\conect pin and go delivery\farm business\venv\Lib\site-packages\rest_framework\views.py", line 512, in dispatch
    response = handler(request, *args, **kwargs)
  File "C:\Users\kouek\kouekam\business\conect pin and go delivery\farm business\venv\Lib\site-packages\rest_framework\generics.py", line 203, in get
    return self.list(request, *args, **kwargs)
           ~~~~~~~~~^^^^^^^^^^^^^^^^^^^^^^^^^^
  File "C:\Users\kouek\kouekam\business\conect pin and go delivery\farm business\venv\Lib\site-packages\rest_framework\mixins.py", line 38, in list
    queryset = self.filter_queryset(self.get_queryset())
  File "C:\Users\kouek\kouekam\business\conect pin and go delivery\farm business\venv\Lib\site-packages\rest_framework\generics.py", line 154, in filter_queryset
    queryset = backend().filter_queryset(self.request, queryset, self)
  File "C:\Users\kouek\kouekam\business\conect pin and go delivery\farm business\venv\Lib\site-packages\django_filters\rest_framework\backends.py", line 66, in filter_queryset
    filterset = self.get_filterset(request, queryset, view)
  File "C:\Users\kouek\kouekam\business\conect pin and go delivery\farm business\venv\Lib\site-packages\django_filters\rest_framework\backends.py", line 18, in get_filterset
    filterset_class = self.get_filterset_class(view, queryset)
  File "C:\Users\kouek\kouekam\business\conect pin and go delivery\farm business\venv\Lib\site-packages\django_filters\rest_framework\backends.py", line 49, in get_filterset_class
    class AutoFilterSet(self.filterset_base):
    ...<2 lines>...
            fields = filterset_fields
  File "C:\Users\kouek\kouekam\business\conect pin and go delivery\farm business\venv\Lib\site-packages\django_filters\filterset.py", line 82, in __new__
    new_class.base_filters = new_class.get_filters()
                             ~~~~~~~~~~~~~~~~~~~~~^^
  File "C:\Users\kouek\kouekam\business\conect pin and go delivery\farm business\venv\Lib\site-packages\django_filters\filterset.py", line 371, in get_filters
    raise TypeError(
    ...<2 lines>...
    )
TypeError: 'Meta.fields' must not contain non-model field names: is_on_sale
WARNING 2025-08-12 15:28:31,612 log 22568 23256 Not Found: /api/notifications/
ERROR 2025-08-12 15:28:31,921 log 22568 23256 Internal Server Error: /api/agri-connect/products/
Traceback (most recent call last):
  File "C:\Users\kouek\kouekam\business\conect pin and go delivery\farm business\venv\Lib\site-packages\django\core\handlers\exception.py", line 55, in inner
    response = get_response(request)
  File "C:\Users\kouek\kouekam\business\conect pin and go delivery\farm business\venv\Lib\site-packages\django\core\handlers\base.py", line 197, in _get_response
    response = wrapped_callback(request, *callback_args, **callback_kwargs)
  File "C:\Users\kouek\kouekam\business\conect pin and go delivery\farm business\venv\Lib\site-packages\django\views\decorators\csrf.py", line 65, in _view_wrapper
    return view_func(request, *args, **kwargs)
  File "C:\Users\kouek\kouekam\business\conect pin and go delivery\farm business\venv\Lib\site-packages\django\views\generic\base.py", line 105, in view
    return self.dispatch(request, *args, **kwargs)
           ~~~~~~~~~~~~~^^^^^^^^^^^^^^^^^^^^^^^^^^
  File "C:\Users\kouek\kouekam\business\conect pin and go delivery\farm business\venv\Lib\site-packages\rest_framework\views.py", line 515, in dispatch
    response = self.handle_exception(exc)
  File "C:\Users\kouek\kouekam\business\conect pin and go delivery\farm business\venv\Lib\site-packages\rest_framework\views.py", line 475, in handle_exception
    self.raise_uncaught_exception(exc)
    ~~~~~~~~~~~~~~~~~~~~~~~~~~~~~^^^^^
  File "C:\Users\kouek\kouekam\business\conect pin and go delivery\farm business\venv\Lib\site-packages\rest_framework\views.py", line 486, in raise_uncaught_exception
    raise exc
  File "C:\Users\kouek\kouekam\business\conect pin and go delivery\farm business\venv\Lib\site-packages\rest_framework\views.py", line 512, in dispatch
    response = handler(request, *args, **kwargs)
  File "C:\Users\kouek\kouekam\business\conect pin and go delivery\farm business\venv\Lib\site-packages\rest_framework\generics.py", line 203, in get
    return self.list(request, *args, **kwargs)
           ~~~~~~~~~^^^^^^^^^^^^^^^^^^^^^^^^^^
  File "C:\Users\kouek\kouekam\business\conect pin and go delivery\farm business\venv\Lib\site-packages\rest_framework\mixins.py", line 38, in list
    queryset = self.filter_queryset(self.get_queryset())
  File "C:\Users\kouek\kouekam\business\conect pin and go delivery\farm business\venv\Lib\site-packages\rest_framework\generics.py", line 154, in filter_queryset
    queryset = backend().filter_queryset(self.request, queryset, self)
  File "C:\Users\kouek\kouekam\business\conect pin and go delivery\farm business\venv\Lib\site-packages\django_filters\rest_framework\backends.py", line 66, in filter_queryset
    filterset = self.get_filterset(request, queryset, view)
  File "C:\Users\kouek\kouekam\business\conect pin and go delivery\farm business\venv\Lib\site-packages\django_filters\rest_framework\backends.py", line 18, in get_filterset
    filterset_class = self.get_filterset_class(view, queryset)
  File "C:\Users\kouek\kouekam\business\conect pin and go delivery\farm business\venv\Lib\site-packages\django_filters\rest_framework\backends.py", line 49, in get_filterset_class
    class AutoFilterSet(self.filterset_base):
    ...<2 lines>...
            fields = filterset_fields
  File "C:\Users\kouek\kouekam\business\conect pin and go delivery\farm business\venv\Lib\site-packages\django_filters\filterset.py", line 82, in __new__
    new_class.base_filters = new_class.get_filters()
                             ~~~~~~~~~~~~~~~~~~~~~^^
  File "C:\Users\kouek\kouekam\business\conect pin and go delivery\farm business\venv\Lib\site-packages\django_filters\filterset.py", line 371, in get_filters
    raise TypeError(
    ...<2 lines>...
    )
TypeError: 'Meta.fields' must not contain non-model field names: is_on_sale
INFO 2025-08-12 15:29:00,329 reset_db 24460 31956 Executing... "DROP DATABASE "chronoconnect";"
INFO 2025-08-12 15:29:18,255 reset_db 23960 20840 Executing... "DROP DATABASE "chronoconnect";"
INFO 2025-08-12 15:29:39,640 reset_db 24752 31740 Executing... "SELECT pg_terminate_backend(pg_stat_activity.pid)
                    FROM pg_stat_activity
                    WHERE pg_stat_activity.datname = 'chronoconnect';"
INFO 2025-08-12 15:29:39,667 reset_db 24752 31740 Executing... "DROP DATABASE "chronoconnect";"
INFO 2025-08-12 15:29:39,920 reset_db 24752 31740 Executing... "CREATE DATABASE "chronoconnect" WITH OWNER = "postgres"  ENCODING = 'UTF8';"
WARNING 2025-08-12 15:30:38,995 log 22568 23256 Not Found: /api/notifications/
ERROR 2025-08-12 15:30:39,164 log 22568 26976 Internal Server Error: /api/agri-connect/products/
Traceback (most recent call last):
  File "C:\Users\kouek\kouekam\business\conect pin and go delivery\farm business\venv\Lib\site-packages\django\core\handlers\exception.py", line 55, in inner
    response = get_response(request)
  File "C:\Users\kouek\kouekam\business\conect pin and go delivery\farm business\venv\Lib\site-packages\django\core\handlers\base.py", line 197, in _get_response
    response = wrapped_callback(request, *callback_args, **callback_kwargs)
  File "C:\Users\kouek\kouekam\business\conect pin and go delivery\farm business\venv\Lib\site-packages\django\views\decorators\csrf.py", line 65, in _view_wrapper
    return view_func(request, *args, **kwargs)
  File "C:\Users\kouek\kouekam\business\conect pin and go delivery\farm business\venv\Lib\site-packages\django\views\generic\base.py", line 105, in view
    return self.dispatch(request, *args, **kwargs)
           ~~~~~~~~~~~~~^^^^^^^^^^^^^^^^^^^^^^^^^^
  File "C:\Users\kouek\kouekam\business\conect pin and go delivery\farm business\venv\Lib\site-packages\rest_framework\views.py", line 515, in dispatch
    response = self.handle_exception(exc)
  File "C:\Users\kouek\kouekam\business\conect pin and go delivery\farm business\venv\Lib\site-packages\rest_framework\views.py", line 475, in handle_exception
    self.raise_uncaught_exception(exc)
    ~~~~~~~~~~~~~~~~~~~~~~~~~~~~~^^^^^
  File "C:\Users\kouek\kouekam\business\conect pin and go delivery\farm business\venv\Lib\site-packages\rest_framework\views.py", line 486, in raise_uncaught_exception
    raise exc
  File "C:\Users\kouek\kouekam\business\conect pin and go delivery\farm business\venv\Lib\site-packages\rest_framework\views.py", line 512, in dispatch
    response = handler(request, *args, **kwargs)
  File "C:\Users\kouek\kouekam\business\conect pin and go delivery\farm business\venv\Lib\site-packages\rest_framework\generics.py", line 203, in get
    return self.list(request, *args, **kwargs)
           ~~~~~~~~~^^^^^^^^^^^^^^^^^^^^^^^^^^
  File "C:\Users\kouek\kouekam\business\conect pin and go delivery\farm business\venv\Lib\site-packages\rest_framework\mixins.py", line 38, in list
    queryset = self.filter_queryset(self.get_queryset())
  File "C:\Users\kouek\kouekam\business\conect pin and go delivery\farm business\venv\Lib\site-packages\rest_framework\generics.py", line 154, in filter_queryset
    queryset = backend().filter_queryset(self.request, queryset, self)
  File "C:\Users\kouek\kouekam\business\conect pin and go delivery\farm business\venv\Lib\site-packages\django_filters\rest_framework\backends.py", line 66, in filter_queryset
    filterset = self.get_filterset(request, queryset, view)
  File "C:\Users\kouek\kouekam\business\conect pin and go delivery\farm business\venv\Lib\site-packages\django_filters\rest_framework\backends.py", line 18, in get_filterset
    filterset_class = self.get_filterset_class(view, queryset)
  File "C:\Users\kouek\kouekam\business\conect pin and go delivery\farm business\venv\Lib\site-packages\django_filters\rest_framework\backends.py", line 49, in get_filterset_class
    class AutoFilterSet(self.filterset_base):
    ...<2 lines>...
            fields = filterset_fields
  File "C:\Users\kouek\kouekam\business\conect pin and go delivery\farm business\venv\Lib\site-packages\django_filters\filterset.py", line 82, in __new__
    new_class.base_filters = new_class.get_filters()
                             ~~~~~~~~~~~~~~~~~~~~~^^
  File "C:\Users\kouek\kouekam\business\conect pin and go delivery\farm business\venv\Lib\site-packages\django_filters\filterset.py", line 371, in get_filters
    raise TypeError(
    ...<2 lines>...
    )
TypeError: 'Meta.fields' must not contain non-model field names: is_on_sale
WARNING 2025-08-12 15:30:40,010 log 22568 26976 Not Found: /api/notifications/
ERROR 2025-08-12 15:30:40,280 log 22568 26976 Internal Server Error: /api/agri-connect/products/
Traceback (most recent call last):
  File "C:\Users\kouek\kouekam\business\conect pin and go delivery\farm business\venv\Lib\site-packages\django\core\handlers\exception.py", line 55, in inner
    response = get_response(request)
  File "C:\Users\kouek\kouekam\business\conect pin and go delivery\farm business\venv\Lib\site-packages\django\core\handlers\base.py", line 197, in _get_response
    response = wrapped_callback(request, *callback_args, **callback_kwargs)
  File "C:\Users\kouek\kouekam\business\conect pin and go delivery\farm business\venv\Lib\site-packages\django\views\decorators\csrf.py", line 65, in _view_wrapper
    return view_func(request, *args, **kwargs)
  File "C:\Users\kouek\kouekam\business\conect pin and go delivery\farm business\venv\Lib\site-packages\django\views\generic\base.py", line 105, in view
    return self.dispatch(request, *args, **kwargs)
           ~~~~~~~~~~~~~^^^^^^^^^^^^^^^^^^^^^^^^^^
  File "C:\Users\kouek\kouekam\business\conect pin and go delivery\farm business\venv\Lib\site-packages\rest_framework\views.py", line 515, in dispatch
    response = self.handle_exception(exc)
  File "C:\Users\kouek\kouekam\business\conect pin and go delivery\farm business\venv\Lib\site-packages\rest_framework\views.py", line 475, in handle_exception
    self.raise_uncaught_exception(exc)
    ~~~~~~~~~~~~~~~~~~~~~~~~~~~~~^^^^^
  File "C:\Users\kouek\kouekam\business\conect pin and go delivery\farm business\venv\Lib\site-packages\rest_framework\views.py", line 486, in raise_uncaught_exception
    raise exc
  File "C:\Users\kouek\kouekam\business\conect pin and go delivery\farm business\venv\Lib\site-packages\rest_framework\views.py", line 512, in dispatch
    response = handler(request, *args, **kwargs)
  File "C:\Users\kouek\kouekam\business\conect pin and go delivery\farm business\venv\Lib\site-packages\rest_framework\generics.py", line 203, in get
    return self.list(request, *args, **kwargs)
           ~~~~~~~~~^^^^^^^^^^^^^^^^^^^^^^^^^^
  File "C:\Users\kouek\kouekam\business\conect pin and go delivery\farm business\venv\Lib\site-packages\rest_framework\mixins.py", line 38, in list
    queryset = self.filter_queryset(self.get_queryset())
  File "C:\Users\kouek\kouekam\business\conect pin and go delivery\farm business\venv\Lib\site-packages\rest_framework\generics.py", line 154, in filter_queryset
    queryset = backend().filter_queryset(self.request, queryset, self)
  File "C:\Users\kouek\kouekam\business\conect pin and go delivery\farm business\venv\Lib\site-packages\django_filters\rest_framework\backends.py", line 66, in filter_queryset
    filterset = self.get_filterset(request, queryset, view)
  File "C:\Users\kouek\kouekam\business\conect pin and go delivery\farm business\venv\Lib\site-packages\django_filters\rest_framework\backends.py", line 18, in get_filterset
    filterset_class = self.get_filterset_class(view, queryset)
  File "C:\Users\kouek\kouekam\business\conect pin and go delivery\farm business\venv\Lib\site-packages\django_filters\rest_framework\backends.py", line 49, in get_filterset_class
    class AutoFilterSet(self.filterset_base):
    ...<2 lines>...
            fields = filterset_fields
  File "C:\Users\kouek\kouekam\business\conect pin and go delivery\farm business\venv\Lib\site-packages\django_filters\filterset.py", line 82, in __new__
    new_class.base_filters = new_class.get_filters()
                             ~~~~~~~~~~~~~~~~~~~~~^^
  File "C:\Users\kouek\kouekam\business\conect pin and go delivery\farm business\venv\Lib\site-packages\django_filters\filterset.py", line 371, in get_filters
    raise TypeError(
    ...<2 lines>...
    )
TypeError: 'Meta.fields' must not contain non-model field names: is_on_sale
WARNING 2025-08-12 15:30:42,914 log 22568 26976 Not Found: /api/notifications/
ERROR 2025-08-12 15:30:43,078 log 22568 23256 Internal Server Error: /api/agri-connect/products/
Traceback (most recent call last):
  File "C:\Users\kouek\kouekam\business\conect pin and go delivery\farm business\venv\Lib\site-packages\django\core\handlers\exception.py", line 55, in inner
    response = get_response(request)
  File "C:\Users\kouek\kouekam\business\conect pin and go delivery\farm business\venv\Lib\site-packages\django\core\handlers\base.py", line 197, in _get_response
    response = wrapped_callback(request, *callback_args, **callback_kwargs)
  File "C:\Users\kouek\kouekam\business\conect pin and go delivery\farm business\venv\Lib\site-packages\django\views\decorators\csrf.py", line 65, in _view_wrapper
    return view_func(request, *args, **kwargs)
  File "C:\Users\kouek\kouekam\business\conect pin and go delivery\farm business\venv\Lib\site-packages\django\views\generic\base.py", line 105, in view
    return self.dispatch(request, *args, **kwargs)
           ~~~~~~~~~~~~~^^^^^^^^^^^^^^^^^^^^^^^^^^
  File "C:\Users\kouek\kouekam\business\conect pin and go delivery\farm business\venv\Lib\site-packages\rest_framework\views.py", line 515, in dispatch
    response = self.handle_exception(exc)
  File "C:\Users\kouek\kouekam\business\conect pin and go delivery\farm business\venv\Lib\site-packages\rest_framework\views.py", line 475, in handle_exception
    self.raise_uncaught_exception(exc)
    ~~~~~~~~~~~~~~~~~~~~~~~~~~~~~^^^^^
  File "C:\Users\kouek\kouekam\business\conect pin and go delivery\farm business\venv\Lib\site-packages\rest_framework\views.py", line 486, in raise_uncaught_exception
    raise exc
  File "C:\Users\kouek\kouekam\business\conect pin and go delivery\farm business\venv\Lib\site-packages\rest_framework\views.py", line 512, in dispatch
    response = handler(request, *args, **kwargs)
  File "C:\Users\kouek\kouekam\business\conect pin and go delivery\farm business\venv\Lib\site-packages\rest_framework\generics.py", line 203, in get
    return self.list(request, *args, **kwargs)
           ~~~~~~~~~^^^^^^^^^^^^^^^^^^^^^^^^^^
  File "C:\Users\kouek\kouekam\business\conect pin and go delivery\farm business\venv\Lib\site-packages\rest_framework\mixins.py", line 38, in list
    queryset = self.filter_queryset(self.get_queryset())
  File "C:\Users\kouek\kouekam\business\conect pin and go delivery\farm business\venv\Lib\site-packages\rest_framework\generics.py", line 154, in filter_queryset
    queryset = backend().filter_queryset(self.request, queryset, self)
  File "C:\Users\kouek\kouekam\business\conect pin and go delivery\farm business\venv\Lib\site-packages\django_filters\rest_framework\backends.py", line 66, in filter_queryset
    filterset = self.get_filterset(request, queryset, view)
  File "C:\Users\kouek\kouekam\business\conect pin and go delivery\farm business\venv\Lib\site-packages\django_filters\rest_framework\backends.py", line 18, in get_filterset
    filterset_class = self.get_filterset_class(view, queryset)
  File "C:\Users\kouek\kouekam\business\conect pin and go delivery\farm business\venv\Lib\site-packages\django_filters\rest_framework\backends.py", line 49, in get_filterset_class
    class AutoFilterSet(self.filterset_base):
    ...<2 lines>...
            fields = filterset_fields
  File "C:\Users\kouek\kouekam\business\conect pin and go delivery\farm business\venv\Lib\site-packages\django_filters\filterset.py", line 82, in __new__
    new_class.base_filters = new_class.get_filters()
                             ~~~~~~~~~~~~~~~~~~~~~^^
  File "C:\Users\kouek\kouekam\business\conect pin and go delivery\farm business\venv\Lib\site-packages\django_filters\filterset.py", line 371, in get_filters
    raise TypeError(
    ...<2 lines>...
    )
TypeError: 'Meta.fields' must not contain non-model field names: is_on_sale
WARNING 2025-08-12 15:30:43,971 log 22568 23256 Not Found: /api/notifications/
ERROR 2025-08-12 15:31:30,489 log 22568 23256 Internal Server Error: /api/notifications/notifications/
Traceback (most recent call last):
  File "C:\Users\kouek\kouekam\business\conect pin and go delivery\farm business\venv\Lib\site-packages\django\core\handlers\exception.py", line 55, in inner
    response = get_response(request)
  File "C:\Users\kouek\kouekam\business\conect pin and go delivery\farm business\venv\Lib\site-packages\django\core\handlers\base.py", line 197, in _get_response
    response = wrapped_callback(request, *callback_args, **callback_kwargs)
  File "C:\Users\kouek\kouekam\business\conect pin and go delivery\farm business\venv\Lib\site-packages\django\views\decorators\csrf.py", line 65, in _view_wrapper
    return view_func(request, *args, **kwargs)
  File "C:\Users\kouek\kouekam\business\conect pin and go delivery\farm business\venv\Lib\site-packages\django\views\generic\base.py", line 105, in view
    return self.dispatch(request, *args, **kwargs)
           ~~~~~~~~~~~~~^^^^^^^^^^^^^^^^^^^^^^^^^^
  File "C:\Users\kouek\kouekam\business\conect pin and go delivery\farm business\venv\Lib\site-packages\rest_framework\views.py", line 515, in dispatch
    response = self.handle_exception(exc)
  File "C:\Users\kouek\kouekam\business\conect pin and go delivery\farm business\venv\Lib\site-packages\rest_framework\views.py", line 475, in handle_exception
    self.raise_uncaught_exception(exc)
    ~~~~~~~~~~~~~~~~~~~~~~~~~~~~~^^^^^
  File "C:\Users\kouek\kouekam\business\conect pin and go delivery\farm business\venv\Lib\site-packages\rest_framework\views.py", line 486, in raise_uncaught_exception
    raise exc
  File "C:\Users\kouek\kouekam\business\conect pin and go delivery\farm business\venv\Lib\site-packages\rest_framework\views.py", line 512, in dispatch
    response = handler(request, *args, **kwargs)
  File "C:\Users\kouek\kouekam\business\conect pin and go delivery\farm business\venv\Lib\site-packages\rest_framework\generics.py", line 203, in get
    return self.list(request, *args, **kwargs)
           ~~~~~~~~~^^^^^^^^^^^^^^^^^^^^^^^^^^
  File "C:\Users\kouek\kouekam\business\conect pin and go delivery\farm business\venv\Lib\site-packages\rest_framework\mixins.py", line 38, in list
    queryset = self.filter_queryset(self.get_queryset())
                                    ~~~~~~~~~~~~~~~~~^^
  File "C:\Users\kouek\kouekam\business\conect pin and go delivery\farm business\backend\notifications\views.py", line 36, in get_queryset
    return Notification.objects.filter(recipient=self.request.user)
           ~~~~~~~~~~~~~~~~~~~~~~~~~~~^^^^^^^^^^^^^^^^^^^^^^^^^^^^^
  File "C:\Users\kouek\kouekam\business\conect pin and go delivery\farm business\venv\Lib\site-packages\django\db\models\manager.py", line 87, in manager_method
    return getattr(self.get_queryset(), name)(*args, **kwargs)
           ~~~~~~~~~~~~~~~~~~~~~~~~~~~~~~~~~~^^^^^^^^^^^^^^^^^
  File "C:\Users\kouek\kouekam\business\conect pin and go delivery\farm business\venv\Lib\site-packages\django\db\models\query.py", line 1493, in filter
    return self._filter_or_exclude(False, args, kwargs)
           ~~~~~~~~~~~~~~~~~~~~~~~^^^^^^^^^^^^^^^^^^^^^
  File "C:\Users\kouek\kouekam\business\conect pin and go delivery\farm business\venv\Lib\site-packages\django\db\models\query.py", line 1511, in _filter_or_exclude
    clone._filter_or_exclude_inplace(negate, args, kwargs)
    ~~~~~~~~~~~~~~~~~~~~~~~~~~~~~~~~^^^^^^^^^^^^^^^^^^^^^^
  File "C:\Users\kouek\kouekam\business\conect pin and go delivery\farm business\venv\Lib\site-packages\django\db\models\query.py", line 1518, in _filter_or_exclude_inplace
    self._query.add_q(Q(*args, **kwargs))
    ~~~~~~~~~~~~~~~~~^^^^^^^^^^^^^^^^^^^^
  File "C:\Users\kouek\kouekam\business\conect pin and go delivery\farm business\venv\Lib\site-packages\django\db\models\sql\query.py", line 1646, in add_q
    clause, _ = self._add_q(q_object, can_reuse)
                ~~~~~~~~~~~^^^^^^^^^^^^^^^^^^^^^
  File "C:\Users\kouek\kouekam\business\conect pin and go delivery\farm business\venv\Lib\site-packages\django\db\models\sql\query.py", line 1678, in _add_q
    child_clause, needed_inner = self.build_filter(
                                 ~~~~~~~~~~~~~~~~~^
        child,
        ^^^^^^
    ...<7 lines>...
        update_join_types=update_join_types,
        ^^^^^^^^^^^^^^^^^^^^^^^^^^^^^^^^^^^^
    )
    ^
  File "C:\Users\kouek\kouekam\business\conect pin and go delivery\farm business\venv\Lib\site-packages\django\db\models\sql\query.py", line 1526, in build_filter
    lookups, parts, reffed_expression = self.solve_lookup_type(arg, summarize)
                                        ~~~~~~~~~~~~~~~~~~~~~~^^^^^^^^^^^^^^^^
  File "C:\Users\kouek\kouekam\business\conect pin and go delivery\farm business\venv\Lib\site-packages\django\db\models\sql\query.py", line 1333, in solve_lookup_type
    _, field, _, lookup_parts = self.names_to_path(lookup_splitted, self.get_meta())
                                ~~~~~~~~~~~~~~~~~~^^^^^^^^^^^^^^^^^^^^^^^^^^^^^^^^^^
  File "C:\Users\kouek\kouekam\business\conect pin and go delivery\farm business\venv\Lib\site-packages\django\db\models\sql\query.py", line 1805, in names_to_path
    raise FieldError(
    ...<2 lines>...
    )
django.core.exceptions.FieldError: Cannot resolve keyword 'recipient' into field. Choices are: action_url, created_at, data, email_details, email_sent, id, is_read, is_sent, message, notification_type, priority, push_sent, read_at, sent_at, sms_details, sms_sent, title, user, user_id
ERROR 2025-08-12 15:31:31,288 log 22568 26976 Internal Server Error: /api/agri-connect/products/
Traceback (most recent call last):
  File "C:\Users\kouek\kouekam\business\conect pin and go delivery\farm business\venv\Lib\site-packages\django\core\handlers\exception.py", line 55, in inner
    response = get_response(request)
  File "C:\Users\kouek\kouekam\business\conect pin and go delivery\farm business\venv\Lib\site-packages\django\core\handlers\base.py", line 197, in _get_response
    response = wrapped_callback(request, *callback_args, **callback_kwargs)
  File "C:\Users\kouek\kouekam\business\conect pin and go delivery\farm business\venv\Lib\site-packages\django\views\decorators\csrf.py", line 65, in _view_wrapper
    return view_func(request, *args, **kwargs)
  File "C:\Users\kouek\kouekam\business\conect pin and go delivery\farm business\venv\Lib\site-packages\django\views\generic\base.py", line 105, in view
    return self.dispatch(request, *args, **kwargs)
           ~~~~~~~~~~~~~^^^^^^^^^^^^^^^^^^^^^^^^^^
  File "C:\Users\kouek\kouekam\business\conect pin and go delivery\farm business\venv\Lib\site-packages\rest_framework\views.py", line 515, in dispatch
    response = self.handle_exception(exc)
  File "C:\Users\kouek\kouekam\business\conect pin and go delivery\farm business\venv\Lib\site-packages\rest_framework\views.py", line 475, in handle_exception
    self.raise_uncaught_exception(exc)
    ~~~~~~~~~~~~~~~~~~~~~~~~~~~~~^^^^^
  File "C:\Users\kouek\kouekam\business\conect pin and go delivery\farm business\venv\Lib\site-packages\rest_framework\views.py", line 486, in raise_uncaught_exception
    raise exc
  File "C:\Users\kouek\kouekam\business\conect pin and go delivery\farm business\venv\Lib\site-packages\rest_framework\views.py", line 512, in dispatch
    response = handler(request, *args, **kwargs)
  File "C:\Users\kouek\kouekam\business\conect pin and go delivery\farm business\venv\Lib\site-packages\rest_framework\generics.py", line 203, in get
    return self.list(request, *args, **kwargs)
           ~~~~~~~~~^^^^^^^^^^^^^^^^^^^^^^^^^^
  File "C:\Users\kouek\kouekam\business\conect pin and go delivery\farm business\venv\Lib\site-packages\rest_framework\mixins.py", line 38, in list
    queryset = self.filter_queryset(self.get_queryset())
  File "C:\Users\kouek\kouekam\business\conect pin and go delivery\farm business\venv\Lib\site-packages\rest_framework\generics.py", line 154, in filter_queryset
    queryset = backend().filter_queryset(self.request, queryset, self)
  File "C:\Users\kouek\kouekam\business\conect pin and go delivery\farm business\venv\Lib\site-packages\django_filters\rest_framework\backends.py", line 66, in filter_queryset
    filterset = self.get_filterset(request, queryset, view)
  File "C:\Users\kouek\kouekam\business\conect pin and go delivery\farm business\venv\Lib\site-packages\django_filters\rest_framework\backends.py", line 18, in get_filterset
    filterset_class = self.get_filterset_class(view, queryset)
  File "C:\Users\kouek\kouekam\business\conect pin and go delivery\farm business\venv\Lib\site-packages\django_filters\rest_framework\backends.py", line 49, in get_filterset_class
    class AutoFilterSet(self.filterset_base):
    ...<2 lines>...
            fields = filterset_fields
  File "C:\Users\kouek\kouekam\business\conect pin and go delivery\farm business\venv\Lib\site-packages\django_filters\filterset.py", line 82, in __new__
    new_class.base_filters = new_class.get_filters()
                             ~~~~~~~~~~~~~~~~~~~~~^^
  File "C:\Users\kouek\kouekam\business\conect pin and go delivery\farm business\venv\Lib\site-packages\django_filters\filterset.py", line 371, in get_filters
    raise TypeError(
    ...<2 lines>...
    )
TypeError: 'Meta.fields' must not contain non-model field names: is_on_sale
ERROR 2025-08-12 15:31:52,106 log 22568 26976 Internal Server Error: /api/notifications/notifications/
Traceback (most recent call last):
  File "C:\Users\kouek\kouekam\business\conect pin and go delivery\farm business\venv\Lib\site-packages\django\core\handlers\exception.py", line 55, in inner
    response = get_response(request)
  File "C:\Users\kouek\kouekam\business\conect pin and go delivery\farm business\venv\Lib\site-packages\django\core\handlers\base.py", line 197, in _get_response
    response = wrapped_callback(request, *callback_args, **callback_kwargs)
  File "C:\Users\kouek\kouekam\business\conect pin and go delivery\farm business\venv\Lib\site-packages\django\views\decorators\csrf.py", line 65, in _view_wrapper
    return view_func(request, *args, **kwargs)
  File "C:\Users\kouek\kouekam\business\conect pin and go delivery\farm business\venv\Lib\site-packages\django\views\generic\base.py", line 105, in view
    return self.dispatch(request, *args, **kwargs)
           ~~~~~~~~~~~~~^^^^^^^^^^^^^^^^^^^^^^^^^^
  File "C:\Users\kouek\kouekam\business\conect pin and go delivery\farm business\venv\Lib\site-packages\rest_framework\views.py", line 515, in dispatch
    response = self.handle_exception(exc)
  File "C:\Users\kouek\kouekam\business\conect pin and go delivery\farm business\venv\Lib\site-packages\rest_framework\views.py", line 475, in handle_exception
    self.raise_uncaught_exception(exc)
    ~~~~~~~~~~~~~~~~~~~~~~~~~~~~~^^^^^
  File "C:\Users\kouek\kouekam\business\conect pin and go delivery\farm business\venv\Lib\site-packages\rest_framework\views.py", line 486, in raise_uncaught_exception
    raise exc
  File "C:\Users\kouek\kouekam\business\conect pin and go delivery\farm business\venv\Lib\site-packages\rest_framework\views.py", line 512, in dispatch
    response = handler(request, *args, **kwargs)
  File "C:\Users\kouek\kouekam\business\conect pin and go delivery\farm business\venv\Lib\site-packages\rest_framework\generics.py", line 203, in get
    return self.list(request, *args, **kwargs)
           ~~~~~~~~~^^^^^^^^^^^^^^^^^^^^^^^^^^
  File "C:\Users\kouek\kouekam\business\conect pin and go delivery\farm business\venv\Lib\site-packages\rest_framework\mixins.py", line 38, in list
    queryset = self.filter_queryset(self.get_queryset())
                                    ~~~~~~~~~~~~~~~~~^^
  File "C:\Users\kouek\kouekam\business\conect pin and go delivery\farm business\backend\notifications\views.py", line 36, in get_queryset
    return Notification.objects.filter(recipient=self.request.user)
           ~~~~~~~~~~~~~~~~~~~~~~~~~~~^^^^^^^^^^^^^^^^^^^^^^^^^^^^^
  File "C:\Users\kouek\kouekam\business\conect pin and go delivery\farm business\venv\Lib\site-packages\django\db\models\manager.py", line 87, in manager_method
    return getattr(self.get_queryset(), name)(*args, **kwargs)
           ~~~~~~~~~~~~~~~~~~~~~~~~~~~~~~~~~~^^^^^^^^^^^^^^^^^
  File "C:\Users\kouek\kouekam\business\conect pin and go delivery\farm business\venv\Lib\site-packages\django\db\models\query.py", line 1493, in filter
    return self._filter_or_exclude(False, args, kwargs)
           ~~~~~~~~~~~~~~~~~~~~~~~^^^^^^^^^^^^^^^^^^^^^
  File "C:\Users\kouek\kouekam\business\conect pin and go delivery\farm business\venv\Lib\site-packages\django\db\models\query.py", line 1511, in _filter_or_exclude
    clone._filter_or_exclude_inplace(negate, args, kwargs)
    ~~~~~~~~~~~~~~~~~~~~~~~~~~~~~~~~^^^^^^^^^^^^^^^^^^^^^^
  File "C:\Users\kouek\kouekam\business\conect pin and go delivery\farm business\venv\Lib\site-packages\django\db\models\query.py", line 1518, in _filter_or_exclude_inplace
    self._query.add_q(Q(*args, **kwargs))
    ~~~~~~~~~~~~~~~~~^^^^^^^^^^^^^^^^^^^^
  File "C:\Users\kouek\kouekam\business\conect pin and go delivery\farm business\venv\Lib\site-packages\django\db\models\sql\query.py", line 1646, in add_q
    clause, _ = self._add_q(q_object, can_reuse)
                ~~~~~~~~~~~^^^^^^^^^^^^^^^^^^^^^
  File "C:\Users\kouek\kouekam\business\conect pin and go delivery\farm business\venv\Lib\site-packages\django\db\models\sql\query.py", line 1678, in _add_q
    child_clause, needed_inner = self.build_filter(
                                 ~~~~~~~~~~~~~~~~~^
        child,
        ^^^^^^
    ...<7 lines>...
        update_join_types=update_join_types,
        ^^^^^^^^^^^^^^^^^^^^^^^^^^^^^^^^^^^^
    )
    ^
  File "C:\Users\kouek\kouekam\business\conect pin and go delivery\farm business\venv\Lib\site-packages\django\db\models\sql\query.py", line 1526, in build_filter
    lookups, parts, reffed_expression = self.solve_lookup_type(arg, summarize)
                                        ~~~~~~~~~~~~~~~~~~~~~~^^^^^^^^^^^^^^^^
  File "C:\Users\kouek\kouekam\business\conect pin and go delivery\farm business\venv\Lib\site-packages\django\db\models\sql\query.py", line 1333, in solve_lookup_type
    _, field, _, lookup_parts = self.names_to_path(lookup_splitted, self.get_meta())
                                ~~~~~~~~~~~~~~~~~~^^^^^^^^^^^^^^^^^^^^^^^^^^^^^^^^^^
  File "C:\Users\kouek\kouekam\business\conect pin and go delivery\farm business\venv\Lib\site-packages\django\db\models\sql\query.py", line 1805, in names_to_path
    raise FieldError(
    ...<2 lines>...
    )
django.core.exceptions.FieldError: Cannot resolve keyword 'recipient' into field. Choices are: action_url, created_at, data, email_details, email_sent, id, is_read, is_sent, message, notification_type, priority, push_sent, read_at, sent_at, sms_details, sms_sent, title, user, user_id
ERROR 2025-08-12 15:31:52,142 log 22568 9852 Internal Server Error: /api/agri-connect/products/
Traceback (most recent call last):
  File "C:\Users\kouek\kouekam\business\conect pin and go delivery\farm business\venv\Lib\site-packages\django\core\handlers\exception.py", line 55, in inner
    response = get_response(request)
  File "C:\Users\kouek\kouekam\business\conect pin and go delivery\farm business\venv\Lib\site-packages\django\core\handlers\base.py", line 197, in _get_response
    response = wrapped_callback(request, *callback_args, **callback_kwargs)
  File "C:\Users\kouek\kouekam\business\conect pin and go delivery\farm business\venv\Lib\site-packages\django\views\decorators\csrf.py", line 65, in _view_wrapper
    return view_func(request, *args, **kwargs)
  File "C:\Users\kouek\kouekam\business\conect pin and go delivery\farm business\venv\Lib\site-packages\django\views\generic\base.py", line 105, in view
    return self.dispatch(request, *args, **kwargs)
           ~~~~~~~~~~~~~^^^^^^^^^^^^^^^^^^^^^^^^^^
  File "C:\Users\kouek\kouekam\business\conect pin and go delivery\farm business\venv\Lib\site-packages\rest_framework\views.py", line 515, in dispatch
    response = self.handle_exception(exc)
  File "C:\Users\kouek\kouekam\business\conect pin and go delivery\farm business\venv\Lib\site-packages\rest_framework\views.py", line 475, in handle_exception
    self.raise_uncaught_exception(exc)
    ~~~~~~~~~~~~~~~~~~~~~~~~~~~~~^^^^^
  File "C:\Users\kouek\kouekam\business\conect pin and go delivery\farm business\venv\Lib\site-packages\rest_framework\views.py", line 486, in raise_uncaught_exception
    raise exc
  File "C:\Users\kouek\kouekam\business\conect pin and go delivery\farm business\venv\Lib\site-packages\rest_framework\views.py", line 512, in dispatch
    response = handler(request, *args, **kwargs)
  File "C:\Users\kouek\kouekam\business\conect pin and go delivery\farm business\venv\Lib\site-packages\rest_framework\generics.py", line 203, in get
    return self.list(request, *args, **kwargs)
           ~~~~~~~~~^^^^^^^^^^^^^^^^^^^^^^^^^^
  File "C:\Users\kouek\kouekam\business\conect pin and go delivery\farm business\venv\Lib\site-packages\rest_framework\mixins.py", line 38, in list
    queryset = self.filter_queryset(self.get_queryset())
  File "C:\Users\kouek\kouekam\business\conect pin and go delivery\farm business\venv\Lib\site-packages\rest_framework\generics.py", line 154, in filter_queryset
    queryset = backend().filter_queryset(self.request, queryset, self)
  File "C:\Users\kouek\kouekam\business\conect pin and go delivery\farm business\venv\Lib\site-packages\django_filters\rest_framework\backends.py", line 66, in filter_queryset
    filterset = self.get_filterset(request, queryset, view)
  File "C:\Users\kouek\kouekam\business\conect pin and go delivery\farm business\venv\Lib\site-packages\django_filters\rest_framework\backends.py", line 18, in get_filterset
    filterset_class = self.get_filterset_class(view, queryset)
  File "C:\Users\kouek\kouekam\business\conect pin and go delivery\farm business\venv\Lib\site-packages\django_filters\rest_framework\backends.py", line 49, in get_filterset_class
    class AutoFilterSet(self.filterset_base):
    ...<2 lines>...
            fields = filterset_fields
  File "C:\Users\kouek\kouekam\business\conect pin and go delivery\farm business\venv\Lib\site-packages\django_filters\filterset.py", line 82, in __new__
    new_class.base_filters = new_class.get_filters()
                             ~~~~~~~~~~~~~~~~~~~~~^^
  File "C:\Users\kouek\kouekam\business\conect pin and go delivery\farm business\venv\Lib\site-packages\django_filters\filterset.py", line 371, in get_filters
    raise TypeError(
    ...<2 lines>...
    )
TypeError: 'Meta.fields' must not contain non-model field names: is_on_sale
ERROR 2025-08-12 15:31:56,677 log 22568 26976 Internal Server Error: /api/notifications/notifications/
Traceback (most recent call last):
  File "C:\Users\kouek\kouekam\business\conect pin and go delivery\farm business\venv\Lib\site-packages\django\core\handlers\exception.py", line 55, in inner
    response = get_response(request)
  File "C:\Users\kouek\kouekam\business\conect pin and go delivery\farm business\venv\Lib\site-packages\django\core\handlers\base.py", line 197, in _get_response
    response = wrapped_callback(request, *callback_args, **callback_kwargs)
  File "C:\Users\kouek\kouekam\business\conect pin and go delivery\farm business\venv\Lib\site-packages\django\views\decorators\csrf.py", line 65, in _view_wrapper
    return view_func(request, *args, **kwargs)
  File "C:\Users\kouek\kouekam\business\conect pin and go delivery\farm business\venv\Lib\site-packages\django\views\generic\base.py", line 105, in view
    return self.dispatch(request, *args, **kwargs)
           ~~~~~~~~~~~~~^^^^^^^^^^^^^^^^^^^^^^^^^^
  File "C:\Users\kouek\kouekam\business\conect pin and go delivery\farm business\venv\Lib\site-packages\rest_framework\views.py", line 515, in dispatch
    response = self.handle_exception(exc)
  File "C:\Users\kouek\kouekam\business\conect pin and go delivery\farm business\venv\Lib\site-packages\rest_framework\views.py", line 475, in handle_exception
    self.raise_uncaught_exception(exc)
    ~~~~~~~~~~~~~~~~~~~~~~~~~~~~~^^^^^
  File "C:\Users\kouek\kouekam\business\conect pin and go delivery\farm business\venv\Lib\site-packages\rest_framework\views.py", line 486, in raise_uncaught_exception
    raise exc
  File "C:\Users\kouek\kouekam\business\conect pin and go delivery\farm business\venv\Lib\site-packages\rest_framework\views.py", line 512, in dispatch
    response = handler(request, *args, **kwargs)
  File "C:\Users\kouek\kouekam\business\conect pin and go delivery\farm business\venv\Lib\site-packages\rest_framework\generics.py", line 203, in get
    return self.list(request, *args, **kwargs)
           ~~~~~~~~~^^^^^^^^^^^^^^^^^^^^^^^^^^
  File "C:\Users\kouek\kouekam\business\conect pin and go delivery\farm business\venv\Lib\site-packages\rest_framework\mixins.py", line 38, in list
    queryset = self.filter_queryset(self.get_queryset())
                                    ~~~~~~~~~~~~~~~~~^^
  File "C:\Users\kouek\kouekam\business\conect pin and go delivery\farm business\backend\notifications\views.py", line 36, in get_queryset
    return Notification.objects.filter(recipient=self.request.user)
           ~~~~~~~~~~~~~~~~~~~~~~~~~~~^^^^^^^^^^^^^^^^^^^^^^^^^^^^^
  File "C:\Users\kouek\kouekam\business\conect pin and go delivery\farm business\venv\Lib\site-packages\django\db\models\manager.py", line 87, in manager_method
    return getattr(self.get_queryset(), name)(*args, **kwargs)
           ~~~~~~~~~~~~~~~~~~~~~~~~~~~~~~~~~~^^^^^^^^^^^^^^^^^
  File "C:\Users\kouek\kouekam\business\conect pin and go delivery\farm business\venv\Lib\site-packages\django\db\models\query.py", line 1493, in filter
    return self._filter_or_exclude(False, args, kwargs)
           ~~~~~~~~~~~~~~~~~~~~~~~^^^^^^^^^^^^^^^^^^^^^
  File "C:\Users\kouek\kouekam\business\conect pin and go delivery\farm business\venv\Lib\site-packages\django\db\models\query.py", line 1511, in _filter_or_exclude
    clone._filter_or_exclude_inplace(negate, args, kwargs)
    ~~~~~~~~~~~~~~~~~~~~~~~~~~~~~~~~^^^^^^^^^^^^^^^^^^^^^^
  File "C:\Users\kouek\kouekam\business\conect pin and go delivery\farm business\venv\Lib\site-packages\django\db\models\query.py", line 1518, in _filter_or_exclude_inplace
    self._query.add_q(Q(*args, **kwargs))
    ~~~~~~~~~~~~~~~~~^^^^^^^^^^^^^^^^^^^^
  File "C:\Users\kouek\kouekam\business\conect pin and go delivery\farm business\venv\Lib\site-packages\django\db\models\sql\query.py", line 1646, in add_q
    clause, _ = self._add_q(q_object, can_reuse)
                ~~~~~~~~~~~^^^^^^^^^^^^^^^^^^^^^
  File "C:\Users\kouek\kouekam\business\conect pin and go delivery\farm business\venv\Lib\site-packages\django\db\models\sql\query.py", line 1678, in _add_q
    child_clause, needed_inner = self.build_filter(
                                 ~~~~~~~~~~~~~~~~~^
        child,
        ^^^^^^
    ...<7 lines>...
        update_join_types=update_join_types,
        ^^^^^^^^^^^^^^^^^^^^^^^^^^^^^^^^^^^^
    )
    ^
  File "C:\Users\kouek\kouekam\business\conect pin and go delivery\farm business\venv\Lib\site-packages\django\db\models\sql\query.py", line 1526, in build_filter
    lookups, parts, reffed_expression = self.solve_lookup_type(arg, summarize)
                                        ~~~~~~~~~~~~~~~~~~~~~~^^^^^^^^^^^^^^^^
  File "C:\Users\kouek\kouekam\business\conect pin and go delivery\farm business\venv\Lib\site-packages\django\db\models\sql\query.py", line 1333, in solve_lookup_type
    _, field, _, lookup_parts = self.names_to_path(lookup_splitted, self.get_meta())
                                ~~~~~~~~~~~~~~~~~~^^^^^^^^^^^^^^^^^^^^^^^^^^^^^^^^^^
  File "C:\Users\kouek\kouekam\business\conect pin and go delivery\farm business\venv\Lib\site-packages\django\db\models\sql\query.py", line 1805, in names_to_path
    raise FieldError(
    ...<2 lines>...
    )
django.core.exceptions.FieldError: Cannot resolve keyword 'recipient' into field. Choices are: action_url, created_at, data, email_details, email_sent, id, is_read, is_sent, message, notification_type, priority, push_sent, read_at, sent_at, sms_details, sms_sent, title, user, user_id
ERROR 2025-08-12 15:31:56,697 log 22568 23256 Internal Server Error: /api/agri-connect/products/
Traceback (most recent call last):
  File "C:\Users\kouek\kouekam\business\conect pin and go delivery\farm business\venv\Lib\site-packages\django\core\handlers\exception.py", line 55, in inner
    response = get_response(request)
  File "C:\Users\kouek\kouekam\business\conect pin and go delivery\farm business\venv\Lib\site-packages\django\core\handlers\base.py", line 197, in _get_response
    response = wrapped_callback(request, *callback_args, **callback_kwargs)
  File "C:\Users\kouek\kouekam\business\conect pin and go delivery\farm business\venv\Lib\site-packages\django\views\decorators\csrf.py", line 65, in _view_wrapper
    return view_func(request, *args, **kwargs)
  File "C:\Users\kouek\kouekam\business\conect pin and go delivery\farm business\venv\Lib\site-packages\django\views\generic\base.py", line 105, in view
    return self.dispatch(request, *args, **kwargs)
           ~~~~~~~~~~~~~^^^^^^^^^^^^^^^^^^^^^^^^^^
  File "C:\Users\kouek\kouekam\business\conect pin and go delivery\farm business\venv\Lib\site-packages\rest_framework\views.py", line 515, in dispatch
    response = self.handle_exception(exc)
  File "C:\Users\kouek\kouekam\business\conect pin and go delivery\farm business\venv\Lib\site-packages\rest_framework\views.py", line 475, in handle_exception
    self.raise_uncaught_exception(exc)
    ~~~~~~~~~~~~~~~~~~~~~~~~~~~~~^^^^^
  File "C:\Users\kouek\kouekam\business\conect pin and go delivery\farm business\venv\Lib\site-packages\rest_framework\views.py", line 486, in raise_uncaught_exception
    raise exc
  File "C:\Users\kouek\kouekam\business\conect pin and go delivery\farm business\venv\Lib\site-packages\rest_framework\views.py", line 512, in dispatch
    response = handler(request, *args, **kwargs)
  File "C:\Users\kouek\kouekam\business\conect pin and go delivery\farm business\venv\Lib\site-packages\rest_framework\generics.py", line 203, in get
    return self.list(request, *args, **kwargs)
           ~~~~~~~~~^^^^^^^^^^^^^^^^^^^^^^^^^^
  File "C:\Users\kouek\kouekam\business\conect pin and go delivery\farm business\venv\Lib\site-packages\rest_framework\mixins.py", line 38, in list
    queryset = self.filter_queryset(self.get_queryset())
  File "C:\Users\kouek\kouekam\business\conect pin and go delivery\farm business\venv\Lib\site-packages\rest_framework\generics.py", line 154, in filter_queryset
    queryset = backend().filter_queryset(self.request, queryset, self)
  File "C:\Users\kouek\kouekam\business\conect pin and go delivery\farm business\venv\Lib\site-packages\django_filters\rest_framework\backends.py", line 66, in filter_queryset
    filterset = self.get_filterset(request, queryset, view)
  File "C:\Users\kouek\kouekam\business\conect pin and go delivery\farm business\venv\Lib\site-packages\django_filters\rest_framework\backends.py", line 18, in get_filterset
    filterset_class = self.get_filterset_class(view, queryset)
  File "C:\Users\kouek\kouekam\business\conect pin and go delivery\farm business\venv\Lib\site-packages\django_filters\rest_framework\backends.py", line 49, in get_filterset_class
    class AutoFilterSet(self.filterset_base):
    ...<2 lines>...
            fields = filterset_fields
  File "C:\Users\kouek\kouekam\business\conect pin and go delivery\farm business\venv\Lib\site-packages\django_filters\filterset.py", line 82, in __new__
    new_class.base_filters = new_class.get_filters()
                             ~~~~~~~~~~~~~~~~~~~~~^^
  File "C:\Users\kouek\kouekam\business\conect pin and go delivery\farm business\venv\Lib\site-packages\django_filters\filterset.py", line 371, in get_filters
    raise TypeError(
    ...<2 lines>...
    )
TypeError: 'Meta.fields' must not contain non-model field names: is_on_sale
ERROR 2025-08-12 15:32:12,290 log 22568 23256 Internal Server Error: /api/notifications/notifications/
Traceback (most recent call last):
  File "C:\Users\kouek\kouekam\business\conect pin and go delivery\farm business\venv\Lib\site-packages\django\core\handlers\exception.py", line 55, in inner
    response = get_response(request)
  File "C:\Users\kouek\kouekam\business\conect pin and go delivery\farm business\venv\Lib\site-packages\django\core\handlers\base.py", line 197, in _get_response
    response = wrapped_callback(request, *callback_args, **callback_kwargs)
  File "C:\Users\kouek\kouekam\business\conect pin and go delivery\farm business\venv\Lib\site-packages\django\views\decorators\csrf.py", line 65, in _view_wrapper
    return view_func(request, *args, **kwargs)
  File "C:\Users\kouek\kouekam\business\conect pin and go delivery\farm business\venv\Lib\site-packages\django\views\generic\base.py", line 105, in view
    return self.dispatch(request, *args, **kwargs)
           ~~~~~~~~~~~~~^^^^^^^^^^^^^^^^^^^^^^^^^^
  File "C:\Users\kouek\kouekam\business\conect pin and go delivery\farm business\venv\Lib\site-packages\rest_framework\views.py", line 515, in dispatch
    response = self.handle_exception(exc)
  File "C:\Users\kouek\kouekam\business\conect pin and go delivery\farm business\venv\Lib\site-packages\rest_framework\views.py", line 475, in handle_exception
    self.raise_uncaught_exception(exc)
    ~~~~~~~~~~~~~~~~~~~~~~~~~~~~~^^^^^
  File "C:\Users\kouek\kouekam\business\conect pin and go delivery\farm business\venv\Lib\site-packages\rest_framework\views.py", line 486, in raise_uncaught_exception
    raise exc
  File "C:\Users\kouek\kouekam\business\conect pin and go delivery\farm business\venv\Lib\site-packages\rest_framework\views.py", line 512, in dispatch
    response = handler(request, *args, **kwargs)
  File "C:\Users\kouek\kouekam\business\conect pin and go delivery\farm business\venv\Lib\site-packages\rest_framework\generics.py", line 203, in get
    return self.list(request, *args, **kwargs)
           ~~~~~~~~~^^^^^^^^^^^^^^^^^^^^^^^^^^
  File "C:\Users\kouek\kouekam\business\conect pin and go delivery\farm business\venv\Lib\site-packages\rest_framework\mixins.py", line 38, in list
    queryset = self.filter_queryset(self.get_queryset())
                                    ~~~~~~~~~~~~~~~~~^^
  File "C:\Users\kouek\kouekam\business\conect pin and go delivery\farm business\backend\notifications\views.py", line 36, in get_queryset
    return Notification.objects.filter(recipient=self.request.user)
           ~~~~~~~~~~~~~~~~~~~~~~~~~~~^^^^^^^^^^^^^^^^^^^^^^^^^^^^^
  File "C:\Users\kouek\kouekam\business\conect pin and go delivery\farm business\venv\Lib\site-packages\django\db\models\manager.py", line 87, in manager_method
    return getattr(self.get_queryset(), name)(*args, **kwargs)
           ~~~~~~~~~~~~~~~~~~~~~~~~~~~~~~~~~~^^^^^^^^^^^^^^^^^
  File "C:\Users\kouek\kouekam\business\conect pin and go delivery\farm business\venv\Lib\site-packages\django\db\models\query.py", line 1493, in filter
    return self._filter_or_exclude(False, args, kwargs)
           ~~~~~~~~~~~~~~~~~~~~~~~^^^^^^^^^^^^^^^^^^^^^
  File "C:\Users\kouek\kouekam\business\conect pin and go delivery\farm business\venv\Lib\site-packages\django\db\models\query.py", line 1511, in _filter_or_exclude
    clone._filter_or_exclude_inplace(negate, args, kwargs)
    ~~~~~~~~~~~~~~~~~~~~~~~~~~~~~~~~^^^^^^^^^^^^^^^^^^^^^^
  File "C:\Users\kouek\kouekam\business\conect pin and go delivery\farm business\venv\Lib\site-packages\django\db\models\query.py", line 1518, in _filter_or_exclude_inplace
    self._query.add_q(Q(*args, **kwargs))
    ~~~~~~~~~~~~~~~~~^^^^^^^^^^^^^^^^^^^^
  File "C:\Users\kouek\kouekam\business\conect pin and go delivery\farm business\venv\Lib\site-packages\django\db\models\sql\query.py", line 1646, in add_q
    clause, _ = self._add_q(q_object, can_reuse)
                ~~~~~~~~~~~^^^^^^^^^^^^^^^^^^^^^
  File "C:\Users\kouek\kouekam\business\conect pin and go delivery\farm business\venv\Lib\site-packages\django\db\models\sql\query.py", line 1678, in _add_q
    child_clause, needed_inner = self.build_filter(
                                 ~~~~~~~~~~~~~~~~~^
        child,
        ^^^^^^
    ...<7 lines>...
        update_join_types=update_join_types,
        ^^^^^^^^^^^^^^^^^^^^^^^^^^^^^^^^^^^^
    )
    ^
  File "C:\Users\kouek\kouekam\business\conect pin and go delivery\farm business\venv\Lib\site-packages\django\db\models\sql\query.py", line 1526, in build_filter
    lookups, parts, reffed_expression = self.solve_lookup_type(arg, summarize)
                                        ~~~~~~~~~~~~~~~~~~~~~~^^^^^^^^^^^^^^^^
  File "C:\Users\kouek\kouekam\business\conect pin and go delivery\farm business\venv\Lib\site-packages\django\db\models\sql\query.py", line 1333, in solve_lookup_type
    _, field, _, lookup_parts = self.names_to_path(lookup_splitted, self.get_meta())
                                ~~~~~~~~~~~~~~~~~~^^^^^^^^^^^^^^^^^^^^^^^^^^^^^^^^^^
  File "C:\Users\kouek\kouekam\business\conect pin and go delivery\farm business\venv\Lib\site-packages\django\db\models\sql\query.py", line 1805, in names_to_path
    raise FieldError(
    ...<2 lines>...
    )
django.core.exceptions.FieldError: Cannot resolve keyword 'recipient' into field. Choices are: action_url, created_at, data, email_details, email_sent, id, is_read, is_sent, message, notification_type, priority, push_sent, read_at, sent_at, sms_details, sms_sent, title, user, user_id
ERROR 2025-08-12 15:32:13,288 log 22568 9852 Internal Server Error: /api/agri-connect/products/
Traceback (most recent call last):
  File "C:\Users\kouek\kouekam\business\conect pin and go delivery\farm business\venv\Lib\site-packages\django\core\handlers\exception.py", line 55, in inner
    response = get_response(request)
  File "C:\Users\kouek\kouekam\business\conect pin and go delivery\farm business\venv\Lib\site-packages\django\core\handlers\base.py", line 197, in _get_response
    response = wrapped_callback(request, *callback_args, **callback_kwargs)
  File "C:\Users\kouek\kouekam\business\conect pin and go delivery\farm business\venv\Lib\site-packages\django\views\decorators\csrf.py", line 65, in _view_wrapper
    return view_func(request, *args, **kwargs)
  File "C:\Users\kouek\kouekam\business\conect pin and go delivery\farm business\venv\Lib\site-packages\django\views\generic\base.py", line 105, in view
    return self.dispatch(request, *args, **kwargs)
           ~~~~~~~~~~~~~^^^^^^^^^^^^^^^^^^^^^^^^^^
  File "C:\Users\kouek\kouekam\business\conect pin and go delivery\farm business\venv\Lib\site-packages\rest_framework\views.py", line 515, in dispatch
    response = self.handle_exception(exc)
  File "C:\Users\kouek\kouekam\business\conect pin and go delivery\farm business\venv\Lib\site-packages\rest_framework\views.py", line 475, in handle_exception
    self.raise_uncaught_exception(exc)
    ~~~~~~~~~~~~~~~~~~~~~~~~~~~~~^^^^^
  File "C:\Users\kouek\kouekam\business\conect pin and go delivery\farm business\venv\Lib\site-packages\rest_framework\views.py", line 486, in raise_uncaught_exception
    raise exc
  File "C:\Users\kouek\kouekam\business\conect pin and go delivery\farm business\venv\Lib\site-packages\rest_framework\views.py", line 512, in dispatch
    response = handler(request, *args, **kwargs)
  File "C:\Users\kouek\kouekam\business\conect pin and go delivery\farm business\venv\Lib\site-packages\rest_framework\generics.py", line 203, in get
    return self.list(request, *args, **kwargs)
           ~~~~~~~~~^^^^^^^^^^^^^^^^^^^^^^^^^^
  File "C:\Users\kouek\kouekam\business\conect pin and go delivery\farm business\venv\Lib\site-packages\rest_framework\mixins.py", line 38, in list
    queryset = self.filter_queryset(self.get_queryset())
  File "C:\Users\kouek\kouekam\business\conect pin and go delivery\farm business\venv\Lib\site-packages\rest_framework\generics.py", line 154, in filter_queryset
    queryset = backend().filter_queryset(self.request, queryset, self)
  File "C:\Users\kouek\kouekam\business\conect pin and go delivery\farm business\venv\Lib\site-packages\django_filters\rest_framework\backends.py", line 66, in filter_queryset
    filterset = self.get_filterset(request, queryset, view)
  File "C:\Users\kouek\kouekam\business\conect pin and go delivery\farm business\venv\Lib\site-packages\django_filters\rest_framework\backends.py", line 18, in get_filterset
    filterset_class = self.get_filterset_class(view, queryset)
  File "C:\Users\kouek\kouekam\business\conect pin and go delivery\farm business\venv\Lib\site-packages\django_filters\rest_framework\backends.py", line 49, in get_filterset_class
    class AutoFilterSet(self.filterset_base):
    ...<2 lines>...
            fields = filterset_fields
  File "C:\Users\kouek\kouekam\business\conect pin and go delivery\farm business\venv\Lib\site-packages\django_filters\filterset.py", line 82, in __new__
    new_class.base_filters = new_class.get_filters()
                             ~~~~~~~~~~~~~~~~~~~~~^^
  File "C:\Users\kouek\kouekam\business\conect pin and go delivery\farm business\venv\Lib\site-packages\django_filters\filterset.py", line 371, in get_filters
    raise TypeError(
    ...<2 lines>...
    )
TypeError: 'Meta.fields' must not contain non-model field names: is_on_sale
ERROR 2025-08-12 15:32:39,546 log 22568 9852 Internal Server Error: /api/agri-connect/products/
Traceback (most recent call last):
  File "C:\Users\kouek\kouekam\business\conect pin and go delivery\farm business\venv\Lib\site-packages\django\core\handlers\exception.py", line 55, in inner
    response = get_response(request)
  File "C:\Users\kouek\kouekam\business\conect pin and go delivery\farm business\venv\Lib\site-packages\django\core\handlers\base.py", line 197, in _get_response
    response = wrapped_callback(request, *callback_args, **callback_kwargs)
  File "C:\Users\kouek\kouekam\business\conect pin and go delivery\farm business\venv\Lib\site-packages\django\views\decorators\csrf.py", line 65, in _view_wrapper
    return view_func(request, *args, **kwargs)
  File "C:\Users\kouek\kouekam\business\conect pin and go delivery\farm business\venv\Lib\site-packages\django\views\generic\base.py", line 105, in view
    return self.dispatch(request, *args, **kwargs)
           ~~~~~~~~~~~~~^^^^^^^^^^^^^^^^^^^^^^^^^^
  File "C:\Users\kouek\kouekam\business\conect pin and go delivery\farm business\venv\Lib\site-packages\rest_framework\views.py", line 515, in dispatch
    response = self.handle_exception(exc)
  File "C:\Users\kouek\kouekam\business\conect pin and go delivery\farm business\venv\Lib\site-packages\rest_framework\views.py", line 475, in handle_exception
    self.raise_uncaught_exception(exc)
    ~~~~~~~~~~~~~~~~~~~~~~~~~~~~~^^^^^
  File "C:\Users\kouek\kouekam\business\conect pin and go delivery\farm business\venv\Lib\site-packages\rest_framework\views.py", line 486, in raise_uncaught_exception
    raise exc
  File "C:\Users\kouek\kouekam\business\conect pin and go delivery\farm business\venv\Lib\site-packages\rest_framework\views.py", line 512, in dispatch
    response = handler(request, *args, **kwargs)
  File "C:\Users\kouek\kouekam\business\conect pin and go delivery\farm business\venv\Lib\site-packages\rest_framework\generics.py", line 203, in get
    return self.list(request, *args, **kwargs)
           ~~~~~~~~~^^^^^^^^^^^^^^^^^^^^^^^^^^
  File "C:\Users\kouek\kouekam\business\conect pin and go delivery\farm business\venv\Lib\site-packages\rest_framework\mixins.py", line 38, in list
    queryset = self.filter_queryset(self.get_queryset())
  File "C:\Users\kouek\kouekam\business\conect pin and go delivery\farm business\venv\Lib\site-packages\rest_framework\generics.py", line 154, in filter_queryset
    queryset = backend().filter_queryset(self.request, queryset, self)
  File "C:\Users\kouek\kouekam\business\conect pin and go delivery\farm business\venv\Lib\site-packages\django_filters\rest_framework\backends.py", line 66, in filter_queryset
    filterset = self.get_filterset(request, queryset, view)
  File "C:\Users\kouek\kouekam\business\conect pin and go delivery\farm business\venv\Lib\site-packages\django_filters\rest_framework\backends.py", line 18, in get_filterset
    filterset_class = self.get_filterset_class(view, queryset)
  File "C:\Users\kouek\kouekam\business\conect pin and go delivery\farm business\venv\Lib\site-packages\django_filters\rest_framework\backends.py", line 49, in get_filterset_class
    class AutoFilterSet(self.filterset_base):
    ...<2 lines>...
            fields = filterset_fields
  File "C:\Users\kouek\kouekam\business\conect pin and go delivery\farm business\venv\Lib\site-packages\django_filters\filterset.py", line 82, in __new__
    new_class.base_filters = new_class.get_filters()
                             ~~~~~~~~~~~~~~~~~~~~~^^
  File "C:\Users\kouek\kouekam\business\conect pin and go delivery\farm business\venv\Lib\site-packages\django_filters\filterset.py", line 371, in get_filters
    raise TypeError(
    ...<2 lines>...
    )
TypeError: 'Meta.fields' must not contain non-model field names: is_on_sale
WARNING 2025-08-12 15:32:58,134 log 22568 30144 Unauthorized: /api/agri-connect/cart/
ERROR 2025-08-12 15:33:06,763 log 22568 9852 Internal Server Error: /api/agri-connect/products/
Traceback (most recent call last):
  File "C:\Users\kouek\kouekam\business\conect pin and go delivery\farm business\venv\Lib\site-packages\django\core\handlers\exception.py", line 55, in inner
    response = get_response(request)
  File "C:\Users\kouek\kouekam\business\conect pin and go delivery\farm business\venv\Lib\site-packages\django\core\handlers\base.py", line 197, in _get_response
    response = wrapped_callback(request, *callback_args, **callback_kwargs)
  File "C:\Users\kouek\kouekam\business\conect pin and go delivery\farm business\venv\Lib\site-packages\django\views\decorators\csrf.py", line 65, in _view_wrapper
    return view_func(request, *args, **kwargs)
  File "C:\Users\kouek\kouekam\business\conect pin and go delivery\farm business\venv\Lib\site-packages\django\views\generic\base.py", line 105, in view
    return self.dispatch(request, *args, **kwargs)
           ~~~~~~~~~~~~~^^^^^^^^^^^^^^^^^^^^^^^^^^
  File "C:\Users\kouek\kouekam\business\conect pin and go delivery\farm business\venv\Lib\site-packages\rest_framework\views.py", line 515, in dispatch
    response = self.handle_exception(exc)
  File "C:\Users\kouek\kouekam\business\conect pin and go delivery\farm business\venv\Lib\site-packages\rest_framework\views.py", line 475, in handle_exception
    self.raise_uncaught_exception(exc)
    ~~~~~~~~~~~~~~~~~~~~~~~~~~~~~^^^^^
  File "C:\Users\kouek\kouekam\business\conect pin and go delivery\farm business\venv\Lib\site-packages\rest_framework\views.py", line 486, in raise_uncaught_exception
    raise exc
  File "C:\Users\kouek\kouekam\business\conect pin and go delivery\farm business\venv\Lib\site-packages\rest_framework\views.py", line 512, in dispatch
    response = handler(request, *args, **kwargs)
  File "C:\Users\kouek\kouekam\business\conect pin and go delivery\farm business\venv\Lib\site-packages\rest_framework\generics.py", line 203, in get
    return self.list(request, *args, **kwargs)
           ~~~~~~~~~^^^^^^^^^^^^^^^^^^^^^^^^^^
  File "C:\Users\kouek\kouekam\business\conect pin and go delivery\farm business\venv\Lib\site-packages\rest_framework\mixins.py", line 38, in list
    queryset = self.filter_queryset(self.get_queryset())
  File "C:\Users\kouek\kouekam\business\conect pin and go delivery\farm business\venv\Lib\site-packages\rest_framework\generics.py", line 154, in filter_queryset
    queryset = backend().filter_queryset(self.request, queryset, self)
  File "C:\Users\kouek\kouekam\business\conect pin and go delivery\farm business\venv\Lib\site-packages\django_filters\rest_framework\backends.py", line 66, in filter_queryset
    filterset = self.get_filterset(request, queryset, view)
  File "C:\Users\kouek\kouekam\business\conect pin and go delivery\farm business\venv\Lib\site-packages\django_filters\rest_framework\backends.py", line 18, in get_filterset
    filterset_class = self.get_filterset_class(view, queryset)
  File "C:\Users\kouek\kouekam\business\conect pin and go delivery\farm business\venv\Lib\site-packages\django_filters\rest_framework\backends.py", line 49, in get_filterset_class
    class AutoFilterSet(self.filterset_base):
    ...<2 lines>...
            fields = filterset_fields
  File "C:\Users\kouek\kouekam\business\conect pin and go delivery\farm business\venv\Lib\site-packages\django_filters\filterset.py", line 82, in __new__
    new_class.base_filters = new_class.get_filters()
                             ~~~~~~~~~~~~~~~~~~~~~^^
  File "C:\Users\kouek\kouekam\business\conect pin and go delivery\farm business\venv\Lib\site-packages\django_filters\filterset.py", line 371, in get_filters
    raise TypeError(
    ...<2 lines>...
    )
TypeError: 'Meta.fields' must not contain non-model field names: is_on_sale
ERROR 2025-08-12 15:33:07,930 log 22568 9852 Internal Server Error: /api/agri-connect/products/
Traceback (most recent call last):
  File "C:\Users\kouek\kouekam\business\conect pin and go delivery\farm business\venv\Lib\site-packages\django\core\handlers\exception.py", line 55, in inner
    response = get_response(request)
  File "C:\Users\kouek\kouekam\business\conect pin and go delivery\farm business\venv\Lib\site-packages\django\core\handlers\base.py", line 197, in _get_response
    response = wrapped_callback(request, *callback_args, **callback_kwargs)
  File "C:\Users\kouek\kouekam\business\conect pin and go delivery\farm business\venv\Lib\site-packages\django\views\decorators\csrf.py", line 65, in _view_wrapper
    return view_func(request, *args, **kwargs)
  File "C:\Users\kouek\kouekam\business\conect pin and go delivery\farm business\venv\Lib\site-packages\django\views\generic\base.py", line 105, in view
    return self.dispatch(request, *args, **kwargs)
           ~~~~~~~~~~~~~^^^^^^^^^^^^^^^^^^^^^^^^^^
  File "C:\Users\kouek\kouekam\business\conect pin and go delivery\farm business\venv\Lib\site-packages\rest_framework\views.py", line 515, in dispatch
    response = self.handle_exception(exc)
  File "C:\Users\kouek\kouekam\business\conect pin and go delivery\farm business\venv\Lib\site-packages\rest_framework\views.py", line 475, in handle_exception
    self.raise_uncaught_exception(exc)
    ~~~~~~~~~~~~~~~~~~~~~~~~~~~~~^^^^^
  File "C:\Users\kouek\kouekam\business\conect pin and go delivery\farm business\venv\Lib\site-packages\rest_framework\views.py", line 486, in raise_uncaught_exception
    raise exc
  File "C:\Users\kouek\kouekam\business\conect pin and go delivery\farm business\venv\Lib\site-packages\rest_framework\views.py", line 512, in dispatch
    response = handler(request, *args, **kwargs)
  File "C:\Users\kouek\kouekam\business\conect pin and go delivery\farm business\venv\Lib\site-packages\rest_framework\generics.py", line 203, in get
    return self.list(request, *args, **kwargs)
           ~~~~~~~~~^^^^^^^^^^^^^^^^^^^^^^^^^^
  File "C:\Users\kouek\kouekam\business\conect pin and go delivery\farm business\venv\Lib\site-packages\rest_framework\mixins.py", line 38, in list
    queryset = self.filter_queryset(self.get_queryset())
  File "C:\Users\kouek\kouekam\business\conect pin and go delivery\farm business\venv\Lib\site-packages\rest_framework\generics.py", line 154, in filter_queryset
    queryset = backend().filter_queryset(self.request, queryset, self)
  File "C:\Users\kouek\kouekam\business\conect pin and go delivery\farm business\venv\Lib\site-packages\django_filters\rest_framework\backends.py", line 66, in filter_queryset
    filterset = self.get_filterset(request, queryset, view)
  File "C:\Users\kouek\kouekam\business\conect pin and go delivery\farm business\venv\Lib\site-packages\django_filters\rest_framework\backends.py", line 18, in get_filterset
    filterset_class = self.get_filterset_class(view, queryset)
  File "C:\Users\kouek\kouekam\business\conect pin and go delivery\farm business\venv\Lib\site-packages\django_filters\rest_framework\backends.py", line 49, in get_filterset_class
    class AutoFilterSet(self.filterset_base):
    ...<2 lines>...
            fields = filterset_fields
  File "C:\Users\kouek\kouekam\business\conect pin and go delivery\farm business\venv\Lib\site-packages\django_filters\filterset.py", line 82, in __new__
    new_class.base_filters = new_class.get_filters()
                             ~~~~~~~~~~~~~~~~~~~~~^^
  File "C:\Users\kouek\kouekam\business\conect pin and go delivery\farm business\venv\Lib\site-packages\django_filters\filterset.py", line 371, in get_filters
    raise TypeError(
    ...<2 lines>...
    )
TypeError: 'Meta.fields' must not contain non-model field names: is_on_sale
ERROR 2025-08-12 15:34:18,557 log 22568 9852 Internal Server Error: /api/notifications/notifications/
Traceback (most recent call last):
  File "C:\Users\kouek\kouekam\business\conect pin and go delivery\farm business\venv\Lib\site-packages\django\core\handlers\exception.py", line 55, in inner
    response = get_response(request)
  File "C:\Users\kouek\kouekam\business\conect pin and go delivery\farm business\venv\Lib\site-packages\django\core\handlers\base.py", line 197, in _get_response
    response = wrapped_callback(request, *callback_args, **callback_kwargs)
  File "C:\Users\kouek\kouekam\business\conect pin and go delivery\farm business\venv\Lib\site-packages\django\views\decorators\csrf.py", line 65, in _view_wrapper
    return view_func(request, *args, **kwargs)
  File "C:\Users\kouek\kouekam\business\conect pin and go delivery\farm business\venv\Lib\site-packages\django\views\generic\base.py", line 105, in view
    return self.dispatch(request, *args, **kwargs)
           ~~~~~~~~~~~~~^^^^^^^^^^^^^^^^^^^^^^^^^^
  File "C:\Users\kouek\kouekam\business\conect pin and go delivery\farm business\venv\Lib\site-packages\rest_framework\views.py", line 515, in dispatch
    response = self.handle_exception(exc)
  File "C:\Users\kouek\kouekam\business\conect pin and go delivery\farm business\venv\Lib\site-packages\rest_framework\views.py", line 475, in handle_exception
    self.raise_uncaught_exception(exc)
    ~~~~~~~~~~~~~~~~~~~~~~~~~~~~~^^^^^
  File "C:\Users\kouek\kouekam\business\conect pin and go delivery\farm business\venv\Lib\site-packages\rest_framework\views.py", line 486, in raise_uncaught_exception
    raise exc
  File "C:\Users\kouek\kouekam\business\conect pin and go delivery\farm business\venv\Lib\site-packages\rest_framework\views.py", line 512, in dispatch
    response = handler(request, *args, **kwargs)
  File "C:\Users\kouek\kouekam\business\conect pin and go delivery\farm business\venv\Lib\site-packages\rest_framework\generics.py", line 203, in get
    return self.list(request, *args, **kwargs)
           ~~~~~~~~~^^^^^^^^^^^^^^^^^^^^^^^^^^
  File "C:\Users\kouek\kouekam\business\conect pin and go delivery\farm business\venv\Lib\site-packages\rest_framework\mixins.py", line 38, in list
    queryset = self.filter_queryset(self.get_queryset())
                                    ~~~~~~~~~~~~~~~~~^^
  File "C:\Users\kouek\kouekam\business\conect pin and go delivery\farm business\backend\notifications\views.py", line 36, in get_queryset
    return Notification.objects.filter(recipient=self.request.user)
           ~~~~~~~~~~~~~~~~~~~~~~~~~~~^^^^^^^^^^^^^^^^^^^^^^^^^^^^^
  File "C:\Users\kouek\kouekam\business\conect pin and go delivery\farm business\venv\Lib\site-packages\django\db\models\manager.py", line 87, in manager_method
    return getattr(self.get_queryset(), name)(*args, **kwargs)
           ~~~~~~~~~~~~~~~~~~~~~~~~~~~~~~~~~~^^^^^^^^^^^^^^^^^
  File "C:\Users\kouek\kouekam\business\conect pin and go delivery\farm business\venv\Lib\site-packages\django\db\models\query.py", line 1493, in filter
    return self._filter_or_exclude(False, args, kwargs)
           ~~~~~~~~~~~~~~~~~~~~~~~^^^^^^^^^^^^^^^^^^^^^
  File "C:\Users\kouek\kouekam\business\conect pin and go delivery\farm business\venv\Lib\site-packages\django\db\models\query.py", line 1511, in _filter_or_exclude
    clone._filter_or_exclude_inplace(negate, args, kwargs)
    ~~~~~~~~~~~~~~~~~~~~~~~~~~~~~~~~^^^^^^^^^^^^^^^^^^^^^^
  File "C:\Users\kouek\kouekam\business\conect pin and go delivery\farm business\venv\Lib\site-packages\django\db\models\query.py", line 1518, in _filter_or_exclude_inplace
    self._query.add_q(Q(*args, **kwargs))
    ~~~~~~~~~~~~~~~~~^^^^^^^^^^^^^^^^^^^^
  File "C:\Users\kouek\kouekam\business\conect pin and go delivery\farm business\venv\Lib\site-packages\django\db\models\sql\query.py", line 1646, in add_q
    clause, _ = self._add_q(q_object, can_reuse)
                ~~~~~~~~~~~^^^^^^^^^^^^^^^^^^^^^
  File "C:\Users\kouek\kouekam\business\conect pin and go delivery\farm business\venv\Lib\site-packages\django\db\models\sql\query.py", line 1678, in _add_q
    child_clause, needed_inner = self.build_filter(
                                 ~~~~~~~~~~~~~~~~~^
        child,
        ^^^^^^
    ...<7 lines>...
        update_join_types=update_join_types,
        ^^^^^^^^^^^^^^^^^^^^^^^^^^^^^^^^^^^^
    )
    ^
  File "C:\Users\kouek\kouekam\business\conect pin and go delivery\farm business\venv\Lib\site-packages\django\db\models\sql\query.py", line 1526, in build_filter
    lookups, parts, reffed_expression = self.solve_lookup_type(arg, summarize)
                                        ~~~~~~~~~~~~~~~~~~~~~~^^^^^^^^^^^^^^^^
  File "C:\Users\kouek\kouekam\business\conect pin and go delivery\farm business\venv\Lib\site-packages\django\db\models\sql\query.py", line 1333, in solve_lookup_type
    _, field, _, lookup_parts = self.names_to_path(lookup_splitted, self.get_meta())
                                ~~~~~~~~~~~~~~~~~~^^^^^^^^^^^^^^^^^^^^^^^^^^^^^^^^^^
  File "C:\Users\kouek\kouekam\business\conect pin and go delivery\farm business\venv\Lib\site-packages\django\db\models\sql\query.py", line 1805, in names_to_path
    raise FieldError(
    ...<2 lines>...
    )
django.core.exceptions.FieldError: Cannot resolve keyword 'recipient' into field. Choices are: action_url, created_at, data, email_details, email_sent, id, is_read, is_sent, message, notification_type, priority, push_sent, read_at, sent_at, sms_details, sms_sent, title, user, user_id
ERROR 2025-08-12 15:34:19,207 log 22568 26976 Internal Server Error: /api/agri-connect/products/
Traceback (most recent call last):
  File "C:\Users\kouek\kouekam\business\conect pin and go delivery\farm business\venv\Lib\site-packages\django\core\handlers\exception.py", line 55, in inner
    response = get_response(request)
  File "C:\Users\kouek\kouekam\business\conect pin and go delivery\farm business\venv\Lib\site-packages\django\core\handlers\base.py", line 197, in _get_response
    response = wrapped_callback(request, *callback_args, **callback_kwargs)
  File "C:\Users\kouek\kouekam\business\conect pin and go delivery\farm business\venv\Lib\site-packages\django\views\decorators\csrf.py", line 65, in _view_wrapper
    return view_func(request, *args, **kwargs)
  File "C:\Users\kouek\kouekam\business\conect pin and go delivery\farm business\venv\Lib\site-packages\django\views\generic\base.py", line 105, in view
    return self.dispatch(request, *args, **kwargs)
           ~~~~~~~~~~~~~^^^^^^^^^^^^^^^^^^^^^^^^^^
  File "C:\Users\kouek\kouekam\business\conect pin and go delivery\farm business\venv\Lib\site-packages\rest_framework\views.py", line 515, in dispatch
    response = self.handle_exception(exc)
  File "C:\Users\kouek\kouekam\business\conect pin and go delivery\farm business\venv\Lib\site-packages\rest_framework\views.py", line 475, in handle_exception
    self.raise_uncaught_exception(exc)
    ~~~~~~~~~~~~~~~~~~~~~~~~~~~~~^^^^^
  File "C:\Users\kouek\kouekam\business\conect pin and go delivery\farm business\venv\Lib\site-packages\rest_framework\views.py", line 486, in raise_uncaught_exception
    raise exc
  File "C:\Users\kouek\kouekam\business\conect pin and go delivery\farm business\venv\Lib\site-packages\rest_framework\views.py", line 512, in dispatch
    response = handler(request, *args, **kwargs)
  File "C:\Users\kouek\kouekam\business\conect pin and go delivery\farm business\venv\Lib\site-packages\rest_framework\generics.py", line 203, in get
    return self.list(request, *args, **kwargs)
           ~~~~~~~~~^^^^^^^^^^^^^^^^^^^^^^^^^^
  File "C:\Users\kouek\kouekam\business\conect pin and go delivery\farm business\venv\Lib\site-packages\rest_framework\mixins.py", line 38, in list
    queryset = self.filter_queryset(self.get_queryset())
  File "C:\Users\kouek\kouekam\business\conect pin and go delivery\farm business\venv\Lib\site-packages\rest_framework\generics.py", line 154, in filter_queryset
    queryset = backend().filter_queryset(self.request, queryset, self)
  File "C:\Users\kouek\kouekam\business\conect pin and go delivery\farm business\venv\Lib\site-packages\django_filters\rest_framework\backends.py", line 66, in filter_queryset
    filterset = self.get_filterset(request, queryset, view)
  File "C:\Users\kouek\kouekam\business\conect pin and go delivery\farm business\venv\Lib\site-packages\django_filters\rest_framework\backends.py", line 18, in get_filterset
    filterset_class = self.get_filterset_class(view, queryset)
  File "C:\Users\kouek\kouekam\business\conect pin and go delivery\farm business\venv\Lib\site-packages\django_filters\rest_framework\backends.py", line 49, in get_filterset_class
    class AutoFilterSet(self.filterset_base):
    ...<2 lines>...
            fields = filterset_fields
  File "C:\Users\kouek\kouekam\business\conect pin and go delivery\farm business\venv\Lib\site-packages\django_filters\filterset.py", line 82, in __new__
    new_class.base_filters = new_class.get_filters()
                             ~~~~~~~~~~~~~~~~~~~~~^^
  File "C:\Users\kouek\kouekam\business\conect pin and go delivery\farm business\venv\Lib\site-packages\django_filters\filterset.py", line 371, in get_filters
    raise TypeError(
    ...<2 lines>...
    )
TypeError: 'Meta.fields' must not contain non-model field names: is_on_sale
ERROR 2025-08-12 15:35:03,239 log 22568 26976 Internal Server Error: /api/agri-connect/products/
Traceback (most recent call last):
  File "C:\Users\kouek\kouekam\business\conect pin and go delivery\farm business\venv\Lib\site-packages\django\core\handlers\exception.py", line 55, in inner
    response = get_response(request)
  File "C:\Users\kouek\kouekam\business\conect pin and go delivery\farm business\venv\Lib\site-packages\django\core\handlers\base.py", line 197, in _get_response
    response = wrapped_callback(request, *callback_args, **callback_kwargs)
  File "C:\Users\kouek\kouekam\business\conect pin and go delivery\farm business\venv\Lib\site-packages\django\views\decorators\csrf.py", line 65, in _view_wrapper
    return view_func(request, *args, **kwargs)
  File "C:\Users\kouek\kouekam\business\conect pin and go delivery\farm business\venv\Lib\site-packages\django\views\generic\base.py", line 105, in view
    return self.dispatch(request, *args, **kwargs)
           ~~~~~~~~~~~~~^^^^^^^^^^^^^^^^^^^^^^^^^^
  File "C:\Users\kouek\kouekam\business\conect pin and go delivery\farm business\venv\Lib\site-packages\rest_framework\views.py", line 515, in dispatch
    response = self.handle_exception(exc)
  File "C:\Users\kouek\kouekam\business\conect pin and go delivery\farm business\venv\Lib\site-packages\rest_framework\views.py", line 475, in handle_exception
    self.raise_uncaught_exception(exc)
    ~~~~~~~~~~~~~~~~~~~~~~~~~~~~~^^^^^
  File "C:\Users\kouek\kouekam\business\conect pin and go delivery\farm business\venv\Lib\site-packages\rest_framework\views.py", line 486, in raise_uncaught_exception
    raise exc
  File "C:\Users\kouek\kouekam\business\conect pin and go delivery\farm business\venv\Lib\site-packages\rest_framework\views.py", line 512, in dispatch
    response = handler(request, *args, **kwargs)
  File "C:\Users\kouek\kouekam\business\conect pin and go delivery\farm business\venv\Lib\site-packages\rest_framework\generics.py", line 203, in get
    return self.list(request, *args, **kwargs)
           ~~~~~~~~~^^^^^^^^^^^^^^^^^^^^^^^^^^
  File "C:\Users\kouek\kouekam\business\conect pin and go delivery\farm business\venv\Lib\site-packages\rest_framework\mixins.py", line 38, in list
    queryset = self.filter_queryset(self.get_queryset())
  File "C:\Users\kouek\kouekam\business\conect pin and go delivery\farm business\venv\Lib\site-packages\rest_framework\generics.py", line 154, in filter_queryset
    queryset = backend().filter_queryset(self.request, queryset, self)
  File "C:\Users\kouek\kouekam\business\conect pin and go delivery\farm business\venv\Lib\site-packages\django_filters\rest_framework\backends.py", line 66, in filter_queryset
    filterset = self.get_filterset(request, queryset, view)
  File "C:\Users\kouek\kouekam\business\conect pin and go delivery\farm business\venv\Lib\site-packages\django_filters\rest_framework\backends.py", line 18, in get_filterset
    filterset_class = self.get_filterset_class(view, queryset)
  File "C:\Users\kouek\kouekam\business\conect pin and go delivery\farm business\venv\Lib\site-packages\django_filters\rest_framework\backends.py", line 49, in get_filterset_class
    class AutoFilterSet(self.filterset_base):
    ...<2 lines>...
            fields = filterset_fields
  File "C:\Users\kouek\kouekam\business\conect pin and go delivery\farm business\venv\Lib\site-packages\django_filters\filterset.py", line 82, in __new__
    new_class.base_filters = new_class.get_filters()
                             ~~~~~~~~~~~~~~~~~~~~~^^
  File "C:\Users\kouek\kouekam\business\conect pin and go delivery\farm business\venv\Lib\site-packages\django_filters\filterset.py", line 371, in get_filters
    raise TypeError(
    ...<2 lines>...
    )
TypeError: 'Meta.fields' must not contain non-model field names: is_on_sale
ERROR 2025-08-12 15:35:09,100 log 22568 26976 Internal Server Error: /api/agri-connect/products/
Traceback (most recent call last):
  File "C:\Users\kouek\kouekam\business\conect pin and go delivery\farm business\venv\Lib\site-packages\django\core\handlers\exception.py", line 55, in inner
    response = get_response(request)
  File "C:\Users\kouek\kouekam\business\conect pin and go delivery\farm business\venv\Lib\site-packages\django\core\handlers\base.py", line 197, in _get_response
    response = wrapped_callback(request, *callback_args, **callback_kwargs)
  File "C:\Users\kouek\kouekam\business\conect pin and go delivery\farm business\venv\Lib\site-packages\django\views\decorators\csrf.py", line 65, in _view_wrapper
    return view_func(request, *args, **kwargs)
  File "C:\Users\kouek\kouekam\business\conect pin and go delivery\farm business\venv\Lib\site-packages\django\views\generic\base.py", line 105, in view
    return self.dispatch(request, *args, **kwargs)
           ~~~~~~~~~~~~~^^^^^^^^^^^^^^^^^^^^^^^^^^
  File "C:\Users\kouek\kouekam\business\conect pin and go delivery\farm business\venv\Lib\site-packages\rest_framework\views.py", line 515, in dispatch
    response = self.handle_exception(exc)
  File "C:\Users\kouek\kouekam\business\conect pin and go delivery\farm business\venv\Lib\site-packages\rest_framework\views.py", line 475, in handle_exception
    self.raise_uncaught_exception(exc)
    ~~~~~~~~~~~~~~~~~~~~~~~~~~~~~^^^^^
  File "C:\Users\kouek\kouekam\business\conect pin and go delivery\farm business\venv\Lib\site-packages\rest_framework\views.py", line 486, in raise_uncaught_exception
    raise exc
  File "C:\Users\kouek\kouekam\business\conect pin and go delivery\farm business\venv\Lib\site-packages\rest_framework\views.py", line 512, in dispatch
    response = handler(request, *args, **kwargs)
  File "C:\Users\kouek\kouekam\business\conect pin and go delivery\farm business\venv\Lib\site-packages\rest_framework\generics.py", line 203, in get
    return self.list(request, *args, **kwargs)
           ~~~~~~~~~^^^^^^^^^^^^^^^^^^^^^^^^^^
  File "C:\Users\kouek\kouekam\business\conect pin and go delivery\farm business\venv\Lib\site-packages\rest_framework\mixins.py", line 38, in list
    queryset = self.filter_queryset(self.get_queryset())
  File "C:\Users\kouek\kouekam\business\conect pin and go delivery\farm business\venv\Lib\site-packages\rest_framework\generics.py", line 154, in filter_queryset
    queryset = backend().filter_queryset(self.request, queryset, self)
  File "C:\Users\kouek\kouekam\business\conect pin and go delivery\farm business\venv\Lib\site-packages\django_filters\rest_framework\backends.py", line 66, in filter_queryset
    filterset = self.get_filterset(request, queryset, view)
  File "C:\Users\kouek\kouekam\business\conect pin and go delivery\farm business\venv\Lib\site-packages\django_filters\rest_framework\backends.py", line 18, in get_filterset
    filterset_class = self.get_filterset_class(view, queryset)
  File "C:\Users\kouek\kouekam\business\conect pin and go delivery\farm business\venv\Lib\site-packages\django_filters\rest_framework\backends.py", line 49, in get_filterset_class
    class AutoFilterSet(self.filterset_base):
    ...<2 lines>...
            fields = filterset_fields
  File "C:\Users\kouek\kouekam\business\conect pin and go delivery\farm business\venv\Lib\site-packages\django_filters\filterset.py", line 82, in __new__
    new_class.base_filters = new_class.get_filters()
                             ~~~~~~~~~~~~~~~~~~~~~^^
  File "C:\Users\kouek\kouekam\business\conect pin and go delivery\farm business\venv\Lib\site-packages\django_filters\filterset.py", line 371, in get_filters
    raise TypeError(
    ...<2 lines>...
    )
TypeError: 'Meta.fields' must not contain non-model field names: is_on_sale
ERROR 2025-08-12 15:35:55,705 log 22568 26976 Internal Server Error: /api/agri-connect/products/
Traceback (most recent call last):
  File "C:\Users\kouek\kouekam\business\conect pin and go delivery\farm business\venv\Lib\site-packages\django\core\handlers\exception.py", line 55, in inner
    response = get_response(request)
  File "C:\Users\kouek\kouekam\business\conect pin and go delivery\farm business\venv\Lib\site-packages\django\core\handlers\base.py", line 197, in _get_response
    response = wrapped_callback(request, *callback_args, **callback_kwargs)
  File "C:\Users\kouek\kouekam\business\conect pin and go delivery\farm business\venv\Lib\site-packages\django\views\decorators\csrf.py", line 65, in _view_wrapper
    return view_func(request, *args, **kwargs)
  File "C:\Users\kouek\kouekam\business\conect pin and go delivery\farm business\venv\Lib\site-packages\django\views\generic\base.py", line 105, in view
    return self.dispatch(request, *args, **kwargs)
           ~~~~~~~~~~~~~^^^^^^^^^^^^^^^^^^^^^^^^^^
  File "C:\Users\kouek\kouekam\business\conect pin and go delivery\farm business\venv\Lib\site-packages\rest_framework\views.py", line 515, in dispatch
    response = self.handle_exception(exc)
  File "C:\Users\kouek\kouekam\business\conect pin and go delivery\farm business\venv\Lib\site-packages\rest_framework\views.py", line 475, in handle_exception
    self.raise_uncaught_exception(exc)
    ~~~~~~~~~~~~~~~~~~~~~~~~~~~~~^^^^^
  File "C:\Users\kouek\kouekam\business\conect pin and go delivery\farm business\venv\Lib\site-packages\rest_framework\views.py", line 486, in raise_uncaught_exception
    raise exc
  File "C:\Users\kouek\kouekam\business\conect pin and go delivery\farm business\venv\Lib\site-packages\rest_framework\views.py", line 512, in dispatch
    response = handler(request, *args, **kwargs)
  File "C:\Users\kouek\kouekam\business\conect pin and go delivery\farm business\venv\Lib\site-packages\rest_framework\generics.py", line 203, in get
    return self.list(request, *args, **kwargs)
           ~~~~~~~~~^^^^^^^^^^^^^^^^^^^^^^^^^^
  File "C:\Users\kouek\kouekam\business\conect pin and go delivery\farm business\venv\Lib\site-packages\rest_framework\mixins.py", line 38, in list
    queryset = self.filter_queryset(self.get_queryset())
  File "C:\Users\kouek\kouekam\business\conect pin and go delivery\farm business\venv\Lib\site-packages\rest_framework\generics.py", line 154, in filter_queryset
    queryset = backend().filter_queryset(self.request, queryset, self)
  File "C:\Users\kouek\kouekam\business\conect pin and go delivery\farm business\venv\Lib\site-packages\django_filters\rest_framework\backends.py", line 66, in filter_queryset
    filterset = self.get_filterset(request, queryset, view)
  File "C:\Users\kouek\kouekam\business\conect pin and go delivery\farm business\venv\Lib\site-packages\django_filters\rest_framework\backends.py", line 18, in get_filterset
    filterset_class = self.get_filterset_class(view, queryset)
  File "C:\Users\kouek\kouekam\business\conect pin and go delivery\farm business\venv\Lib\site-packages\django_filters\rest_framework\backends.py", line 49, in get_filterset_class
    class AutoFilterSet(self.filterset_base):
    ...<2 lines>...
            fields = filterset_fields
  File "C:\Users\kouek\kouekam\business\conect pin and go delivery\farm business\venv\Lib\site-packages\django_filters\filterset.py", line 82, in __new__
    new_class.base_filters = new_class.get_filters()
                             ~~~~~~~~~~~~~~~~~~~~~^^
  File "C:\Users\kouek\kouekam\business\conect pin and go delivery\farm business\venv\Lib\site-packages\django_filters\filterset.py", line 371, in get_filters
    raise TypeError(
    ...<2 lines>...
    )
TypeError: 'Meta.fields' must not contain non-model field names: is_on_sale
ERROR 2025-08-12 15:36:07,169 log 22568 26976 Internal Server Error: /api/notifications/notifications/
Traceback (most recent call last):
  File "C:\Users\kouek\kouekam\business\conect pin and go delivery\farm business\venv\Lib\site-packages\django\core\handlers\exception.py", line 55, in inner
    response = get_response(request)
  File "C:\Users\kouek\kouekam\business\conect pin and go delivery\farm business\venv\Lib\site-packages\django\core\handlers\base.py", line 197, in _get_response
    response = wrapped_callback(request, *callback_args, **callback_kwargs)
  File "C:\Users\kouek\kouekam\business\conect pin and go delivery\farm business\venv\Lib\site-packages\django\views\decorators\csrf.py", line 65, in _view_wrapper
    return view_func(request, *args, **kwargs)
  File "C:\Users\kouek\kouekam\business\conect pin and go delivery\farm business\venv\Lib\site-packages\django\views\generic\base.py", line 105, in view
    return self.dispatch(request, *args, **kwargs)
           ~~~~~~~~~~~~~^^^^^^^^^^^^^^^^^^^^^^^^^^
  File "C:\Users\kouek\kouekam\business\conect pin and go delivery\farm business\venv\Lib\site-packages\rest_framework\views.py", line 515, in dispatch
    response = self.handle_exception(exc)
  File "C:\Users\kouek\kouekam\business\conect pin and go delivery\farm business\venv\Lib\site-packages\rest_framework\views.py", line 475, in handle_exception
    self.raise_uncaught_exception(exc)
    ~~~~~~~~~~~~~~~~~~~~~~~~~~~~~^^^^^
  File "C:\Users\kouek\kouekam\business\conect pin and go delivery\farm business\venv\Lib\site-packages\rest_framework\views.py", line 486, in raise_uncaught_exception
    raise exc
  File "C:\Users\kouek\kouekam\business\conect pin and go delivery\farm business\venv\Lib\site-packages\rest_framework\views.py", line 512, in dispatch
    response = handler(request, *args, **kwargs)
  File "C:\Users\kouek\kouekam\business\conect pin and go delivery\farm business\venv\Lib\site-packages\rest_framework\generics.py", line 203, in get
    return self.list(request, *args, **kwargs)
           ~~~~~~~~~^^^^^^^^^^^^^^^^^^^^^^^^^^
  File "C:\Users\kouek\kouekam\business\conect pin and go delivery\farm business\venv\Lib\site-packages\rest_framework\mixins.py", line 38, in list
    queryset = self.filter_queryset(self.get_queryset())
                                    ~~~~~~~~~~~~~~~~~^^
  File "C:\Users\kouek\kouekam\business\conect pin and go delivery\farm business\backend\notifications\views.py", line 36, in get_queryset
    return Notification.objects.filter(recipient=self.request.user)
           ~~~~~~~~~~~~~~~~~~~~~~~~~~~^^^^^^^^^^^^^^^^^^^^^^^^^^^^^
  File "C:\Users\kouek\kouekam\business\conect pin and go delivery\farm business\venv\Lib\site-packages\django\db\models\manager.py", line 87, in manager_method
    return getattr(self.get_queryset(), name)(*args, **kwargs)
           ~~~~~~~~~~~~~~~~~~~~~~~~~~~~~~~~~~^^^^^^^^^^^^^^^^^
  File "C:\Users\kouek\kouekam\business\conect pin and go delivery\farm business\venv\Lib\site-packages\django\db\models\query.py", line 1493, in filter
    return self._filter_or_exclude(False, args, kwargs)
           ~~~~~~~~~~~~~~~~~~~~~~~^^^^^^^^^^^^^^^^^^^^^
  File "C:\Users\kouek\kouekam\business\conect pin and go delivery\farm business\venv\Lib\site-packages\django\db\models\query.py", line 1511, in _filter_or_exclude
    clone._filter_or_exclude_inplace(negate, args, kwargs)
    ~~~~~~~~~~~~~~~~~~~~~~~~~~~~~~~~^^^^^^^^^^^^^^^^^^^^^^
  File "C:\Users\kouek\kouekam\business\conect pin and go delivery\farm business\venv\Lib\site-packages\django\db\models\query.py", line 1518, in _filter_or_exclude_inplace
    self._query.add_q(Q(*args, **kwargs))
    ~~~~~~~~~~~~~~~~~^^^^^^^^^^^^^^^^^^^^
  File "C:\Users\kouek\kouekam\business\conect pin and go delivery\farm business\venv\Lib\site-packages\django\db\models\sql\query.py", line 1646, in add_q
    clause, _ = self._add_q(q_object, can_reuse)
                ~~~~~~~~~~~^^^^^^^^^^^^^^^^^^^^^
  File "C:\Users\kouek\kouekam\business\conect pin and go delivery\farm business\venv\Lib\site-packages\django\db\models\sql\query.py", line 1678, in _add_q
    child_clause, needed_inner = self.build_filter(
                                 ~~~~~~~~~~~~~~~~~^
        child,
        ^^^^^^
    ...<7 lines>...
        update_join_types=update_join_types,
        ^^^^^^^^^^^^^^^^^^^^^^^^^^^^^^^^^^^^
    )
    ^
  File "C:\Users\kouek\kouekam\business\conect pin and go delivery\farm business\venv\Lib\site-packages\django\db\models\sql\query.py", line 1526, in build_filter
    lookups, parts, reffed_expression = self.solve_lookup_type(arg, summarize)
                                        ~~~~~~~~~~~~~~~~~~~~~~^^^^^^^^^^^^^^^^
  File "C:\Users\kouek\kouekam\business\conect pin and go delivery\farm business\venv\Lib\site-packages\django\db\models\sql\query.py", line 1333, in solve_lookup_type
    _, field, _, lookup_parts = self.names_to_path(lookup_splitted, self.get_meta())
                                ~~~~~~~~~~~~~~~~~~^^^^^^^^^^^^^^^^^^^^^^^^^^^^^^^^^^
  File "C:\Users\kouek\kouekam\business\conect pin and go delivery\farm business\venv\Lib\site-packages\django\db\models\sql\query.py", line 1805, in names_to_path
    raise FieldError(
    ...<2 lines>...
    )
django.core.exceptions.FieldError: Cannot resolve keyword 'recipient' into field. Choices are: action_url, created_at, data, email_details, email_sent, id, is_read, is_sent, message, notification_type, priority, push_sent, read_at, sent_at, sms_details, sms_sent, title, user, user_id
ERROR 2025-08-12 15:36:07,255 log 22568 23256 Internal Server Error: /api/agri-connect/products/
Traceback (most recent call last):
  File "C:\Users\kouek\kouekam\business\conect pin and go delivery\farm business\venv\Lib\site-packages\django\core\handlers\exception.py", line 55, in inner
    response = get_response(request)
  File "C:\Users\kouek\kouekam\business\conect pin and go delivery\farm business\venv\Lib\site-packages\django\core\handlers\base.py", line 197, in _get_response
    response = wrapped_callback(request, *callback_args, **callback_kwargs)
  File "C:\Users\kouek\kouekam\business\conect pin and go delivery\farm business\venv\Lib\site-packages\django\views\decorators\csrf.py", line 65, in _view_wrapper
    return view_func(request, *args, **kwargs)
  File "C:\Users\kouek\kouekam\business\conect pin and go delivery\farm business\venv\Lib\site-packages\django\views\generic\base.py", line 105, in view
    return self.dispatch(request, *args, **kwargs)
           ~~~~~~~~~~~~~^^^^^^^^^^^^^^^^^^^^^^^^^^
  File "C:\Users\kouek\kouekam\business\conect pin and go delivery\farm business\venv\Lib\site-packages\rest_framework\views.py", line 515, in dispatch
    response = self.handle_exception(exc)
  File "C:\Users\kouek\kouekam\business\conect pin and go delivery\farm business\venv\Lib\site-packages\rest_framework\views.py", line 475, in handle_exception
    self.raise_uncaught_exception(exc)
    ~~~~~~~~~~~~~~~~~~~~~~~~~~~~~^^^^^
  File "C:\Users\kouek\kouekam\business\conect pin and go delivery\farm business\venv\Lib\site-packages\rest_framework\views.py", line 486, in raise_uncaught_exception
    raise exc
  File "C:\Users\kouek\kouekam\business\conect pin and go delivery\farm business\venv\Lib\site-packages\rest_framework\views.py", line 512, in dispatch
    response = handler(request, *args, **kwargs)
  File "C:\Users\kouek\kouekam\business\conect pin and go delivery\farm business\venv\Lib\site-packages\rest_framework\generics.py", line 203, in get
    return self.list(request, *args, **kwargs)
           ~~~~~~~~~^^^^^^^^^^^^^^^^^^^^^^^^^^
  File "C:\Users\kouek\kouekam\business\conect pin and go delivery\farm business\venv\Lib\site-packages\rest_framework\mixins.py", line 38, in list
    queryset = self.filter_queryset(self.get_queryset())
  File "C:\Users\kouek\kouekam\business\conect pin and go delivery\farm business\venv\Lib\site-packages\rest_framework\generics.py", line 154, in filter_queryset
    queryset = backend().filter_queryset(self.request, queryset, self)
  File "C:\Users\kouek\kouekam\business\conect pin and go delivery\farm business\venv\Lib\site-packages\django_filters\rest_framework\backends.py", line 66, in filter_queryset
    filterset = self.get_filterset(request, queryset, view)
  File "C:\Users\kouek\kouekam\business\conect pin and go delivery\farm business\venv\Lib\site-packages\django_filters\rest_framework\backends.py", line 18, in get_filterset
    filterset_class = self.get_filterset_class(view, queryset)
  File "C:\Users\kouek\kouekam\business\conect pin and go delivery\farm business\venv\Lib\site-packages\django_filters\rest_framework\backends.py", line 49, in get_filterset_class
    class AutoFilterSet(self.filterset_base):
    ...<2 lines>...
            fields = filterset_fields
  File "C:\Users\kouek\kouekam\business\conect pin and go delivery\farm business\venv\Lib\site-packages\django_filters\filterset.py", line 82, in __new__
    new_class.base_filters = new_class.get_filters()
                             ~~~~~~~~~~~~~~~~~~~~~^^
  File "C:\Users\kouek\kouekam\business\conect pin and go delivery\farm business\venv\Lib\site-packages\django_filters\filterset.py", line 371, in get_filters
    raise TypeError(
    ...<2 lines>...
    )
TypeError: 'Meta.fields' must not contain non-model field names: is_on_sale
ERROR 2025-08-12 15:36:08,490 log 22568 26976 Internal Server Error: /api/agri-connect/products/
Traceback (most recent call last):
  File "C:\Users\kouek\kouekam\business\conect pin and go delivery\farm business\venv\Lib\site-packages\django\core\handlers\exception.py", line 55, in inner
    response = get_response(request)
  File "C:\Users\kouek\kouekam\business\conect pin and go delivery\farm business\venv\Lib\site-packages\django\core\handlers\base.py", line 197, in _get_response
    response = wrapped_callback(request, *callback_args, **callback_kwargs)
  File "C:\Users\kouek\kouekam\business\conect pin and go delivery\farm business\venv\Lib\site-packages\django\views\decorators\csrf.py", line 65, in _view_wrapper
    return view_func(request, *args, **kwargs)
  File "C:\Users\kouek\kouekam\business\conect pin and go delivery\farm business\venv\Lib\site-packages\django\views\generic\base.py", line 105, in view
    return self.dispatch(request, *args, **kwargs)
           ~~~~~~~~~~~~~^^^^^^^^^^^^^^^^^^^^^^^^^^
  File "C:\Users\kouek\kouekam\business\conect pin and go delivery\farm business\venv\Lib\site-packages\rest_framework\views.py", line 515, in dispatch
    response = self.handle_exception(exc)
  File "C:\Users\kouek\kouekam\business\conect pin and go delivery\farm business\venv\Lib\site-packages\rest_framework\views.py", line 475, in handle_exception
    self.raise_uncaught_exception(exc)
    ~~~~~~~~~~~~~~~~~~~~~~~~~~~~~^^^^^
  File "C:\Users\kouek\kouekam\business\conect pin and go delivery\farm business\venv\Lib\site-packages\rest_framework\views.py", line 486, in raise_uncaught_exception
    raise exc
  File "C:\Users\kouek\kouekam\business\conect pin and go delivery\farm business\venv\Lib\site-packages\rest_framework\views.py", line 512, in dispatch
    response = handler(request, *args, **kwargs)
  File "C:\Users\kouek\kouekam\business\conect pin and go delivery\farm business\venv\Lib\site-packages\rest_framework\generics.py", line 203, in get
    return self.list(request, *args, **kwargs)
           ~~~~~~~~~^^^^^^^^^^^^^^^^^^^^^^^^^^
  File "C:\Users\kouek\kouekam\business\conect pin and go delivery\farm business\venv\Lib\site-packages\rest_framework\mixins.py", line 38, in list
    queryset = self.filter_queryset(self.get_queryset())
  File "C:\Users\kouek\kouekam\business\conect pin and go delivery\farm business\venv\Lib\site-packages\rest_framework\generics.py", line 154, in filter_queryset
    queryset = backend().filter_queryset(self.request, queryset, self)
  File "C:\Users\kouek\kouekam\business\conect pin and go delivery\farm business\venv\Lib\site-packages\django_filters\rest_framework\backends.py", line 66, in filter_queryset
    filterset = self.get_filterset(request, queryset, view)
  File "C:\Users\kouek\kouekam\business\conect pin and go delivery\farm business\venv\Lib\site-packages\django_filters\rest_framework\backends.py", line 18, in get_filterset
    filterset_class = self.get_filterset_class(view, queryset)
  File "C:\Users\kouek\kouekam\business\conect pin and go delivery\farm business\venv\Lib\site-packages\django_filters\rest_framework\backends.py", line 49, in get_filterset_class
    class AutoFilterSet(self.filterset_base):
    ...<2 lines>...
            fields = filterset_fields
  File "C:\Users\kouek\kouekam\business\conect pin and go delivery\farm business\venv\Lib\site-packages\django_filters\filterset.py", line 82, in __new__
    new_class.base_filters = new_class.get_filters()
                             ~~~~~~~~~~~~~~~~~~~~~^^
  File "C:\Users\kouek\kouekam\business\conect pin and go delivery\farm business\venv\Lib\site-packages\django_filters\filterset.py", line 371, in get_filters
    raise TypeError(
    ...<2 lines>...
    )
TypeError: 'Meta.fields' must not contain non-model field names: is_on_sale
ERROR 2025-08-12 15:36:08,552 log 22568 23256 Internal Server Error: /api/notifications/notifications/
Traceback (most recent call last):
  File "C:\Users\kouek\kouekam\business\conect pin and go delivery\farm business\venv\Lib\site-packages\django\core\handlers\exception.py", line 55, in inner
    response = get_response(request)
  File "C:\Users\kouek\kouekam\business\conect pin and go delivery\farm business\venv\Lib\site-packages\django\core\handlers\base.py", line 197, in _get_response
    response = wrapped_callback(request, *callback_args, **callback_kwargs)
  File "C:\Users\kouek\kouekam\business\conect pin and go delivery\farm business\venv\Lib\site-packages\django\views\decorators\csrf.py", line 65, in _view_wrapper
    return view_func(request, *args, **kwargs)
  File "C:\Users\kouek\kouekam\business\conect pin and go delivery\farm business\venv\Lib\site-packages\django\views\generic\base.py", line 105, in view
    return self.dispatch(request, *args, **kwargs)
           ~~~~~~~~~~~~~^^^^^^^^^^^^^^^^^^^^^^^^^^
  File "C:\Users\kouek\kouekam\business\conect pin and go delivery\farm business\venv\Lib\site-packages\rest_framework\views.py", line 515, in dispatch
    response = self.handle_exception(exc)
  File "C:\Users\kouek\kouekam\business\conect pin and go delivery\farm business\venv\Lib\site-packages\rest_framework\views.py", line 475, in handle_exception
    self.raise_uncaught_exception(exc)
    ~~~~~~~~~~~~~~~~~~~~~~~~~~~~~^^^^^
  File "C:\Users\kouek\kouekam\business\conect pin and go delivery\farm business\venv\Lib\site-packages\rest_framework\views.py", line 486, in raise_uncaught_exception
    raise exc
  File "C:\Users\kouek\kouekam\business\conect pin and go delivery\farm business\venv\Lib\site-packages\rest_framework\views.py", line 512, in dispatch
    response = handler(request, *args, **kwargs)
  File "C:\Users\kouek\kouekam\business\conect pin and go delivery\farm business\venv\Lib\site-packages\rest_framework\generics.py", line 203, in get
    return self.list(request, *args, **kwargs)
           ~~~~~~~~~^^^^^^^^^^^^^^^^^^^^^^^^^^
  File "C:\Users\kouek\kouekam\business\conect pin and go delivery\farm business\venv\Lib\site-packages\rest_framework\mixins.py", line 38, in list
    queryset = self.filter_queryset(self.get_queryset())
                                    ~~~~~~~~~~~~~~~~~^^
  File "C:\Users\kouek\kouekam\business\conect pin and go delivery\farm business\backend\notifications\views.py", line 36, in get_queryset
    return Notification.objects.filter(recipient=self.request.user)
           ~~~~~~~~~~~~~~~~~~~~~~~~~~~^^^^^^^^^^^^^^^^^^^^^^^^^^^^^
  File "C:\Users\kouek\kouekam\business\conect pin and go delivery\farm business\venv\Lib\site-packages\django\db\models\manager.py", line 87, in manager_method
    return getattr(self.get_queryset(), name)(*args, **kwargs)
           ~~~~~~~~~~~~~~~~~~~~~~~~~~~~~~~~~~^^^^^^^^^^^^^^^^^
  File "C:\Users\kouek\kouekam\business\conect pin and go delivery\farm business\venv\Lib\site-packages\django\db\models\query.py", line 1493, in filter
    return self._filter_or_exclude(False, args, kwargs)
           ~~~~~~~~~~~~~~~~~~~~~~~^^^^^^^^^^^^^^^^^^^^^
  File "C:\Users\kouek\kouekam\business\conect pin and go delivery\farm business\venv\Lib\site-packages\django\db\models\query.py", line 1511, in _filter_or_exclude
    clone._filter_or_exclude_inplace(negate, args, kwargs)
    ~~~~~~~~~~~~~~~~~~~~~~~~~~~~~~~~^^^^^^^^^^^^^^^^^^^^^^
  File "C:\Users\kouek\kouekam\business\conect pin and go delivery\farm business\venv\Lib\site-packages\django\db\models\query.py", line 1518, in _filter_or_exclude_inplace
    self._query.add_q(Q(*args, **kwargs))
    ~~~~~~~~~~~~~~~~~^^^^^^^^^^^^^^^^^^^^
  File "C:\Users\kouek\kouekam\business\conect pin and go delivery\farm business\venv\Lib\site-packages\django\db\models\sql\query.py", line 1646, in add_q
    clause, _ = self._add_q(q_object, can_reuse)
                ~~~~~~~~~~~^^^^^^^^^^^^^^^^^^^^^
  File "C:\Users\kouek\kouekam\business\conect pin and go delivery\farm business\venv\Lib\site-packages\django\db\models\sql\query.py", line 1678, in _add_q
    child_clause, needed_inner = self.build_filter(
                                 ~~~~~~~~~~~~~~~~~^
        child,
        ^^^^^^
    ...<7 lines>...
        update_join_types=update_join_types,
        ^^^^^^^^^^^^^^^^^^^^^^^^^^^^^^^^^^^^
    )
    ^
  File "C:\Users\kouek\kouekam\business\conect pin and go delivery\farm business\venv\Lib\site-packages\django\db\models\sql\query.py", line 1526, in build_filter
    lookups, parts, reffed_expression = self.solve_lookup_type(arg, summarize)
                                        ~~~~~~~~~~~~~~~~~~~~~~^^^^^^^^^^^^^^^^
  File "C:\Users\kouek\kouekam\business\conect pin and go delivery\farm business\venv\Lib\site-packages\django\db\models\sql\query.py", line 1333, in solve_lookup_type
    _, field, _, lookup_parts = self.names_to_path(lookup_splitted, self.get_meta())
                                ~~~~~~~~~~~~~~~~~~^^^^^^^^^^^^^^^^^^^^^^^^^^^^^^^^^^
  File "C:\Users\kouek\kouekam\business\conect pin and go delivery\farm business\venv\Lib\site-packages\django\db\models\sql\query.py", line 1805, in names_to_path
    raise FieldError(
    ...<2 lines>...
    )
django.core.exceptions.FieldError: Cannot resolve keyword 'recipient' into field. Choices are: action_url, created_at, data, email_details, email_sent, id, is_read, is_sent, message, notification_type, priority, push_sent, read_at, sent_at, sms_details, sms_sent, title, user, user_id
ERROR 2025-08-12 15:36:18,177 log 22568 23256 Internal Server Error: /api/notifications/notifications/
Traceback (most recent call last):
  File "C:\Users\kouek\kouekam\business\conect pin and go delivery\farm business\venv\Lib\site-packages\django\core\handlers\exception.py", line 55, in inner
    response = get_response(request)
  File "C:\Users\kouek\kouekam\business\conect pin and go delivery\farm business\venv\Lib\site-packages\django\core\handlers\base.py", line 197, in _get_response
    response = wrapped_callback(request, *callback_args, **callback_kwargs)
  File "C:\Users\kouek\kouekam\business\conect pin and go delivery\farm business\venv\Lib\site-packages\django\views\decorators\csrf.py", line 65, in _view_wrapper
    return view_func(request, *args, **kwargs)
  File "C:\Users\kouek\kouekam\business\conect pin and go delivery\farm business\venv\Lib\site-packages\django\views\generic\base.py", line 105, in view
    return self.dispatch(request, *args, **kwargs)
           ~~~~~~~~~~~~~^^^^^^^^^^^^^^^^^^^^^^^^^^
  File "C:\Users\kouek\kouekam\business\conect pin and go delivery\farm business\venv\Lib\site-packages\rest_framework\views.py", line 515, in dispatch
    response = self.handle_exception(exc)
  File "C:\Users\kouek\kouekam\business\conect pin and go delivery\farm business\venv\Lib\site-packages\rest_framework\views.py", line 475, in handle_exception
    self.raise_uncaught_exception(exc)
    ~~~~~~~~~~~~~~~~~~~~~~~~~~~~~^^^^^
  File "C:\Users\kouek\kouekam\business\conect pin and go delivery\farm business\venv\Lib\site-packages\rest_framework\views.py", line 486, in raise_uncaught_exception
    raise exc
  File "C:\Users\kouek\kouekam\business\conect pin and go delivery\farm business\venv\Lib\site-packages\rest_framework\views.py", line 512, in dispatch
    response = handler(request, *args, **kwargs)
  File "C:\Users\kouek\kouekam\business\conect pin and go delivery\farm business\venv\Lib\site-packages\rest_framework\generics.py", line 203, in get
    return self.list(request, *args, **kwargs)
           ~~~~~~~~~^^^^^^^^^^^^^^^^^^^^^^^^^^
  File "C:\Users\kouek\kouekam\business\conect pin and go delivery\farm business\venv\Lib\site-packages\rest_framework\mixins.py", line 38, in list
    queryset = self.filter_queryset(self.get_queryset())
                                    ~~~~~~~~~~~~~~~~~^^
  File "C:\Users\kouek\kouekam\business\conect pin and go delivery\farm business\backend\notifications\views.py", line 36, in get_queryset
    return Notification.objects.filter(recipient=self.request.user)
           ~~~~~~~~~~~~~~~~~~~~~~~~~~~^^^^^^^^^^^^^^^^^^^^^^^^^^^^^
  File "C:\Users\kouek\kouekam\business\conect pin and go delivery\farm business\venv\Lib\site-packages\django\db\models\manager.py", line 87, in manager_method
    return getattr(self.get_queryset(), name)(*args, **kwargs)
           ~~~~~~~~~~~~~~~~~~~~~~~~~~~~~~~~~~^^^^^^^^^^^^^^^^^
  File "C:\Users\kouek\kouekam\business\conect pin and go delivery\farm business\venv\Lib\site-packages\django\db\models\query.py", line 1493, in filter
    return self._filter_or_exclude(False, args, kwargs)
           ~~~~~~~~~~~~~~~~~~~~~~~^^^^^^^^^^^^^^^^^^^^^
  File "C:\Users\kouek\kouekam\business\conect pin and go delivery\farm business\venv\Lib\site-packages\django\db\models\query.py", line 1511, in _filter_or_exclude
    clone._filter_or_exclude_inplace(negate, args, kwargs)
    ~~~~~~~~~~~~~~~~~~~~~~~~~~~~~~~~^^^^^^^^^^^^^^^^^^^^^^
  File "C:\Users\kouek\kouekam\business\conect pin and go delivery\farm business\venv\Lib\site-packages\django\db\models\query.py", line 1518, in _filter_or_exclude_inplace
    self._query.add_q(Q(*args, **kwargs))
    ~~~~~~~~~~~~~~~~~^^^^^^^^^^^^^^^^^^^^
  File "C:\Users\kouek\kouekam\business\conect pin and go delivery\farm business\venv\Lib\site-packages\django\db\models\sql\query.py", line 1646, in add_q
    clause, _ = self._add_q(q_object, can_reuse)
                ~~~~~~~~~~~^^^^^^^^^^^^^^^^^^^^^
  File "C:\Users\kouek\kouekam\business\conect pin and go delivery\farm business\venv\Lib\site-packages\django\db\models\sql\query.py", line 1678, in _add_q
    child_clause, needed_inner = self.build_filter(
                                 ~~~~~~~~~~~~~~~~~^
        child,
        ^^^^^^
    ...<7 lines>...
        update_join_types=update_join_types,
        ^^^^^^^^^^^^^^^^^^^^^^^^^^^^^^^^^^^^
    )
    ^
  File "C:\Users\kouek\kouekam\business\conect pin and go delivery\farm business\venv\Lib\site-packages\django\db\models\sql\query.py", line 1526, in build_filter
    lookups, parts, reffed_expression = self.solve_lookup_type(arg, summarize)
                                        ~~~~~~~~~~~~~~~~~~~~~~^^^^^^^^^^^^^^^^
  File "C:\Users\kouek\kouekam\business\conect pin and go delivery\farm business\venv\Lib\site-packages\django\db\models\sql\query.py", line 1333, in solve_lookup_type
    _, field, _, lookup_parts = self.names_to_path(lookup_splitted, self.get_meta())
                                ~~~~~~~~~~~~~~~~~~^^^^^^^^^^^^^^^^^^^^^^^^^^^^^^^^^^
  File "C:\Users\kouek\kouekam\business\conect pin and go delivery\farm business\venv\Lib\site-packages\django\db\models\sql\query.py", line 1805, in names_to_path
    raise FieldError(
    ...<2 lines>...
    )
django.core.exceptions.FieldError: Cannot resolve keyword 'recipient' into field. Choices are: action_url, created_at, data, email_details, email_sent, id, is_read, is_sent, message, notification_type, priority, push_sent, read_at, sent_at, sms_details, sms_sent, title, user, user_id
ERROR 2025-08-12 15:36:18,245 log 22568 26976 Internal Server Error: /api/agri-connect/products/
Traceback (most recent call last):
  File "C:\Users\kouek\kouekam\business\conect pin and go delivery\farm business\venv\Lib\site-packages\django\core\handlers\exception.py", line 55, in inner
    response = get_response(request)
  File "C:\Users\kouek\kouekam\business\conect pin and go delivery\farm business\venv\Lib\site-packages\django\core\handlers\base.py", line 197, in _get_response
    response = wrapped_callback(request, *callback_args, **callback_kwargs)
  File "C:\Users\kouek\kouekam\business\conect pin and go delivery\farm business\venv\Lib\site-packages\django\views\decorators\csrf.py", line 65, in _view_wrapper
    return view_func(request, *args, **kwargs)
  File "C:\Users\kouek\kouekam\business\conect pin and go delivery\farm business\venv\Lib\site-packages\django\views\generic\base.py", line 105, in view
    return self.dispatch(request, *args, **kwargs)
           ~~~~~~~~~~~~~^^^^^^^^^^^^^^^^^^^^^^^^^^
  File "C:\Users\kouek\kouekam\business\conect pin and go delivery\farm business\venv\Lib\site-packages\rest_framework\views.py", line 515, in dispatch
    response = self.handle_exception(exc)
  File "C:\Users\kouek\kouekam\business\conect pin and go delivery\farm business\venv\Lib\site-packages\rest_framework\views.py", line 475, in handle_exception
    self.raise_uncaught_exception(exc)
    ~~~~~~~~~~~~~~~~~~~~~~~~~~~~~^^^^^
  File "C:\Users\kouek\kouekam\business\conect pin and go delivery\farm business\venv\Lib\site-packages\rest_framework\views.py", line 486, in raise_uncaught_exception
    raise exc
  File "C:\Users\kouek\kouekam\business\conect pin and go delivery\farm business\venv\Lib\site-packages\rest_framework\views.py", line 512, in dispatch
    response = handler(request, *args, **kwargs)
  File "C:\Users\kouek\kouekam\business\conect pin and go delivery\farm business\venv\Lib\site-packages\rest_framework\generics.py", line 203, in get
    return self.list(request, *args, **kwargs)
           ~~~~~~~~~^^^^^^^^^^^^^^^^^^^^^^^^^^
  File "C:\Users\kouek\kouekam\business\conect pin and go delivery\farm business\venv\Lib\site-packages\rest_framework\mixins.py", line 38, in list
    queryset = self.filter_queryset(self.get_queryset())
  File "C:\Users\kouek\kouekam\business\conect pin and go delivery\farm business\venv\Lib\site-packages\rest_framework\generics.py", line 154, in filter_queryset
    queryset = backend().filter_queryset(self.request, queryset, self)
  File "C:\Users\kouek\kouekam\business\conect pin and go delivery\farm business\venv\Lib\site-packages\django_filters\rest_framework\backends.py", line 66, in filter_queryset
    filterset = self.get_filterset(request, queryset, view)
  File "C:\Users\kouek\kouekam\business\conect pin and go delivery\farm business\venv\Lib\site-packages\django_filters\rest_framework\backends.py", line 18, in get_filterset
    filterset_class = self.get_filterset_class(view, queryset)
  File "C:\Users\kouek\kouekam\business\conect pin and go delivery\farm business\venv\Lib\site-packages\django_filters\rest_framework\backends.py", line 49, in get_filterset_class
    class AutoFilterSet(self.filterset_base):
    ...<2 lines>...
            fields = filterset_fields
  File "C:\Users\kouek\kouekam\business\conect pin and go delivery\farm business\venv\Lib\site-packages\django_filters\filterset.py", line 82, in __new__
    new_class.base_filters = new_class.get_filters()
                             ~~~~~~~~~~~~~~~~~~~~~^^
  File "C:\Users\kouek\kouekam\business\conect pin and go delivery\farm business\venv\Lib\site-packages\django_filters\filterset.py", line 371, in get_filters
    raise TypeError(
    ...<2 lines>...
    )
TypeError: 'Meta.fields' must not contain non-model field names: is_on_sale
ERROR 2025-08-12 15:36:19,358 log 22568 26976 Internal Server Error: /api/notifications/notifications/
Traceback (most recent call last):
  File "C:\Users\kouek\kouekam\business\conect pin and go delivery\farm business\venv\Lib\site-packages\django\core\handlers\exception.py", line 55, in inner
    response = get_response(request)
  File "C:\Users\kouek\kouekam\business\conect pin and go delivery\farm business\venv\Lib\site-packages\django\core\handlers\base.py", line 197, in _get_response
    response = wrapped_callback(request, *callback_args, **callback_kwargs)
  File "C:\Users\kouek\kouekam\business\conect pin and go delivery\farm business\venv\Lib\site-packages\django\views\decorators\csrf.py", line 65, in _view_wrapper
    return view_func(request, *args, **kwargs)
  File "C:\Users\kouek\kouekam\business\conect pin and go delivery\farm business\venv\Lib\site-packages\django\views\generic\base.py", line 105, in view
    return self.dispatch(request, *args, **kwargs)
           ~~~~~~~~~~~~~^^^^^^^^^^^^^^^^^^^^^^^^^^
  File "C:\Users\kouek\kouekam\business\conect pin and go delivery\farm business\venv\Lib\site-packages\rest_framework\views.py", line 515, in dispatch
    response = self.handle_exception(exc)
  File "C:\Users\kouek\kouekam\business\conect pin and go delivery\farm business\venv\Lib\site-packages\rest_framework\views.py", line 475, in handle_exception
    self.raise_uncaught_exception(exc)
    ~~~~~~~~~~~~~~~~~~~~~~~~~~~~~^^^^^
  File "C:\Users\kouek\kouekam\business\conect pin and go delivery\farm business\venv\Lib\site-packages\rest_framework\views.py", line 486, in raise_uncaught_exception
    raise exc
  File "C:\Users\kouek\kouekam\business\conect pin and go delivery\farm business\venv\Lib\site-packages\rest_framework\views.py", line 512, in dispatch
    response = handler(request, *args, **kwargs)
  File "C:\Users\kouek\kouekam\business\conect pin and go delivery\farm business\venv\Lib\site-packages\rest_framework\generics.py", line 203, in get
    return self.list(request, *args, **kwargs)
           ~~~~~~~~~^^^^^^^^^^^^^^^^^^^^^^^^^^
  File "C:\Users\kouek\kouekam\business\conect pin and go delivery\farm business\venv\Lib\site-packages\rest_framework\mixins.py", line 38, in list
    queryset = self.filter_queryset(self.get_queryset())
                                    ~~~~~~~~~~~~~~~~~^^
  File "C:\Users\kouek\kouekam\business\conect pin and go delivery\farm business\backend\notifications\views.py", line 36, in get_queryset
    return Notification.objects.filter(recipient=self.request.user)
           ~~~~~~~~~~~~~~~~~~~~~~~~~~~^^^^^^^^^^^^^^^^^^^^^^^^^^^^^
  File "C:\Users\kouek\kouekam\business\conect pin and go delivery\farm business\venv\Lib\site-packages\django\db\models\manager.py", line 87, in manager_method
    return getattr(self.get_queryset(), name)(*args, **kwargs)
           ~~~~~~~~~~~~~~~~~~~~~~~~~~~~~~~~~~^^^^^^^^^^^^^^^^^
  File "C:\Users\kouek\kouekam\business\conect pin and go delivery\farm business\venv\Lib\site-packages\django\db\models\query.py", line 1493, in filter
    return self._filter_or_exclude(False, args, kwargs)
           ~~~~~~~~~~~~~~~~~~~~~~~^^^^^^^^^^^^^^^^^^^^^
  File "C:\Users\kouek\kouekam\business\conect pin and go delivery\farm business\venv\Lib\site-packages\django\db\models\query.py", line 1511, in _filter_or_exclude
    clone._filter_or_exclude_inplace(negate, args, kwargs)
    ~~~~~~~~~~~~~~~~~~~~~~~~~~~~~~~~^^^^^^^^^^^^^^^^^^^^^^
  File "C:\Users\kouek\kouekam\business\conect pin and go delivery\farm business\venv\Lib\site-packages\django\db\models\query.py", line 1518, in _filter_or_exclude_inplace
    self._query.add_q(Q(*args, **kwargs))
    ~~~~~~~~~~~~~~~~~^^^^^^^^^^^^^^^^^^^^
  File "C:\Users\kouek\kouekam\business\conect pin and go delivery\farm business\venv\Lib\site-packages\django\db\models\sql\query.py", line 1646, in add_q
    clause, _ = self._add_q(q_object, can_reuse)
                ~~~~~~~~~~~^^^^^^^^^^^^^^^^^^^^^
  File "C:\Users\kouek\kouekam\business\conect pin and go delivery\farm business\venv\Lib\site-packages\django\db\models\sql\query.py", line 1678, in _add_q
    child_clause, needed_inner = self.build_filter(
                                 ~~~~~~~~~~~~~~~~~^
        child,
        ^^^^^^
    ...<7 lines>...
        update_join_types=update_join_types,
        ^^^^^^^^^^^^^^^^^^^^^^^^^^^^^^^^^^^^
    )
    ^
  File "C:\Users\kouek\kouekam\business\conect pin and go delivery\farm business\venv\Lib\site-packages\django\db\models\sql\query.py", line 1526, in build_filter
    lookups, parts, reffed_expression = self.solve_lookup_type(arg, summarize)
                                        ~~~~~~~~~~~~~~~~~~~~~~^^^^^^^^^^^^^^^^
  File "C:\Users\kouek\kouekam\business\conect pin and go delivery\farm business\venv\Lib\site-packages\django\db\models\sql\query.py", line 1333, in solve_lookup_type
    _, field, _, lookup_parts = self.names_to_path(lookup_splitted, self.get_meta())
                                ~~~~~~~~~~~~~~~~~~^^^^^^^^^^^^^^^^^^^^^^^^^^^^^^^^^^
  File "C:\Users\kouek\kouekam\business\conect pin and go delivery\farm business\venv\Lib\site-packages\django\db\models\sql\query.py", line 1805, in names_to_path
    raise FieldError(
    ...<2 lines>...
    )
django.core.exceptions.FieldError: Cannot resolve keyword 'recipient' into field. Choices are: action_url, created_at, data, email_details, email_sent, id, is_read, is_sent, message, notification_type, priority, push_sent, read_at, sent_at, sms_details, sms_sent, title, user, user_id
ERROR 2025-08-12 15:36:19,492 log 22568 23256 Internal Server Error: /api/agri-connect/products/
Traceback (most recent call last):
  File "C:\Users\kouek\kouekam\business\conect pin and go delivery\farm business\venv\Lib\site-packages\django\core\handlers\exception.py", line 55, in inner
    response = get_response(request)
  File "C:\Users\kouek\kouekam\business\conect pin and go delivery\farm business\venv\Lib\site-packages\django\core\handlers\base.py", line 197, in _get_response
    response = wrapped_callback(request, *callback_args, **callback_kwargs)
  File "C:\Users\kouek\kouekam\business\conect pin and go delivery\farm business\venv\Lib\site-packages\django\views\decorators\csrf.py", line 65, in _view_wrapper
    return view_func(request, *args, **kwargs)
  File "C:\Users\kouek\kouekam\business\conect pin and go delivery\farm business\venv\Lib\site-packages\django\views\generic\base.py", line 105, in view
    return self.dispatch(request, *args, **kwargs)
           ~~~~~~~~~~~~~^^^^^^^^^^^^^^^^^^^^^^^^^^
  File "C:\Users\kouek\kouekam\business\conect pin and go delivery\farm business\venv\Lib\site-packages\rest_framework\views.py", line 515, in dispatch
    response = self.handle_exception(exc)
  File "C:\Users\kouek\kouekam\business\conect pin and go delivery\farm business\venv\Lib\site-packages\rest_framework\views.py", line 475, in handle_exception
    self.raise_uncaught_exception(exc)
    ~~~~~~~~~~~~~~~~~~~~~~~~~~~~~^^^^^
  File "C:\Users\kouek\kouekam\business\conect pin and go delivery\farm business\venv\Lib\site-packages\rest_framework\views.py", line 486, in raise_uncaught_exception
    raise exc
  File "C:\Users\kouek\kouekam\business\conect pin and go delivery\farm business\venv\Lib\site-packages\rest_framework\views.py", line 512, in dispatch
    response = handler(request, *args, **kwargs)
  File "C:\Users\kouek\kouekam\business\conect pin and go delivery\farm business\venv\Lib\site-packages\rest_framework\generics.py", line 203, in get
    return self.list(request, *args, **kwargs)
           ~~~~~~~~~^^^^^^^^^^^^^^^^^^^^^^^^^^
  File "C:\Users\kouek\kouekam\business\conect pin and go delivery\farm business\venv\Lib\site-packages\rest_framework\mixins.py", line 38, in list
    queryset = self.filter_queryset(self.get_queryset())
  File "C:\Users\kouek\kouekam\business\conect pin and go delivery\farm business\venv\Lib\site-packages\rest_framework\generics.py", line 154, in filter_queryset
    queryset = backend().filter_queryset(self.request, queryset, self)
  File "C:\Users\kouek\kouekam\business\conect pin and go delivery\farm business\venv\Lib\site-packages\django_filters\rest_framework\backends.py", line 66, in filter_queryset
    filterset = self.get_filterset(request, queryset, view)
  File "C:\Users\kouek\kouekam\business\conect pin and go delivery\farm business\venv\Lib\site-packages\django_filters\rest_framework\backends.py", line 18, in get_filterset
    filterset_class = self.get_filterset_class(view, queryset)
  File "C:\Users\kouek\kouekam\business\conect pin and go delivery\farm business\venv\Lib\site-packages\django_filters\rest_framework\backends.py", line 49, in get_filterset_class
    class AutoFilterSet(self.filterset_base):
    ...<2 lines>...
            fields = filterset_fields
  File "C:\Users\kouek\kouekam\business\conect pin and go delivery\farm business\venv\Lib\site-packages\django_filters\filterset.py", line 82, in __new__
    new_class.base_filters = new_class.get_filters()
                             ~~~~~~~~~~~~~~~~~~~~~^^
  File "C:\Users\kouek\kouekam\business\conect pin and go delivery\farm business\venv\Lib\site-packages\django_filters\filterset.py", line 371, in get_filters
    raise TypeError(
    ...<2 lines>...
    )
TypeError: 'Meta.fields' must not contain non-model field names: is_on_sale
ERROR 2025-08-12 15:37:54,413 log 22568 23256 Internal Server Error: /api/notifications/notifications/
Traceback (most recent call last):
  File "C:\Users\kouek\kouekam\business\conect pin and go delivery\farm business\venv\Lib\site-packages\django\core\handlers\exception.py", line 55, in inner
    response = get_response(request)
  File "C:\Users\kouek\kouekam\business\conect pin and go delivery\farm business\venv\Lib\site-packages\django\core\handlers\base.py", line 197, in _get_response
    response = wrapped_callback(request, *callback_args, **callback_kwargs)
  File "C:\Users\kouek\kouekam\business\conect pin and go delivery\farm business\venv\Lib\site-packages\django\views\decorators\csrf.py", line 65, in _view_wrapper
    return view_func(request, *args, **kwargs)
  File "C:\Users\kouek\kouekam\business\conect pin and go delivery\farm business\venv\Lib\site-packages\django\views\generic\base.py", line 105, in view
    return self.dispatch(request, *args, **kwargs)
           ~~~~~~~~~~~~~^^^^^^^^^^^^^^^^^^^^^^^^^^
  File "C:\Users\kouek\kouekam\business\conect pin and go delivery\farm business\venv\Lib\site-packages\rest_framework\views.py", line 515, in dispatch
    response = self.handle_exception(exc)
  File "C:\Users\kouek\kouekam\business\conect pin and go delivery\farm business\venv\Lib\site-packages\rest_framework\views.py", line 475, in handle_exception
    self.raise_uncaught_exception(exc)
    ~~~~~~~~~~~~~~~~~~~~~~~~~~~~~^^^^^
  File "C:\Users\kouek\kouekam\business\conect pin and go delivery\farm business\venv\Lib\site-packages\rest_framework\views.py", line 486, in raise_uncaught_exception
    raise exc
  File "C:\Users\kouek\kouekam\business\conect pin and go delivery\farm business\venv\Lib\site-packages\rest_framework\views.py", line 512, in dispatch
    response = handler(request, *args, **kwargs)
  File "C:\Users\kouek\kouekam\business\conect pin and go delivery\farm business\venv\Lib\site-packages\rest_framework\generics.py", line 203, in get
    return self.list(request, *args, **kwargs)
           ~~~~~~~~~^^^^^^^^^^^^^^^^^^^^^^^^^^
  File "C:\Users\kouek\kouekam\business\conect pin and go delivery\farm business\venv\Lib\site-packages\rest_framework\mixins.py", line 38, in list
    queryset = self.filter_queryset(self.get_queryset())
                                    ~~~~~~~~~~~~~~~~~^^
  File "C:\Users\kouek\kouekam\business\conect pin and go delivery\farm business\backend\notifications\views.py", line 36, in get_queryset
    return Notification.objects.filter(recipient=self.request.user)
           ~~~~~~~~~~~~~~~~~~~~~~~~~~~^^^^^^^^^^^^^^^^^^^^^^^^^^^^^
  File "C:\Users\kouek\kouekam\business\conect pin and go delivery\farm business\venv\Lib\site-packages\django\db\models\manager.py", line 87, in manager_method
    return getattr(self.get_queryset(), name)(*args, **kwargs)
           ~~~~~~~~~~~~~~~~~~~~~~~~~~~~~~~~~~^^^^^^^^^^^^^^^^^
  File "C:\Users\kouek\kouekam\business\conect pin and go delivery\farm business\venv\Lib\site-packages\django\db\models\query.py", line 1493, in filter
    return self._filter_or_exclude(False, args, kwargs)
           ~~~~~~~~~~~~~~~~~~~~~~~^^^^^^^^^^^^^^^^^^^^^
  File "C:\Users\kouek\kouekam\business\conect pin and go delivery\farm business\venv\Lib\site-packages\django\db\models\query.py", line 1511, in _filter_or_exclude
    clone._filter_or_exclude_inplace(negate, args, kwargs)
    ~~~~~~~~~~~~~~~~~~~~~~~~~~~~~~~~^^^^^^^^^^^^^^^^^^^^^^
  File "C:\Users\kouek\kouekam\business\conect pin and go delivery\farm business\venv\Lib\site-packages\django\db\models\query.py", line 1518, in _filter_or_exclude_inplace
    self._query.add_q(Q(*args, **kwargs))
    ~~~~~~~~~~~~~~~~~^^^^^^^^^^^^^^^^^^^^
  File "C:\Users\kouek\kouekam\business\conect pin and go delivery\farm business\venv\Lib\site-packages\django\db\models\sql\query.py", line 1646, in add_q
    clause, _ = self._add_q(q_object, can_reuse)
                ~~~~~~~~~~~^^^^^^^^^^^^^^^^^^^^^
  File "C:\Users\kouek\kouekam\business\conect pin and go delivery\farm business\venv\Lib\site-packages\django\db\models\sql\query.py", line 1678, in _add_q
    child_clause, needed_inner = self.build_filter(
                                 ~~~~~~~~~~~~~~~~~^
        child,
        ^^^^^^
    ...<7 lines>...
        update_join_types=update_join_types,
        ^^^^^^^^^^^^^^^^^^^^^^^^^^^^^^^^^^^^
    )
    ^
  File "C:\Users\kouek\kouekam\business\conect pin and go delivery\farm business\venv\Lib\site-packages\django\db\models\sql\query.py", line 1526, in build_filter
    lookups, parts, reffed_expression = self.solve_lookup_type(arg, summarize)
                                        ~~~~~~~~~~~~~~~~~~~~~~^^^^^^^^^^^^^^^^
  File "C:\Users\kouek\kouekam\business\conect pin and go delivery\farm business\venv\Lib\site-packages\django\db\models\sql\query.py", line 1333, in solve_lookup_type
    _, field, _, lookup_parts = self.names_to_path(lookup_splitted, self.get_meta())
                                ~~~~~~~~~~~~~~~~~~^^^^^^^^^^^^^^^^^^^^^^^^^^^^^^^^^^
  File "C:\Users\kouek\kouekam\business\conect pin and go delivery\farm business\venv\Lib\site-packages\django\db\models\sql\query.py", line 1805, in names_to_path
    raise FieldError(
    ...<2 lines>...
    )
django.core.exceptions.FieldError: Cannot resolve keyword 'recipient' into field. Choices are: action_url, created_at, data, email_details, email_sent, id, is_read, is_sent, message, notification_type, priority, push_sent, read_at, sent_at, sms_details, sms_sent, title, user, user_id
ERROR 2025-08-12 15:37:54,481 log 22568 26976 Internal Server Error: /api/agri-connect/products/
Traceback (most recent call last):
  File "C:\Users\kouek\kouekam\business\conect pin and go delivery\farm business\venv\Lib\site-packages\django\core\handlers\exception.py", line 55, in inner
    response = get_response(request)
  File "C:\Users\kouek\kouekam\business\conect pin and go delivery\farm business\venv\Lib\site-packages\django\core\handlers\base.py", line 197, in _get_response
    response = wrapped_callback(request, *callback_args, **callback_kwargs)
  File "C:\Users\kouek\kouekam\business\conect pin and go delivery\farm business\venv\Lib\site-packages\django\views\decorators\csrf.py", line 65, in _view_wrapper
    return view_func(request, *args, **kwargs)
  File "C:\Users\kouek\kouekam\business\conect pin and go delivery\farm business\venv\Lib\site-packages\django\views\generic\base.py", line 105, in view
    return self.dispatch(request, *args, **kwargs)
           ~~~~~~~~~~~~~^^^^^^^^^^^^^^^^^^^^^^^^^^
  File "C:\Users\kouek\kouekam\business\conect pin and go delivery\farm business\venv\Lib\site-packages\rest_framework\views.py", line 515, in dispatch
    response = self.handle_exception(exc)
  File "C:\Users\kouek\kouekam\business\conect pin and go delivery\farm business\venv\Lib\site-packages\rest_framework\views.py", line 475, in handle_exception
    self.raise_uncaught_exception(exc)
    ~~~~~~~~~~~~~~~~~~~~~~~~~~~~~^^^^^
  File "C:\Users\kouek\kouekam\business\conect pin and go delivery\farm business\venv\Lib\site-packages\rest_framework\views.py", line 486, in raise_uncaught_exception
    raise exc
  File "C:\Users\kouek\kouekam\business\conect pin and go delivery\farm business\venv\Lib\site-packages\rest_framework\views.py", line 512, in dispatch
    response = handler(request, *args, **kwargs)
  File "C:\Users\kouek\kouekam\business\conect pin and go delivery\farm business\venv\Lib\site-packages\rest_framework\generics.py", line 203, in get
    return self.list(request, *args, **kwargs)
           ~~~~~~~~~^^^^^^^^^^^^^^^^^^^^^^^^^^
  File "C:\Users\kouek\kouekam\business\conect pin and go delivery\farm business\venv\Lib\site-packages\rest_framework\mixins.py", line 38, in list
    queryset = self.filter_queryset(self.get_queryset())
  File "C:\Users\kouek\kouekam\business\conect pin and go delivery\farm business\venv\Lib\site-packages\rest_framework\generics.py", line 154, in filter_queryset
    queryset = backend().filter_queryset(self.request, queryset, self)
  File "C:\Users\kouek\kouekam\business\conect pin and go delivery\farm business\venv\Lib\site-packages\django_filters\rest_framework\backends.py", line 66, in filter_queryset
    filterset = self.get_filterset(request, queryset, view)
  File "C:\Users\kouek\kouekam\business\conect pin and go delivery\farm business\venv\Lib\site-packages\django_filters\rest_framework\backends.py", line 18, in get_filterset
    filterset_class = self.get_filterset_class(view, queryset)
  File "C:\Users\kouek\kouekam\business\conect pin and go delivery\farm business\venv\Lib\site-packages\django_filters\rest_framework\backends.py", line 49, in get_filterset_class
    class AutoFilterSet(self.filterset_base):
    ...<2 lines>...
            fields = filterset_fields
  File "C:\Users\kouek\kouekam\business\conect pin and go delivery\farm business\venv\Lib\site-packages\django_filters\filterset.py", line 82, in __new__
    new_class.base_filters = new_class.get_filters()
                             ~~~~~~~~~~~~~~~~~~~~~^^
  File "C:\Users\kouek\kouekam\business\conect pin and go delivery\farm business\venv\Lib\site-packages\django_filters\filterset.py", line 371, in get_filters
    raise TypeError(
    ...<2 lines>...
    )
TypeError: 'Meta.fields' must not contain non-model field names: is_on_sale
ERROR 2025-08-12 15:37:55,705 log 22568 26976 Internal Server Error: /api/notifications/notifications/
Traceback (most recent call last):
  File "C:\Users\kouek\kouekam\business\conect pin and go delivery\farm business\venv\Lib\site-packages\django\core\handlers\exception.py", line 55, in inner
    response = get_response(request)
  File "C:\Users\kouek\kouekam\business\conect pin and go delivery\farm business\venv\Lib\site-packages\django\core\handlers\base.py", line 197, in _get_response
    response = wrapped_callback(request, *callback_args, **callback_kwargs)
  File "C:\Users\kouek\kouekam\business\conect pin and go delivery\farm business\venv\Lib\site-packages\django\views\decorators\csrf.py", line 65, in _view_wrapper
    return view_func(request, *args, **kwargs)
  File "C:\Users\kouek\kouekam\business\conect pin and go delivery\farm business\venv\Lib\site-packages\django\views\generic\base.py", line 105, in view
    return self.dispatch(request, *args, **kwargs)
           ~~~~~~~~~~~~~^^^^^^^^^^^^^^^^^^^^^^^^^^
  File "C:\Users\kouek\kouekam\business\conect pin and go delivery\farm business\venv\Lib\site-packages\rest_framework\views.py", line 515, in dispatch
    response = self.handle_exception(exc)
  File "C:\Users\kouek\kouekam\business\conect pin and go delivery\farm business\venv\Lib\site-packages\rest_framework\views.py", line 475, in handle_exception
    self.raise_uncaught_exception(exc)
    ~~~~~~~~~~~~~~~~~~~~~~~~~~~~~^^^^^
  File "C:\Users\kouek\kouekam\business\conect pin and go delivery\farm business\venv\Lib\site-packages\rest_framework\views.py", line 486, in raise_uncaught_exception
    raise exc
  File "C:\Users\kouek\kouekam\business\conect pin and go delivery\farm business\venv\Lib\site-packages\rest_framework\views.py", line 512, in dispatch
    response = handler(request, *args, **kwargs)
  File "C:\Users\kouek\kouekam\business\conect pin and go delivery\farm business\venv\Lib\site-packages\rest_framework\generics.py", line 203, in get
    return self.list(request, *args, **kwargs)
           ~~~~~~~~~^^^^^^^^^^^^^^^^^^^^^^^^^^
  File "C:\Users\kouek\kouekam\business\conect pin and go delivery\farm business\venv\Lib\site-packages\rest_framework\mixins.py", line 38, in list
    queryset = self.filter_queryset(self.get_queryset())
                                    ~~~~~~~~~~~~~~~~~^^
  File "C:\Users\kouek\kouekam\business\conect pin and go delivery\farm business\backend\notifications\views.py", line 36, in get_queryset
    return Notification.objects.filter(recipient=self.request.user)
           ~~~~~~~~~~~~~~~~~~~~~~~~~~~^^^^^^^^^^^^^^^^^^^^^^^^^^^^^
  File "C:\Users\kouek\kouekam\business\conect pin and go delivery\farm business\venv\Lib\site-packages\django\db\models\manager.py", line 87, in manager_method
    return getattr(self.get_queryset(), name)(*args, **kwargs)
           ~~~~~~~~~~~~~~~~~~~~~~~~~~~~~~~~~~^^^^^^^^^^^^^^^^^
  File "C:\Users\kouek\kouekam\business\conect pin and go delivery\farm business\venv\Lib\site-packages\django\db\models\query.py", line 1493, in filter
    return self._filter_or_exclude(False, args, kwargs)
           ~~~~~~~~~~~~~~~~~~~~~~~^^^^^^^^^^^^^^^^^^^^^
  File "C:\Users\kouek\kouekam\business\conect pin and go delivery\farm business\venv\Lib\site-packages\django\db\models\query.py", line 1511, in _filter_or_exclude
    clone._filter_or_exclude_inplace(negate, args, kwargs)
    ~~~~~~~~~~~~~~~~~~~~~~~~~~~~~~~~^^^^^^^^^^^^^^^^^^^^^^
  File "C:\Users\kouek\kouekam\business\conect pin and go delivery\farm business\venv\Lib\site-packages\django\db\models\query.py", line 1518, in _filter_or_exclude_inplace
    self._query.add_q(Q(*args, **kwargs))
    ~~~~~~~~~~~~~~~~~^^^^^^^^^^^^^^^^^^^^
  File "C:\Users\kouek\kouekam\business\conect pin and go delivery\farm business\venv\Lib\site-packages\django\db\models\sql\query.py", line 1646, in add_q
    clause, _ = self._add_q(q_object, can_reuse)
                ~~~~~~~~~~~^^^^^^^^^^^^^^^^^^^^^
  File "C:\Users\kouek\kouekam\business\conect pin and go delivery\farm business\venv\Lib\site-packages\django\db\models\sql\query.py", line 1678, in _add_q
    child_clause, needed_inner = self.build_filter(
                                 ~~~~~~~~~~~~~~~~~^
        child,
        ^^^^^^
    ...<7 lines>...
        update_join_types=update_join_types,
        ^^^^^^^^^^^^^^^^^^^^^^^^^^^^^^^^^^^^
    )
    ^
  File "C:\Users\kouek\kouekam\business\conect pin and go delivery\farm business\venv\Lib\site-packages\django\db\models\sql\query.py", line 1526, in build_filter
    lookups, parts, reffed_expression = self.solve_lookup_type(arg, summarize)
                                        ~~~~~~~~~~~~~~~~~~~~~~^^^^^^^^^^^^^^^^
  File "C:\Users\kouek\kouekam\business\conect pin and go delivery\farm business\venv\Lib\site-packages\django\db\models\sql\query.py", line 1333, in solve_lookup_type
    _, field, _, lookup_parts = self.names_to_path(lookup_splitted, self.get_meta())
                                ~~~~~~~~~~~~~~~~~~^^^^^^^^^^^^^^^^^^^^^^^^^^^^^^^^^^
  File "C:\Users\kouek\kouekam\business\conect pin and go delivery\farm business\venv\Lib\site-packages\django\db\models\sql\query.py", line 1805, in names_to_path
    raise FieldError(
    ...<2 lines>...
    )
django.core.exceptions.FieldError: Cannot resolve keyword 'recipient' into field. Choices are: action_url, created_at, data, email_details, email_sent, id, is_read, is_sent, message, notification_type, priority, push_sent, read_at, sent_at, sms_details, sms_sent, title, user, user_id
ERROR 2025-08-12 15:37:55,794 log 22568 23256 Internal Server Error: /api/agri-connect/products/
Traceback (most recent call last):
  File "C:\Users\kouek\kouekam\business\conect pin and go delivery\farm business\venv\Lib\site-packages\django\core\handlers\exception.py", line 55, in inner
    response = get_response(request)
  File "C:\Users\kouek\kouekam\business\conect pin and go delivery\farm business\venv\Lib\site-packages\django\core\handlers\base.py", line 197, in _get_response
    response = wrapped_callback(request, *callback_args, **callback_kwargs)
  File "C:\Users\kouek\kouekam\business\conect pin and go delivery\farm business\venv\Lib\site-packages\django\views\decorators\csrf.py", line 65, in _view_wrapper
    return view_func(request, *args, **kwargs)
  File "C:\Users\kouek\kouekam\business\conect pin and go delivery\farm business\venv\Lib\site-packages\django\views\generic\base.py", line 105, in view
    return self.dispatch(request, *args, **kwargs)
           ~~~~~~~~~~~~~^^^^^^^^^^^^^^^^^^^^^^^^^^
  File "C:\Users\kouek\kouekam\business\conect pin and go delivery\farm business\venv\Lib\site-packages\rest_framework\views.py", line 515, in dispatch
    response = self.handle_exception(exc)
  File "C:\Users\kouek\kouekam\business\conect pin and go delivery\farm business\venv\Lib\site-packages\rest_framework\views.py", line 475, in handle_exception
    self.raise_uncaught_exception(exc)
    ~~~~~~~~~~~~~~~~~~~~~~~~~~~~~^^^^^
  File "C:\Users\kouek\kouekam\business\conect pin and go delivery\farm business\venv\Lib\site-packages\rest_framework\views.py", line 486, in raise_uncaught_exception
    raise exc
  File "C:\Users\kouek\kouekam\business\conect pin and go delivery\farm business\venv\Lib\site-packages\rest_framework\views.py", line 512, in dispatch
    response = handler(request, *args, **kwargs)
  File "C:\Users\kouek\kouekam\business\conect pin and go delivery\farm business\venv\Lib\site-packages\rest_framework\generics.py", line 203, in get
    return self.list(request, *args, **kwargs)
           ~~~~~~~~~^^^^^^^^^^^^^^^^^^^^^^^^^^
  File "C:\Users\kouek\kouekam\business\conect pin and go delivery\farm business\venv\Lib\site-packages\rest_framework\mixins.py", line 38, in list
    queryset = self.filter_queryset(self.get_queryset())
  File "C:\Users\kouek\kouekam\business\conect pin and go delivery\farm business\venv\Lib\site-packages\rest_framework\generics.py", line 154, in filter_queryset
    queryset = backend().filter_queryset(self.request, queryset, self)
  File "C:\Users\kouek\kouekam\business\conect pin and go delivery\farm business\venv\Lib\site-packages\django_filters\rest_framework\backends.py", line 66, in filter_queryset
    filterset = self.get_filterset(request, queryset, view)
  File "C:\Users\kouek\kouekam\business\conect pin and go delivery\farm business\venv\Lib\site-packages\django_filters\rest_framework\backends.py", line 18, in get_filterset
    filterset_class = self.get_filterset_class(view, queryset)
  File "C:\Users\kouek\kouekam\business\conect pin and go delivery\farm business\venv\Lib\site-packages\django_filters\rest_framework\backends.py", line 49, in get_filterset_class
    class AutoFilterSet(self.filterset_base):
    ...<2 lines>...
            fields = filterset_fields
  File "C:\Users\kouek\kouekam\business\conect pin and go delivery\farm business\venv\Lib\site-packages\django_filters\filterset.py", line 82, in __new__
    new_class.base_filters = new_class.get_filters()
                             ~~~~~~~~~~~~~~~~~~~~~^^
  File "C:\Users\kouek\kouekam\business\conect pin and go delivery\farm business\venv\Lib\site-packages\django_filters\filterset.py", line 371, in get_filters
    raise TypeError(
    ...<2 lines>...
    )
TypeError: 'Meta.fields' must not contain non-model field names: is_on_sale
ERROR 2025-08-12 15:38:16,016 log 22568 23256 Internal Server Error: /api/agri-connect/products/
Traceback (most recent call last):
  File "C:\Users\kouek\kouekam\business\conect pin and go delivery\farm business\venv\Lib\site-packages\django\core\handlers\exception.py", line 55, in inner
    response = get_response(request)
  File "C:\Users\kouek\kouekam\business\conect pin and go delivery\farm business\venv\Lib\site-packages\django\core\handlers\base.py", line 197, in _get_response
    response = wrapped_callback(request, *callback_args, **callback_kwargs)
  File "C:\Users\kouek\kouekam\business\conect pin and go delivery\farm business\venv\Lib\site-packages\django\views\decorators\csrf.py", line 65, in _view_wrapper
    return view_func(request, *args, **kwargs)
  File "C:\Users\kouek\kouekam\business\conect pin and go delivery\farm business\venv\Lib\site-packages\django\views\generic\base.py", line 105, in view
    return self.dispatch(request, *args, **kwargs)
           ~~~~~~~~~~~~~^^^^^^^^^^^^^^^^^^^^^^^^^^
  File "C:\Users\kouek\kouekam\business\conect pin and go delivery\farm business\venv\Lib\site-packages\rest_framework\views.py", line 515, in dispatch
    response = self.handle_exception(exc)
  File "C:\Users\kouek\kouekam\business\conect pin and go delivery\farm business\venv\Lib\site-packages\rest_framework\views.py", line 475, in handle_exception
    self.raise_uncaught_exception(exc)
    ~~~~~~~~~~~~~~~~~~~~~~~~~~~~~^^^^^
  File "C:\Users\kouek\kouekam\business\conect pin and go delivery\farm business\venv\Lib\site-packages\rest_framework\views.py", line 486, in raise_uncaught_exception
    raise exc
  File "C:\Users\kouek\kouekam\business\conect pin and go delivery\farm business\venv\Lib\site-packages\rest_framework\views.py", line 512, in dispatch
    response = handler(request, *args, **kwargs)
  File "C:\Users\kouek\kouekam\business\conect pin and go delivery\farm business\venv\Lib\site-packages\rest_framework\generics.py", line 203, in get
    return self.list(request, *args, **kwargs)
           ~~~~~~~~~^^^^^^^^^^^^^^^^^^^^^^^^^^
  File "C:\Users\kouek\kouekam\business\conect pin and go delivery\farm business\venv\Lib\site-packages\rest_framework\mixins.py", line 38, in list
    queryset = self.filter_queryset(self.get_queryset())
  File "C:\Users\kouek\kouekam\business\conect pin and go delivery\farm business\venv\Lib\site-packages\rest_framework\generics.py", line 154, in filter_queryset
    queryset = backend().filter_queryset(self.request, queryset, self)
  File "C:\Users\kouek\kouekam\business\conect pin and go delivery\farm business\venv\Lib\site-packages\django_filters\rest_framework\backends.py", line 66, in filter_queryset
    filterset = self.get_filterset(request, queryset, view)
  File "C:\Users\kouek\kouekam\business\conect pin and go delivery\farm business\venv\Lib\site-packages\django_filters\rest_framework\backends.py", line 18, in get_filterset
    filterset_class = self.get_filterset_class(view, queryset)
  File "C:\Users\kouek\kouekam\business\conect pin and go delivery\farm business\venv\Lib\site-packages\django_filters\rest_framework\backends.py", line 49, in get_filterset_class
    class AutoFilterSet(self.filterset_base):
    ...<2 lines>...
            fields = filterset_fields
  File "C:\Users\kouek\kouekam\business\conect pin and go delivery\farm business\venv\Lib\site-packages\django_filters\filterset.py", line 82, in __new__
    new_class.base_filters = new_class.get_filters()
                             ~~~~~~~~~~~~~~~~~~~~~^^
  File "C:\Users\kouek\kouekam\business\conect pin and go delivery\farm business\venv\Lib\site-packages\django_filters\filterset.py", line 371, in get_filters
    raise TypeError(
    ...<2 lines>...
    )
TypeError: 'Meta.fields' must not contain non-model field names: is_on_sale
ERROR 2025-08-12 15:38:17,263 log 22568 23256 Internal Server Error: /api/agri-connect/products/
Traceback (most recent call last):
  File "C:\Users\kouek\kouekam\business\conect pin and go delivery\farm business\venv\Lib\site-packages\django\core\handlers\exception.py", line 55, in inner
    response = get_response(request)
  File "C:\Users\kouek\kouekam\business\conect pin and go delivery\farm business\venv\Lib\site-packages\django\core\handlers\base.py", line 197, in _get_response
    response = wrapped_callback(request, *callback_args, **callback_kwargs)
  File "C:\Users\kouek\kouekam\business\conect pin and go delivery\farm business\venv\Lib\site-packages\django\views\decorators\csrf.py", line 65, in _view_wrapper
    return view_func(request, *args, **kwargs)
  File "C:\Users\kouek\kouekam\business\conect pin and go delivery\farm business\venv\Lib\site-packages\django\views\generic\base.py", line 105, in view
    return self.dispatch(request, *args, **kwargs)
           ~~~~~~~~~~~~~^^^^^^^^^^^^^^^^^^^^^^^^^^
  File "C:\Users\kouek\kouekam\business\conect pin and go delivery\farm business\venv\Lib\site-packages\rest_framework\views.py", line 515, in dispatch
    response = self.handle_exception(exc)
  File "C:\Users\kouek\kouekam\business\conect pin and go delivery\farm business\venv\Lib\site-packages\rest_framework\views.py", line 475, in handle_exception
    self.raise_uncaught_exception(exc)
    ~~~~~~~~~~~~~~~~~~~~~~~~~~~~~^^^^^
  File "C:\Users\kouek\kouekam\business\conect pin and go delivery\farm business\venv\Lib\site-packages\rest_framework\views.py", line 486, in raise_uncaught_exception
    raise exc
  File "C:\Users\kouek\kouekam\business\conect pin and go delivery\farm business\venv\Lib\site-packages\rest_framework\views.py", line 512, in dispatch
    response = handler(request, *args, **kwargs)
  File "C:\Users\kouek\kouekam\business\conect pin and go delivery\farm business\venv\Lib\site-packages\rest_framework\generics.py", line 203, in get
    return self.list(request, *args, **kwargs)
           ~~~~~~~~~^^^^^^^^^^^^^^^^^^^^^^^^^^
  File "C:\Users\kouek\kouekam\business\conect pin and go delivery\farm business\venv\Lib\site-packages\rest_framework\mixins.py", line 38, in list
    queryset = self.filter_queryset(self.get_queryset())
  File "C:\Users\kouek\kouekam\business\conect pin and go delivery\farm business\venv\Lib\site-packages\rest_framework\generics.py", line 154, in filter_queryset
    queryset = backend().filter_queryset(self.request, queryset, self)
  File "C:\Users\kouek\kouekam\business\conect pin and go delivery\farm business\venv\Lib\site-packages\django_filters\rest_framework\backends.py", line 66, in filter_queryset
    filterset = self.get_filterset(request, queryset, view)
  File "C:\Users\kouek\kouekam\business\conect pin and go delivery\farm business\venv\Lib\site-packages\django_filters\rest_framework\backends.py", line 18, in get_filterset
    filterset_class = self.get_filterset_class(view, queryset)
  File "C:\Users\kouek\kouekam\business\conect pin and go delivery\farm business\venv\Lib\site-packages\django_filters\rest_framework\backends.py", line 49, in get_filterset_class
    class AutoFilterSet(self.filterset_base):
    ...<2 lines>...
            fields = filterset_fields
  File "C:\Users\kouek\kouekam\business\conect pin and go delivery\farm business\venv\Lib\site-packages\django_filters\filterset.py", line 82, in __new__
    new_class.base_filters = new_class.get_filters()
                             ~~~~~~~~~~~~~~~~~~~~~^^
  File "C:\Users\kouek\kouekam\business\conect pin and go delivery\farm business\venv\Lib\site-packages\django_filters\filterset.py", line 371, in get_filters
    raise TypeError(
    ...<2 lines>...
    )
TypeError: 'Meta.fields' must not contain non-model field names: is_on_sale
ERROR 2025-08-12 15:38:22,717 log 22568 23256 Internal Server Error: /api/notifications/notifications/
Traceback (most recent call last):
  File "C:\Users\kouek\kouekam\business\conect pin and go delivery\farm business\venv\Lib\site-packages\django\core\handlers\exception.py", line 55, in inner
    response = get_response(request)
  File "C:\Users\kouek\kouekam\business\conect pin and go delivery\farm business\venv\Lib\site-packages\django\core\handlers\base.py", line 197, in _get_response
    response = wrapped_callback(request, *callback_args, **callback_kwargs)
  File "C:\Users\kouek\kouekam\business\conect pin and go delivery\farm business\venv\Lib\site-packages\django\views\decorators\csrf.py", line 65, in _view_wrapper
    return view_func(request, *args, **kwargs)
  File "C:\Users\kouek\kouekam\business\conect pin and go delivery\farm business\venv\Lib\site-packages\django\views\generic\base.py", line 105, in view
    return self.dispatch(request, *args, **kwargs)
           ~~~~~~~~~~~~~^^^^^^^^^^^^^^^^^^^^^^^^^^
  File "C:\Users\kouek\kouekam\business\conect pin and go delivery\farm business\venv\Lib\site-packages\rest_framework\views.py", line 515, in dispatch
    response = self.handle_exception(exc)
  File "C:\Users\kouek\kouekam\business\conect pin and go delivery\farm business\venv\Lib\site-packages\rest_framework\views.py", line 475, in handle_exception
    self.raise_uncaught_exception(exc)
    ~~~~~~~~~~~~~~~~~~~~~~~~~~~~~^^^^^
  File "C:\Users\kouek\kouekam\business\conect pin and go delivery\farm business\venv\Lib\site-packages\rest_framework\views.py", line 486, in raise_uncaught_exception
    raise exc
  File "C:\Users\kouek\kouekam\business\conect pin and go delivery\farm business\venv\Lib\site-packages\rest_framework\views.py", line 512, in dispatch
    response = handler(request, *args, **kwargs)
  File "C:\Users\kouek\kouekam\business\conect pin and go delivery\farm business\venv\Lib\site-packages\rest_framework\generics.py", line 203, in get
    return self.list(request, *args, **kwargs)
           ~~~~~~~~~^^^^^^^^^^^^^^^^^^^^^^^^^^
  File "C:\Users\kouek\kouekam\business\conect pin and go delivery\farm business\venv\Lib\site-packages\rest_framework\mixins.py", line 38, in list
    queryset = self.filter_queryset(self.get_queryset())
                                    ~~~~~~~~~~~~~~~~~^^
  File "C:\Users\kouek\kouekam\business\conect pin and go delivery\farm business\backend\notifications\views.py", line 36, in get_queryset
    return Notification.objects.filter(recipient=self.request.user)
           ~~~~~~~~~~~~~~~~~~~~~~~~~~~^^^^^^^^^^^^^^^^^^^^^^^^^^^^^
  File "C:\Users\kouek\kouekam\business\conect pin and go delivery\farm business\venv\Lib\site-packages\django\db\models\manager.py", line 87, in manager_method
    return getattr(self.get_queryset(), name)(*args, **kwargs)
           ~~~~~~~~~~~~~~~~~~~~~~~~~~~~~~~~~~^^^^^^^^^^^^^^^^^
  File "C:\Users\kouek\kouekam\business\conect pin and go delivery\farm business\venv\Lib\site-packages\django\db\models\query.py", line 1493, in filter
    return self._filter_or_exclude(False, args, kwargs)
           ~~~~~~~~~~~~~~~~~~~~~~~^^^^^^^^^^^^^^^^^^^^^
  File "C:\Users\kouek\kouekam\business\conect pin and go delivery\farm business\venv\Lib\site-packages\django\db\models\query.py", line 1511, in _filter_or_exclude
    clone._filter_or_exclude_inplace(negate, args, kwargs)
    ~~~~~~~~~~~~~~~~~~~~~~~~~~~~~~~~^^^^^^^^^^^^^^^^^^^^^^
  File "C:\Users\kouek\kouekam\business\conect pin and go delivery\farm business\venv\Lib\site-packages\django\db\models\query.py", line 1518, in _filter_or_exclude_inplace
    self._query.add_q(Q(*args, **kwargs))
    ~~~~~~~~~~~~~~~~~^^^^^^^^^^^^^^^^^^^^
  File "C:\Users\kouek\kouekam\business\conect pin and go delivery\farm business\venv\Lib\site-packages\django\db\models\sql\query.py", line 1646, in add_q
    clause, _ = self._add_q(q_object, can_reuse)
                ~~~~~~~~~~~^^^^^^^^^^^^^^^^^^^^^
  File "C:\Users\kouek\kouekam\business\conect pin and go delivery\farm business\venv\Lib\site-packages\django\db\models\sql\query.py", line 1678, in _add_q
    child_clause, needed_inner = self.build_filter(
                                 ~~~~~~~~~~~~~~~~~^
        child,
        ^^^^^^
    ...<7 lines>...
        update_join_types=update_join_types,
        ^^^^^^^^^^^^^^^^^^^^^^^^^^^^^^^^^^^^
    )
    ^
  File "C:\Users\kouek\kouekam\business\conect pin and go delivery\farm business\venv\Lib\site-packages\django\db\models\sql\query.py", line 1526, in build_filter
    lookups, parts, reffed_expression = self.solve_lookup_type(arg, summarize)
                                        ~~~~~~~~~~~~~~~~~~~~~~^^^^^^^^^^^^^^^^
  File "C:\Users\kouek\kouekam\business\conect pin and go delivery\farm business\venv\Lib\site-packages\django\db\models\sql\query.py", line 1333, in solve_lookup_type
    _, field, _, lookup_parts = self.names_to_path(lookup_splitted, self.get_meta())
                                ~~~~~~~~~~~~~~~~~~^^^^^^^^^^^^^^^^^^^^^^^^^^^^^^^^^^
  File "C:\Users\kouek\kouekam\business\conect pin and go delivery\farm business\venv\Lib\site-packages\django\db\models\sql\query.py", line 1805, in names_to_path
    raise FieldError(
    ...<2 lines>...
    )
django.core.exceptions.FieldError: Cannot resolve keyword 'recipient' into field. Choices are: action_url, created_at, data, email_details, email_sent, id, is_read, is_sent, message, notification_type, priority, push_sent, read_at, sent_at, sms_details, sms_sent, title, user, user_id
ERROR 2025-08-12 15:38:22,784 log 22568 26976 Internal Server Error: /api/agri-connect/products/
Traceback (most recent call last):
  File "C:\Users\kouek\kouekam\business\conect pin and go delivery\farm business\venv\Lib\site-packages\django\core\handlers\exception.py", line 55, in inner
    response = get_response(request)
  File "C:\Users\kouek\kouekam\business\conect pin and go delivery\farm business\venv\Lib\site-packages\django\core\handlers\base.py", line 197, in _get_response
    response = wrapped_callback(request, *callback_args, **callback_kwargs)
  File "C:\Users\kouek\kouekam\business\conect pin and go delivery\farm business\venv\Lib\site-packages\django\views\decorators\csrf.py", line 65, in _view_wrapper
    return view_func(request, *args, **kwargs)
  File "C:\Users\kouek\kouekam\business\conect pin and go delivery\farm business\venv\Lib\site-packages\django\views\generic\base.py", line 105, in view
    return self.dispatch(request, *args, **kwargs)
           ~~~~~~~~~~~~~^^^^^^^^^^^^^^^^^^^^^^^^^^
  File "C:\Users\kouek\kouekam\business\conect pin and go delivery\farm business\venv\Lib\site-packages\rest_framework\views.py", line 515, in dispatch
    response = self.handle_exception(exc)
  File "C:\Users\kouek\kouekam\business\conect pin and go delivery\farm business\venv\Lib\site-packages\rest_framework\views.py", line 475, in handle_exception
    self.raise_uncaught_exception(exc)
    ~~~~~~~~~~~~~~~~~~~~~~~~~~~~~^^^^^
  File "C:\Users\kouek\kouekam\business\conect pin and go delivery\farm business\venv\Lib\site-packages\rest_framework\views.py", line 486, in raise_uncaught_exception
    raise exc
  File "C:\Users\kouek\kouekam\business\conect pin and go delivery\farm business\venv\Lib\site-packages\rest_framework\views.py", line 512, in dispatch
    response = handler(request, *args, **kwargs)
  File "C:\Users\kouek\kouekam\business\conect pin and go delivery\farm business\venv\Lib\site-packages\rest_framework\generics.py", line 203, in get
    return self.list(request, *args, **kwargs)
           ~~~~~~~~~^^^^^^^^^^^^^^^^^^^^^^^^^^
  File "C:\Users\kouek\kouekam\business\conect pin and go delivery\farm business\venv\Lib\site-packages\rest_framework\mixins.py", line 38, in list
    queryset = self.filter_queryset(self.get_queryset())
  File "C:\Users\kouek\kouekam\business\conect pin and go delivery\farm business\venv\Lib\site-packages\rest_framework\generics.py", line 154, in filter_queryset
    queryset = backend().filter_queryset(self.request, queryset, self)
  File "C:\Users\kouek\kouekam\business\conect pin and go delivery\farm business\venv\Lib\site-packages\django_filters\rest_framework\backends.py", line 66, in filter_queryset
    filterset = self.get_filterset(request, queryset, view)
  File "C:\Users\kouek\kouekam\business\conect pin and go delivery\farm business\venv\Lib\site-packages\django_filters\rest_framework\backends.py", line 18, in get_filterset
    filterset_class = self.get_filterset_class(view, queryset)
  File "C:\Users\kouek\kouekam\business\conect pin and go delivery\farm business\venv\Lib\site-packages\django_filters\rest_framework\backends.py", line 49, in get_filterset_class
    class AutoFilterSet(self.filterset_base):
    ...<2 lines>...
            fields = filterset_fields
  File "C:\Users\kouek\kouekam\business\conect pin and go delivery\farm business\venv\Lib\site-packages\django_filters\filterset.py", line 82, in __new__
    new_class.base_filters = new_class.get_filters()
                             ~~~~~~~~~~~~~~~~~~~~~^^
  File "C:\Users\kouek\kouekam\business\conect pin and go delivery\farm business\venv\Lib\site-packages\django_filters\filterset.py", line 371, in get_filters
    raise TypeError(
    ...<2 lines>...
    )
TypeError: 'Meta.fields' must not contain non-model field names: is_on_sale
ERROR 2025-08-12 15:38:23,906 log 22568 26976 Internal Server Error: /api/notifications/notifications/
Traceback (most recent call last):
  File "C:\Users\kouek\kouekam\business\conect pin and go delivery\farm business\venv\Lib\site-packages\django\core\handlers\exception.py", line 55, in inner
    response = get_response(request)
  File "C:\Users\kouek\kouekam\business\conect pin and go delivery\farm business\venv\Lib\site-packages\django\core\handlers\base.py", line 197, in _get_response
    response = wrapped_callback(request, *callback_args, **callback_kwargs)
  File "C:\Users\kouek\kouekam\business\conect pin and go delivery\farm business\venv\Lib\site-packages\django\views\decorators\csrf.py", line 65, in _view_wrapper
    return view_func(request, *args, **kwargs)
  File "C:\Users\kouek\kouekam\business\conect pin and go delivery\farm business\venv\Lib\site-packages\django\views\generic\base.py", line 105, in view
    return self.dispatch(request, *args, **kwargs)
           ~~~~~~~~~~~~~^^^^^^^^^^^^^^^^^^^^^^^^^^
  File "C:\Users\kouek\kouekam\business\conect pin and go delivery\farm business\venv\Lib\site-packages\rest_framework\views.py", line 515, in dispatch
    response = self.handle_exception(exc)
  File "C:\Users\kouek\kouekam\business\conect pin and go delivery\farm business\venv\Lib\site-packages\rest_framework\views.py", line 475, in handle_exception
    self.raise_uncaught_exception(exc)
    ~~~~~~~~~~~~~~~~~~~~~~~~~~~~~^^^^^
  File "C:\Users\kouek\kouekam\business\conect pin and go delivery\farm business\venv\Lib\site-packages\rest_framework\views.py", line 486, in raise_uncaught_exception
    raise exc
  File "C:\Users\kouek\kouekam\business\conect pin and go delivery\farm business\venv\Lib\site-packages\rest_framework\views.py", line 512, in dispatch
    response = handler(request, *args, **kwargs)
  File "C:\Users\kouek\kouekam\business\conect pin and go delivery\farm business\venv\Lib\site-packages\rest_framework\generics.py", line 203, in get
    return self.list(request, *args, **kwargs)
           ~~~~~~~~~^^^^^^^^^^^^^^^^^^^^^^^^^^
  File "C:\Users\kouek\kouekam\business\conect pin and go delivery\farm business\venv\Lib\site-packages\rest_framework\mixins.py", line 38, in list
    queryset = self.filter_queryset(self.get_queryset())
                                    ~~~~~~~~~~~~~~~~~^^
  File "C:\Users\kouek\kouekam\business\conect pin and go delivery\farm business\backend\notifications\views.py", line 36, in get_queryset
    return Notification.objects.filter(recipient=self.request.user)
           ~~~~~~~~~~~~~~~~~~~~~~~~~~~^^^^^^^^^^^^^^^^^^^^^^^^^^^^^
  File "C:\Users\kouek\kouekam\business\conect pin and go delivery\farm business\venv\Lib\site-packages\django\db\models\manager.py", line 87, in manager_method
    return getattr(self.get_queryset(), name)(*args, **kwargs)
           ~~~~~~~~~~~~~~~~~~~~~~~~~~~~~~~~~~^^^^^^^^^^^^^^^^^
  File "C:\Users\kouek\kouekam\business\conect pin and go delivery\farm business\venv\Lib\site-packages\django\db\models\query.py", line 1493, in filter
    return self._filter_or_exclude(False, args, kwargs)
           ~~~~~~~~~~~~~~~~~~~~~~~^^^^^^^^^^^^^^^^^^^^^
  File "C:\Users\kouek\kouekam\business\conect pin and go delivery\farm business\venv\Lib\site-packages\django\db\models\query.py", line 1511, in _filter_or_exclude
    clone._filter_or_exclude_inplace(negate, args, kwargs)
    ~~~~~~~~~~~~~~~~~~~~~~~~~~~~~~~~^^^^^^^^^^^^^^^^^^^^^^
  File "C:\Users\kouek\kouekam\business\conect pin and go delivery\farm business\venv\Lib\site-packages\django\db\models\query.py", line 1518, in _filter_or_exclude_inplace
    self._query.add_q(Q(*args, **kwargs))
    ~~~~~~~~~~~~~~~~~^^^^^^^^^^^^^^^^^^^^
  File "C:\Users\kouek\kouekam\business\conect pin and go delivery\farm business\venv\Lib\site-packages\django\db\models\sql\query.py", line 1646, in add_q
    clause, _ = self._add_q(q_object, can_reuse)
                ~~~~~~~~~~~^^^^^^^^^^^^^^^^^^^^^
  File "C:\Users\kouek\kouekam\business\conect pin and go delivery\farm business\venv\Lib\site-packages\django\db\models\sql\query.py", line 1678, in _add_q
    child_clause, needed_inner = self.build_filter(
                                 ~~~~~~~~~~~~~~~~~^
        child,
        ^^^^^^
    ...<7 lines>...
        update_join_types=update_join_types,
        ^^^^^^^^^^^^^^^^^^^^^^^^^^^^^^^^^^^^
    )
    ^
  File "C:\Users\kouek\kouekam\business\conect pin and go delivery\farm business\venv\Lib\site-packages\django\db\models\sql\query.py", line 1526, in build_filter
    lookups, parts, reffed_expression = self.solve_lookup_type(arg, summarize)
                                        ~~~~~~~~~~~~~~~~~~~~~~^^^^^^^^^^^^^^^^
  File "C:\Users\kouek\kouekam\business\conect pin and go delivery\farm business\venv\Lib\site-packages\django\db\models\sql\query.py", line 1333, in solve_lookup_type
    _, field, _, lookup_parts = self.names_to_path(lookup_splitted, self.get_meta())
                                ~~~~~~~~~~~~~~~~~~^^^^^^^^^^^^^^^^^^^^^^^^^^^^^^^^^^
  File "C:\Users\kouek\kouekam\business\conect pin and go delivery\farm business\venv\Lib\site-packages\django\db\models\sql\query.py", line 1805, in names_to_path
    raise FieldError(
    ...<2 lines>...
    )
django.core.exceptions.FieldError: Cannot resolve keyword 'recipient' into field. Choices are: action_url, created_at, data, email_details, email_sent, id, is_read, is_sent, message, notification_type, priority, push_sent, read_at, sent_at, sms_details, sms_sent, title, user, user_id
ERROR 2025-08-12 15:38:24,117 log 22568 23256 Internal Server Error: /api/agri-connect/products/
Traceback (most recent call last):
  File "C:\Users\kouek\kouekam\business\conect pin and go delivery\farm business\venv\Lib\site-packages\django\core\handlers\exception.py", line 55, in inner
    response = get_response(request)
  File "C:\Users\kouek\kouekam\business\conect pin and go delivery\farm business\venv\Lib\site-packages\django\core\handlers\base.py", line 197, in _get_response
    response = wrapped_callback(request, *callback_args, **callback_kwargs)
  File "C:\Users\kouek\kouekam\business\conect pin and go delivery\farm business\venv\Lib\site-packages\django\views\decorators\csrf.py", line 65, in _view_wrapper
    return view_func(request, *args, **kwargs)
  File "C:\Users\kouek\kouekam\business\conect pin and go delivery\farm business\venv\Lib\site-packages\django\views\generic\base.py", line 105, in view
    return self.dispatch(request, *args, **kwargs)
           ~~~~~~~~~~~~~^^^^^^^^^^^^^^^^^^^^^^^^^^
  File "C:\Users\kouek\kouekam\business\conect pin and go delivery\farm business\venv\Lib\site-packages\rest_framework\views.py", line 515, in dispatch
    response = self.handle_exception(exc)
  File "C:\Users\kouek\kouekam\business\conect pin and go delivery\farm business\venv\Lib\site-packages\rest_framework\views.py", line 475, in handle_exception
    self.raise_uncaught_exception(exc)
    ~~~~~~~~~~~~~~~~~~~~~~~~~~~~~^^^^^
  File "C:\Users\kouek\kouekam\business\conect pin and go delivery\farm business\venv\Lib\site-packages\rest_framework\views.py", line 486, in raise_uncaught_exception
    raise exc
  File "C:\Users\kouek\kouekam\business\conect pin and go delivery\farm business\venv\Lib\site-packages\rest_framework\views.py", line 512, in dispatch
    response = handler(request, *args, **kwargs)
  File "C:\Users\kouek\kouekam\business\conect pin and go delivery\farm business\venv\Lib\site-packages\rest_framework\generics.py", line 203, in get
    return self.list(request, *args, **kwargs)
           ~~~~~~~~~^^^^^^^^^^^^^^^^^^^^^^^^^^
  File "C:\Users\kouek\kouekam\business\conect pin and go delivery\farm business\venv\Lib\site-packages\rest_framework\mixins.py", line 38, in list
    queryset = self.filter_queryset(self.get_queryset())
  File "C:\Users\kouek\kouekam\business\conect pin and go delivery\farm business\venv\Lib\site-packages\rest_framework\generics.py", line 154, in filter_queryset
    queryset = backend().filter_queryset(self.request, queryset, self)
  File "C:\Users\kouek\kouekam\business\conect pin and go delivery\farm business\venv\Lib\site-packages\django_filters\rest_framework\backends.py", line 66, in filter_queryset
    filterset = self.get_filterset(request, queryset, view)
  File "C:\Users\kouek\kouekam\business\conect pin and go delivery\farm business\venv\Lib\site-packages\django_filters\rest_framework\backends.py", line 18, in get_filterset
    filterset_class = self.get_filterset_class(view, queryset)
  File "C:\Users\kouek\kouekam\business\conect pin and go delivery\farm business\venv\Lib\site-packages\django_filters\rest_framework\backends.py", line 49, in get_filterset_class
    class AutoFilterSet(self.filterset_base):
    ...<2 lines>...
            fields = filterset_fields
  File "C:\Users\kouek\kouekam\business\conect pin and go delivery\farm business\venv\Lib\site-packages\django_filters\filterset.py", line 82, in __new__
    new_class.base_filters = new_class.get_filters()
                             ~~~~~~~~~~~~~~~~~~~~~^^
  File "C:\Users\kouek\kouekam\business\conect pin and go delivery\farm business\venv\Lib\site-packages\django_filters\filterset.py", line 371, in get_filters
    raise TypeError(
    ...<2 lines>...
    )
TypeError: 'Meta.fields' must not contain non-model field names: is_on_sale
ERROR 2025-08-12 15:38:24,497 log 22568 23256 Internal Server Error: /api/agri-connect/products/
Traceback (most recent call last):
  File "C:\Users\kouek\kouekam\business\conect pin and go delivery\farm business\venv\Lib\site-packages\django\core\handlers\exception.py", line 55, in inner
    response = get_response(request)
  File "C:\Users\kouek\kouekam\business\conect pin and go delivery\farm business\venv\Lib\site-packages\django\core\handlers\base.py", line 197, in _get_response
    response = wrapped_callback(request, *callback_args, **callback_kwargs)
  File "C:\Users\kouek\kouekam\business\conect pin and go delivery\farm business\venv\Lib\site-packages\django\views\decorators\csrf.py", line 65, in _view_wrapper
    return view_func(request, *args, **kwargs)
  File "C:\Users\kouek\kouekam\business\conect pin and go delivery\farm business\venv\Lib\site-packages\django\views\generic\base.py", line 105, in view
    return self.dispatch(request, *args, **kwargs)
           ~~~~~~~~~~~~~^^^^^^^^^^^^^^^^^^^^^^^^^^
  File "C:\Users\kouek\kouekam\business\conect pin and go delivery\farm business\venv\Lib\site-packages\rest_framework\views.py", line 515, in dispatch
    response = self.handle_exception(exc)
  File "C:\Users\kouek\kouekam\business\conect pin and go delivery\farm business\venv\Lib\site-packages\rest_framework\views.py", line 475, in handle_exception
    self.raise_uncaught_exception(exc)
    ~~~~~~~~~~~~~~~~~~~~~~~~~~~~~^^^^^
  File "C:\Users\kouek\kouekam\business\conect pin and go delivery\farm business\venv\Lib\site-packages\rest_framework\views.py", line 486, in raise_uncaught_exception
    raise exc
  File "C:\Users\kouek\kouekam\business\conect pin and go delivery\farm business\venv\Lib\site-packages\rest_framework\views.py", line 512, in dispatch
    response = handler(request, *args, **kwargs)
  File "C:\Users\kouek\kouekam\business\conect pin and go delivery\farm business\venv\Lib\site-packages\rest_framework\generics.py", line 203, in get
    return self.list(request, *args, **kwargs)
           ~~~~~~~~~^^^^^^^^^^^^^^^^^^^^^^^^^^
  File "C:\Users\kouek\kouekam\business\conect pin and go delivery\farm business\venv\Lib\site-packages\rest_framework\mixins.py", line 38, in list
    queryset = self.filter_queryset(self.get_queryset())
  File "C:\Users\kouek\kouekam\business\conect pin and go delivery\farm business\venv\Lib\site-packages\rest_framework\generics.py", line 154, in filter_queryset
    queryset = backend().filter_queryset(self.request, queryset, self)
  File "C:\Users\kouek\kouekam\business\conect pin and go delivery\farm business\venv\Lib\site-packages\django_filters\rest_framework\backends.py", line 66, in filter_queryset
    filterset = self.get_filterset(request, queryset, view)
  File "C:\Users\kouek\kouekam\business\conect pin and go delivery\farm business\venv\Lib\site-packages\django_filters\rest_framework\backends.py", line 18, in get_filterset
    filterset_class = self.get_filterset_class(view, queryset)
  File "C:\Users\kouek\kouekam\business\conect pin and go delivery\farm business\venv\Lib\site-packages\django_filters\rest_framework\backends.py", line 49, in get_filterset_class
    class AutoFilterSet(self.filterset_base):
    ...<2 lines>...
            fields = filterset_fields
  File "C:\Users\kouek\kouekam\business\conect pin and go delivery\farm business\venv\Lib\site-packages\django_filters\filterset.py", line 82, in __new__
    new_class.base_filters = new_class.get_filters()
                             ~~~~~~~~~~~~~~~~~~~~~^^
  File "C:\Users\kouek\kouekam\business\conect pin and go delivery\farm business\venv\Lib\site-packages\django_filters\filterset.py", line 371, in get_filters
    raise TypeError(
    ...<2 lines>...
    )
TypeError: 'Meta.fields' must not contain non-model field names: is_on_sale
ERROR 2025-08-12 15:38:25,868 log 22568 23256 Internal Server Error: /api/agri-connect/products/
Traceback (most recent call last):
  File "C:\Users\kouek\kouekam\business\conect pin and go delivery\farm business\venv\Lib\site-packages\django\core\handlers\exception.py", line 55, in inner
    response = get_response(request)
  File "C:\Users\kouek\kouekam\business\conect pin and go delivery\farm business\venv\Lib\site-packages\django\core\handlers\base.py", line 197, in _get_response
    response = wrapped_callback(request, *callback_args, **callback_kwargs)
  File "C:\Users\kouek\kouekam\business\conect pin and go delivery\farm business\venv\Lib\site-packages\django\views\decorators\csrf.py", line 65, in _view_wrapper
    return view_func(request, *args, **kwargs)
  File "C:\Users\kouek\kouekam\business\conect pin and go delivery\farm business\venv\Lib\site-packages\django\views\generic\base.py", line 105, in view
    return self.dispatch(request, *args, **kwargs)
           ~~~~~~~~~~~~~^^^^^^^^^^^^^^^^^^^^^^^^^^
  File "C:\Users\kouek\kouekam\business\conect pin and go delivery\farm business\venv\Lib\site-packages\rest_framework\views.py", line 515, in dispatch
    response = self.handle_exception(exc)
  File "C:\Users\kouek\kouekam\business\conect pin and go delivery\farm business\venv\Lib\site-packages\rest_framework\views.py", line 475, in handle_exception
    self.raise_uncaught_exception(exc)
    ~~~~~~~~~~~~~~~~~~~~~~~~~~~~~^^^^^
  File "C:\Users\kouek\kouekam\business\conect pin and go delivery\farm business\venv\Lib\site-packages\rest_framework\views.py", line 486, in raise_uncaught_exception
    raise exc
  File "C:\Users\kouek\kouekam\business\conect pin and go delivery\farm business\venv\Lib\site-packages\rest_framework\views.py", line 512, in dispatch
    response = handler(request, *args, **kwargs)
  File "C:\Users\kouek\kouekam\business\conect pin and go delivery\farm business\venv\Lib\site-packages\rest_framework\generics.py", line 203, in get
    return self.list(request, *args, **kwargs)
           ~~~~~~~~~^^^^^^^^^^^^^^^^^^^^^^^^^^
  File "C:\Users\kouek\kouekam\business\conect pin and go delivery\farm business\venv\Lib\site-packages\rest_framework\mixins.py", line 38, in list
    queryset = self.filter_queryset(self.get_queryset())
  File "C:\Users\kouek\kouekam\business\conect pin and go delivery\farm business\venv\Lib\site-packages\rest_framework\generics.py", line 154, in filter_queryset
    queryset = backend().filter_queryset(self.request, queryset, self)
  File "C:\Users\kouek\kouekam\business\conect pin and go delivery\farm business\venv\Lib\site-packages\django_filters\rest_framework\backends.py", line 66, in filter_queryset
    filterset = self.get_filterset(request, queryset, view)
  File "C:\Users\kouek\kouekam\business\conect pin and go delivery\farm business\venv\Lib\site-packages\django_filters\rest_framework\backends.py", line 18, in get_filterset
    filterset_class = self.get_filterset_class(view, queryset)
  File "C:\Users\kouek\kouekam\business\conect pin and go delivery\farm business\venv\Lib\site-packages\django_filters\rest_framework\backends.py", line 49, in get_filterset_class
    class AutoFilterSet(self.filterset_base):
    ...<2 lines>...
            fields = filterset_fields
  File "C:\Users\kouek\kouekam\business\conect pin and go delivery\farm business\venv\Lib\site-packages\django_filters\filterset.py", line 82, in __new__
    new_class.base_filters = new_class.get_filters()
                             ~~~~~~~~~~~~~~~~~~~~~^^
  File "C:\Users\kouek\kouekam\business\conect pin and go delivery\farm business\venv\Lib\site-packages\django_filters\filterset.py", line 371, in get_filters
    raise TypeError(
    ...<2 lines>...
    )
TypeError: 'Meta.fields' must not contain non-model field names: is_on_sale
ERROR 2025-08-12 15:38:31,246 log 22568 23256 Internal Server Error: /api/agri-connect/products/
Traceback (most recent call last):
  File "C:\Users\kouek\kouekam\business\conect pin and go delivery\farm business\venv\Lib\site-packages\django\core\handlers\exception.py", line 55, in inner
    response = get_response(request)
  File "C:\Users\kouek\kouekam\business\conect pin and go delivery\farm business\venv\Lib\site-packages\django\core\handlers\base.py", line 197, in _get_response
    response = wrapped_callback(request, *callback_args, **callback_kwargs)
  File "C:\Users\kouek\kouekam\business\conect pin and go delivery\farm business\venv\Lib\site-packages\django\views\decorators\csrf.py", line 65, in _view_wrapper
    return view_func(request, *args, **kwargs)
  File "C:\Users\kouek\kouekam\business\conect pin and go delivery\farm business\venv\Lib\site-packages\django\views\generic\base.py", line 105, in view
    return self.dispatch(request, *args, **kwargs)
           ~~~~~~~~~~~~~^^^^^^^^^^^^^^^^^^^^^^^^^^
  File "C:\Users\kouek\kouekam\business\conect pin and go delivery\farm business\venv\Lib\site-packages\rest_framework\views.py", line 515, in dispatch
    response = self.handle_exception(exc)
  File "C:\Users\kouek\kouekam\business\conect pin and go delivery\farm business\venv\Lib\site-packages\rest_framework\views.py", line 475, in handle_exception
    self.raise_uncaught_exception(exc)
    ~~~~~~~~~~~~~~~~~~~~~~~~~~~~~^^^^^
  File "C:\Users\kouek\kouekam\business\conect pin and go delivery\farm business\venv\Lib\site-packages\rest_framework\views.py", line 486, in raise_uncaught_exception
    raise exc
  File "C:\Users\kouek\kouekam\business\conect pin and go delivery\farm business\venv\Lib\site-packages\rest_framework\views.py", line 512, in dispatch
    response = handler(request, *args, **kwargs)
  File "C:\Users\kouek\kouekam\business\conect pin and go delivery\farm business\venv\Lib\site-packages\rest_framework\generics.py", line 203, in get
    return self.list(request, *args, **kwargs)
           ~~~~~~~~~^^^^^^^^^^^^^^^^^^^^^^^^^^
  File "C:\Users\kouek\kouekam\business\conect pin and go delivery\farm business\venv\Lib\site-packages\rest_framework\mixins.py", line 38, in list
    queryset = self.filter_queryset(self.get_queryset())
  File "C:\Users\kouek\kouekam\business\conect pin and go delivery\farm business\venv\Lib\site-packages\rest_framework\generics.py", line 154, in filter_queryset
    queryset = backend().filter_queryset(self.request, queryset, self)
  File "C:\Users\kouek\kouekam\business\conect pin and go delivery\farm business\venv\Lib\site-packages\django_filters\rest_framework\backends.py", line 66, in filter_queryset
    filterset = self.get_filterset(request, queryset, view)
  File "C:\Users\kouek\kouekam\business\conect pin and go delivery\farm business\venv\Lib\site-packages\django_filters\rest_framework\backends.py", line 18, in get_filterset
    filterset_class = self.get_filterset_class(view, queryset)
  File "C:\Users\kouek\kouekam\business\conect pin and go delivery\farm business\venv\Lib\site-packages\django_filters\rest_framework\backends.py", line 49, in get_filterset_class
    class AutoFilterSet(self.filterset_base):
    ...<2 lines>...
            fields = filterset_fields
  File "C:\Users\kouek\kouekam\business\conect pin and go delivery\farm business\venv\Lib\site-packages\django_filters\filterset.py", line 82, in __new__
    new_class.base_filters = new_class.get_filters()
                             ~~~~~~~~~~~~~~~~~~~~~^^
  File "C:\Users\kouek\kouekam\business\conect pin and go delivery\farm business\venv\Lib\site-packages\django_filters\filterset.py", line 371, in get_filters
    raise TypeError(
    ...<2 lines>...
    )
TypeError: 'Meta.fields' must not contain non-model field names: is_on_sale
ERROR 2025-08-12 15:38:32,494 log 22568 23256 Internal Server Error: /api/agri-connect/products/
Traceback (most recent call last):
  File "C:\Users\kouek\kouekam\business\conect pin and go delivery\farm business\venv\Lib\site-packages\django\core\handlers\exception.py", line 55, in inner
    response = get_response(request)
  File "C:\Users\kouek\kouekam\business\conect pin and go delivery\farm business\venv\Lib\site-packages\django\core\handlers\base.py", line 197, in _get_response
    response = wrapped_callback(request, *callback_args, **callback_kwargs)
  File "C:\Users\kouek\kouekam\business\conect pin and go delivery\farm business\venv\Lib\site-packages\django\views\decorators\csrf.py", line 65, in _view_wrapper
    return view_func(request, *args, **kwargs)
  File "C:\Users\kouek\kouekam\business\conect pin and go delivery\farm business\venv\Lib\site-packages\django\views\generic\base.py", line 105, in view
    return self.dispatch(request, *args, **kwargs)
           ~~~~~~~~~~~~~^^^^^^^^^^^^^^^^^^^^^^^^^^
  File "C:\Users\kouek\kouekam\business\conect pin and go delivery\farm business\venv\Lib\site-packages\rest_framework\views.py", line 515, in dispatch
    response = self.handle_exception(exc)
  File "C:\Users\kouek\kouekam\business\conect pin and go delivery\farm business\venv\Lib\site-packages\rest_framework\views.py", line 475, in handle_exception
    self.raise_uncaught_exception(exc)
    ~~~~~~~~~~~~~~~~~~~~~~~~~~~~~^^^^^
  File "C:\Users\kouek\kouekam\business\conect pin and go delivery\farm business\venv\Lib\site-packages\rest_framework\views.py", line 486, in raise_uncaught_exception
    raise exc
  File "C:\Users\kouek\kouekam\business\conect pin and go delivery\farm business\venv\Lib\site-packages\rest_framework\views.py", line 512, in dispatch
    response = handler(request, *args, **kwargs)
  File "C:\Users\kouek\kouekam\business\conect pin and go delivery\farm business\venv\Lib\site-packages\rest_framework\generics.py", line 203, in get
    return self.list(request, *args, **kwargs)
           ~~~~~~~~~^^^^^^^^^^^^^^^^^^^^^^^^^^
  File "C:\Users\kouek\kouekam\business\conect pin and go delivery\farm business\venv\Lib\site-packages\rest_framework\mixins.py", line 38, in list
    queryset = self.filter_queryset(self.get_queryset())
  File "C:\Users\kouek\kouekam\business\conect pin and go delivery\farm business\venv\Lib\site-packages\rest_framework\generics.py", line 154, in filter_queryset
    queryset = backend().filter_queryset(self.request, queryset, self)
  File "C:\Users\kouek\kouekam\business\conect pin and go delivery\farm business\venv\Lib\site-packages\django_filters\rest_framework\backends.py", line 66, in filter_queryset
    filterset = self.get_filterset(request, queryset, view)
  File "C:\Users\kouek\kouekam\business\conect pin and go delivery\farm business\venv\Lib\site-packages\django_filters\rest_framework\backends.py", line 18, in get_filterset
    filterset_class = self.get_filterset_class(view, queryset)
  File "C:\Users\kouek\kouekam\business\conect pin and go delivery\farm business\venv\Lib\site-packages\django_filters\rest_framework\backends.py", line 49, in get_filterset_class
    class AutoFilterSet(self.filterset_base):
    ...<2 lines>...
            fields = filterset_fields
  File "C:\Users\kouek\kouekam\business\conect pin and go delivery\farm business\venv\Lib\site-packages\django_filters\filterset.py", line 82, in __new__
    new_class.base_filters = new_class.get_filters()
                             ~~~~~~~~~~~~~~~~~~~~~^^
  File "C:\Users\kouek\kouekam\business\conect pin and go delivery\farm business\venv\Lib\site-packages\django_filters\filterset.py", line 371, in get_filters
    raise TypeError(
    ...<2 lines>...
    )
TypeError: 'Meta.fields' must not contain non-model field names: is_on_sale
ERROR 2025-08-12 15:38:37,775 log 22568 23256 Internal Server Error: /api/notifications/notifications/
Traceback (most recent call last):
  File "C:\Users\kouek\kouekam\business\conect pin and go delivery\farm business\venv\Lib\site-packages\django\core\handlers\exception.py", line 55, in inner
    response = get_response(request)
  File "C:\Users\kouek\kouekam\business\conect pin and go delivery\farm business\venv\Lib\site-packages\django\core\handlers\base.py", line 197, in _get_response
    response = wrapped_callback(request, *callback_args, **callback_kwargs)
  File "C:\Users\kouek\kouekam\business\conect pin and go delivery\farm business\venv\Lib\site-packages\django\views\decorators\csrf.py", line 65, in _view_wrapper
    return view_func(request, *args, **kwargs)
  File "C:\Users\kouek\kouekam\business\conect pin and go delivery\farm business\venv\Lib\site-packages\django\views\generic\base.py", line 105, in view
    return self.dispatch(request, *args, **kwargs)
           ~~~~~~~~~~~~~^^^^^^^^^^^^^^^^^^^^^^^^^^
  File "C:\Users\kouek\kouekam\business\conect pin and go delivery\farm business\venv\Lib\site-packages\rest_framework\views.py", line 515, in dispatch
    response = self.handle_exception(exc)
  File "C:\Users\kouek\kouekam\business\conect pin and go delivery\farm business\venv\Lib\site-packages\rest_framework\views.py", line 475, in handle_exception
    self.raise_uncaught_exception(exc)
    ~~~~~~~~~~~~~~~~~~~~~~~~~~~~~^^^^^
  File "C:\Users\kouek\kouekam\business\conect pin and go delivery\farm business\venv\Lib\site-packages\rest_framework\views.py", line 486, in raise_uncaught_exception
    raise exc
  File "C:\Users\kouek\kouekam\business\conect pin and go delivery\farm business\venv\Lib\site-packages\rest_framework\views.py", line 512, in dispatch
    response = handler(request, *args, **kwargs)
  File "C:\Users\kouek\kouekam\business\conect pin and go delivery\farm business\venv\Lib\site-packages\rest_framework\generics.py", line 203, in get
    return self.list(request, *args, **kwargs)
           ~~~~~~~~~^^^^^^^^^^^^^^^^^^^^^^^^^^
  File "C:\Users\kouek\kouekam\business\conect pin and go delivery\farm business\venv\Lib\site-packages\rest_framework\mixins.py", line 38, in list
    queryset = self.filter_queryset(self.get_queryset())
                                    ~~~~~~~~~~~~~~~~~^^
  File "C:\Users\kouek\kouekam\business\conect pin and go delivery\farm business\backend\notifications\views.py", line 36, in get_queryset
    return Notification.objects.filter(recipient=self.request.user)
           ~~~~~~~~~~~~~~~~~~~~~~~~~~~^^^^^^^^^^^^^^^^^^^^^^^^^^^^^
  File "C:\Users\kouek\kouekam\business\conect pin and go delivery\farm business\venv\Lib\site-packages\django\db\models\manager.py", line 87, in manager_method
    return getattr(self.get_queryset(), name)(*args, **kwargs)
           ~~~~~~~~~~~~~~~~~~~~~~~~~~~~~~~~~~^^^^^^^^^^^^^^^^^
  File "C:\Users\kouek\kouekam\business\conect pin and go delivery\farm business\venv\Lib\site-packages\django\db\models\query.py", line 1493, in filter
    return self._filter_or_exclude(False, args, kwargs)
           ~~~~~~~~~~~~~~~~~~~~~~~^^^^^^^^^^^^^^^^^^^^^
  File "C:\Users\kouek\kouekam\business\conect pin and go delivery\farm business\venv\Lib\site-packages\django\db\models\query.py", line 1511, in _filter_or_exclude
    clone._filter_or_exclude_inplace(negate, args, kwargs)
    ~~~~~~~~~~~~~~~~~~~~~~~~~~~~~~~~^^^^^^^^^^^^^^^^^^^^^^
  File "C:\Users\kouek\kouekam\business\conect pin and go delivery\farm business\venv\Lib\site-packages\django\db\models\query.py", line 1518, in _filter_or_exclude_inplace
    self._query.add_q(Q(*args, **kwargs))
    ~~~~~~~~~~~~~~~~~^^^^^^^^^^^^^^^^^^^^
  File "C:\Users\kouek\kouekam\business\conect pin and go delivery\farm business\venv\Lib\site-packages\django\db\models\sql\query.py", line 1646, in add_q
    clause, _ = self._add_q(q_object, can_reuse)
                ~~~~~~~~~~~^^^^^^^^^^^^^^^^^^^^^
  File "C:\Users\kouek\kouekam\business\conect pin and go delivery\farm business\venv\Lib\site-packages\django\db\models\sql\query.py", line 1678, in _add_q
    child_clause, needed_inner = self.build_filter(
                                 ~~~~~~~~~~~~~~~~~^
        child,
        ^^^^^^
    ...<7 lines>...
        update_join_types=update_join_types,
        ^^^^^^^^^^^^^^^^^^^^^^^^^^^^^^^^^^^^
    )
    ^
  File "C:\Users\kouek\kouekam\business\conect pin and go delivery\farm business\venv\Lib\site-packages\django\db\models\sql\query.py", line 1526, in build_filter
    lookups, parts, reffed_expression = self.solve_lookup_type(arg, summarize)
                                        ~~~~~~~~~~~~~~~~~~~~~~^^^^^^^^^^^^^^^^
  File "C:\Users\kouek\kouekam\business\conect pin and go delivery\farm business\venv\Lib\site-packages\django\db\models\sql\query.py", line 1333, in solve_lookup_type
    _, field, _, lookup_parts = self.names_to_path(lookup_splitted, self.get_meta())
                                ~~~~~~~~~~~~~~~~~~^^^^^^^^^^^^^^^^^^^^^^^^^^^^^^^^^^
  File "C:\Users\kouek\kouekam\business\conect pin and go delivery\farm business\venv\Lib\site-packages\django\db\models\sql\query.py", line 1805, in names_to_path
    raise FieldError(
    ...<2 lines>...
    )
django.core.exceptions.FieldError: Cannot resolve keyword 'recipient' into field. Choices are: action_url, created_at, data, email_details, email_sent, id, is_read, is_sent, message, notification_type, priority, push_sent, read_at, sent_at, sms_details, sms_sent, title, user, user_id
ERROR 2025-08-12 15:38:37,857 log 22568 26976 Internal Server Error: /api/agri-connect/products/
Traceback (most recent call last):
  File "C:\Users\kouek\kouekam\business\conect pin and go delivery\farm business\venv\Lib\site-packages\django\core\handlers\exception.py", line 55, in inner
    response = get_response(request)
  File "C:\Users\kouek\kouekam\business\conect pin and go delivery\farm business\venv\Lib\site-packages\django\core\handlers\base.py", line 197, in _get_response
    response = wrapped_callback(request, *callback_args, **callback_kwargs)
  File "C:\Users\kouek\kouekam\business\conect pin and go delivery\farm business\venv\Lib\site-packages\django\views\decorators\csrf.py", line 65, in _view_wrapper
    return view_func(request, *args, **kwargs)
  File "C:\Users\kouek\kouekam\business\conect pin and go delivery\farm business\venv\Lib\site-packages\django\views\generic\base.py", line 105, in view
    return self.dispatch(request, *args, **kwargs)
           ~~~~~~~~~~~~~^^^^^^^^^^^^^^^^^^^^^^^^^^
  File "C:\Users\kouek\kouekam\business\conect pin and go delivery\farm business\venv\Lib\site-packages\rest_framework\views.py", line 515, in dispatch
    response = self.handle_exception(exc)
  File "C:\Users\kouek\kouekam\business\conect pin and go delivery\farm business\venv\Lib\site-packages\rest_framework\views.py", line 475, in handle_exception
    self.raise_uncaught_exception(exc)
    ~~~~~~~~~~~~~~~~~~~~~~~~~~~~~^^^^^
  File "C:\Users\kouek\kouekam\business\conect pin and go delivery\farm business\venv\Lib\site-packages\rest_framework\views.py", line 486, in raise_uncaught_exception
    raise exc
  File "C:\Users\kouek\kouekam\business\conect pin and go delivery\farm business\venv\Lib\site-packages\rest_framework\views.py", line 512, in dispatch
    response = handler(request, *args, **kwargs)
  File "C:\Users\kouek\kouekam\business\conect pin and go delivery\farm business\venv\Lib\site-packages\rest_framework\generics.py", line 203, in get
    return self.list(request, *args, **kwargs)
           ~~~~~~~~~^^^^^^^^^^^^^^^^^^^^^^^^^^
  File "C:\Users\kouek\kouekam\business\conect pin and go delivery\farm business\venv\Lib\site-packages\rest_framework\mixins.py", line 38, in list
    queryset = self.filter_queryset(self.get_queryset())
  File "C:\Users\kouek\kouekam\business\conect pin and go delivery\farm business\venv\Lib\site-packages\rest_framework\generics.py", line 154, in filter_queryset
    queryset = backend().filter_queryset(self.request, queryset, self)
  File "C:\Users\kouek\kouekam\business\conect pin and go delivery\farm business\venv\Lib\site-packages\django_filters\rest_framework\backends.py", line 66, in filter_queryset
    filterset = self.get_filterset(request, queryset, view)
  File "C:\Users\kouek\kouekam\business\conect pin and go delivery\farm business\venv\Lib\site-packages\django_filters\rest_framework\backends.py", line 18, in get_filterset
    filterset_class = self.get_filterset_class(view, queryset)
  File "C:\Users\kouek\kouekam\business\conect pin and go delivery\farm business\venv\Lib\site-packages\django_filters\rest_framework\backends.py", line 49, in get_filterset_class
    class AutoFilterSet(self.filterset_base):
    ...<2 lines>...
            fields = filterset_fields
  File "C:\Users\kouek\kouekam\business\conect pin and go delivery\farm business\venv\Lib\site-packages\django_filters\filterset.py", line 82, in __new__
    new_class.base_filters = new_class.get_filters()
                             ~~~~~~~~~~~~~~~~~~~~~^^
  File "C:\Users\kouek\kouekam\business\conect pin and go delivery\farm business\venv\Lib\site-packages\django_filters\filterset.py", line 371, in get_filters
    raise TypeError(
    ...<2 lines>...
    )
TypeError: 'Meta.fields' must not contain non-model field names: is_on_sale
ERROR 2025-08-12 15:38:39,033 log 22568 26976 Internal Server Error: /api/notifications/notifications/
Traceback (most recent call last):
  File "C:\Users\kouek\kouekam\business\conect pin and go delivery\farm business\venv\Lib\site-packages\django\core\handlers\exception.py", line 55, in inner
    response = get_response(request)
  File "C:\Users\kouek\kouekam\business\conect pin and go delivery\farm business\venv\Lib\site-packages\django\core\handlers\base.py", line 197, in _get_response
    response = wrapped_callback(request, *callback_args, **callback_kwargs)
  File "C:\Users\kouek\kouekam\business\conect pin and go delivery\farm business\venv\Lib\site-packages\django\views\decorators\csrf.py", line 65, in _view_wrapper
    return view_func(request, *args, **kwargs)
  File "C:\Users\kouek\kouekam\business\conect pin and go delivery\farm business\venv\Lib\site-packages\django\views\generic\base.py", line 105, in view
    return self.dispatch(request, *args, **kwargs)
           ~~~~~~~~~~~~~^^^^^^^^^^^^^^^^^^^^^^^^^^
  File "C:\Users\kouek\kouekam\business\conect pin and go delivery\farm business\venv\Lib\site-packages\rest_framework\views.py", line 515, in dispatch
    response = self.handle_exception(exc)
  File "C:\Users\kouek\kouekam\business\conect pin and go delivery\farm business\venv\Lib\site-packages\rest_framework\views.py", line 475, in handle_exception
    self.raise_uncaught_exception(exc)
    ~~~~~~~~~~~~~~~~~~~~~~~~~~~~~^^^^^
  File "C:\Users\kouek\kouekam\business\conect pin and go delivery\farm business\venv\Lib\site-packages\rest_framework\views.py", line 486, in raise_uncaught_exception
    raise exc
  File "C:\Users\kouek\kouekam\business\conect pin and go delivery\farm business\venv\Lib\site-packages\rest_framework\views.py", line 512, in dispatch
    response = handler(request, *args, **kwargs)
  File "C:\Users\kouek\kouekam\business\conect pin and go delivery\farm business\venv\Lib\site-packages\rest_framework\generics.py", line 203, in get
    return self.list(request, *args, **kwargs)
           ~~~~~~~~~^^^^^^^^^^^^^^^^^^^^^^^^^^
  File "C:\Users\kouek\kouekam\business\conect pin and go delivery\farm business\venv\Lib\site-packages\rest_framework\mixins.py", line 38, in list
    queryset = self.filter_queryset(self.get_queryset())
                                    ~~~~~~~~~~~~~~~~~^^
  File "C:\Users\kouek\kouekam\business\conect pin and go delivery\farm business\backend\notifications\views.py", line 36, in get_queryset
    return Notification.objects.filter(recipient=self.request.user)
           ~~~~~~~~~~~~~~~~~~~~~~~~~~~^^^^^^^^^^^^^^^^^^^^^^^^^^^^^
  File "C:\Users\kouek\kouekam\business\conect pin and go delivery\farm business\venv\Lib\site-packages\django\db\models\manager.py", line 87, in manager_method
    return getattr(self.get_queryset(), name)(*args, **kwargs)
           ~~~~~~~~~~~~~~~~~~~~~~~~~~~~~~~~~~^^^^^^^^^^^^^^^^^
  File "C:\Users\kouek\kouekam\business\conect pin and go delivery\farm business\venv\Lib\site-packages\django\db\models\query.py", line 1493, in filter
    return self._filter_or_exclude(False, args, kwargs)
           ~~~~~~~~~~~~~~~~~~~~~~~^^^^^^^^^^^^^^^^^^^^^
  File "C:\Users\kouek\kouekam\business\conect pin and go delivery\farm business\venv\Lib\site-packages\django\db\models\query.py", line 1511, in _filter_or_exclude
    clone._filter_or_exclude_inplace(negate, args, kwargs)
    ~~~~~~~~~~~~~~~~~~~~~~~~~~~~~~~~^^^^^^^^^^^^^^^^^^^^^^
  File "C:\Users\kouek\kouekam\business\conect pin and go delivery\farm business\venv\Lib\site-packages\django\db\models\query.py", line 1518, in _filter_or_exclude_inplace
    self._query.add_q(Q(*args, **kwargs))
    ~~~~~~~~~~~~~~~~~^^^^^^^^^^^^^^^^^^^^
  File "C:\Users\kouek\kouekam\business\conect pin and go delivery\farm business\venv\Lib\site-packages\django\db\models\sql\query.py", line 1646, in add_q
    clause, _ = self._add_q(q_object, can_reuse)
                ~~~~~~~~~~~^^^^^^^^^^^^^^^^^^^^^
  File "C:\Users\kouek\kouekam\business\conect pin and go delivery\farm business\venv\Lib\site-packages\django\db\models\sql\query.py", line 1678, in _add_q
    child_clause, needed_inner = self.build_filter(
                                 ~~~~~~~~~~~~~~~~~^
        child,
        ^^^^^^
    ...<7 lines>...
        update_join_types=update_join_types,
        ^^^^^^^^^^^^^^^^^^^^^^^^^^^^^^^^^^^^
    )
    ^
  File "C:\Users\kouek\kouekam\business\conect pin and go delivery\farm business\venv\Lib\site-packages\django\db\models\sql\query.py", line 1526, in build_filter
    lookups, parts, reffed_expression = self.solve_lookup_type(arg, summarize)
                                        ~~~~~~~~~~~~~~~~~~~~~~^^^^^^^^^^^^^^^^
  File "C:\Users\kouek\kouekam\business\conect pin and go delivery\farm business\venv\Lib\site-packages\django\db\models\sql\query.py", line 1333, in solve_lookup_type
    _, field, _, lookup_parts = self.names_to_path(lookup_splitted, self.get_meta())
                                ~~~~~~~~~~~~~~~~~~^^^^^^^^^^^^^^^^^^^^^^^^^^^^^^^^^^
  File "C:\Users\kouek\kouekam\business\conect pin and go delivery\farm business\venv\Lib\site-packages\django\db\models\sql\query.py", line 1805, in names_to_path
    raise FieldError(
    ...<2 lines>...
    )
django.core.exceptions.FieldError: Cannot resolve keyword 'recipient' into field. Choices are: action_url, created_at, data, email_details, email_sent, id, is_read, is_sent, message, notification_type, priority, push_sent, read_at, sent_at, sms_details, sms_sent, title, user, user_id
ERROR 2025-08-12 15:38:39,173 log 22568 23256 Internal Server Error: /api/agri-connect/products/
Traceback (most recent call last):
  File "C:\Users\kouek\kouekam\business\conect pin and go delivery\farm business\venv\Lib\site-packages\django\core\handlers\exception.py", line 55, in inner
    response = get_response(request)
  File "C:\Users\kouek\kouekam\business\conect pin and go delivery\farm business\venv\Lib\site-packages\django\core\handlers\base.py", line 197, in _get_response
    response = wrapped_callback(request, *callback_args, **callback_kwargs)
  File "C:\Users\kouek\kouekam\business\conect pin and go delivery\farm business\venv\Lib\site-packages\django\views\decorators\csrf.py", line 65, in _view_wrapper
    return view_func(request, *args, **kwargs)
  File "C:\Users\kouek\kouekam\business\conect pin and go delivery\farm business\venv\Lib\site-packages\django\views\generic\base.py", line 105, in view
    return self.dispatch(request, *args, **kwargs)
           ~~~~~~~~~~~~~^^^^^^^^^^^^^^^^^^^^^^^^^^
  File "C:\Users\kouek\kouekam\business\conect pin and go delivery\farm business\venv\Lib\site-packages\rest_framework\views.py", line 515, in dispatch
    response = self.handle_exception(exc)
  File "C:\Users\kouek\kouekam\business\conect pin and go delivery\farm business\venv\Lib\site-packages\rest_framework\views.py", line 475, in handle_exception
    self.raise_uncaught_exception(exc)
    ~~~~~~~~~~~~~~~~~~~~~~~~~~~~~^^^^^
  File "C:\Users\kouek\kouekam\business\conect pin and go delivery\farm business\venv\Lib\site-packages\rest_framework\views.py", line 486, in raise_uncaught_exception
    raise exc
  File "C:\Users\kouek\kouekam\business\conect pin and go delivery\farm business\venv\Lib\site-packages\rest_framework\views.py", line 512, in dispatch
    response = handler(request, *args, **kwargs)
  File "C:\Users\kouek\kouekam\business\conect pin and go delivery\farm business\venv\Lib\site-packages\rest_framework\generics.py", line 203, in get
    return self.list(request, *args, **kwargs)
           ~~~~~~~~~^^^^^^^^^^^^^^^^^^^^^^^^^^
  File "C:\Users\kouek\kouekam\business\conect pin and go delivery\farm business\venv\Lib\site-packages\rest_framework\mixins.py", line 38, in list
    queryset = self.filter_queryset(self.get_queryset())
  File "C:\Users\kouek\kouekam\business\conect pin and go delivery\farm business\venv\Lib\site-packages\rest_framework\generics.py", line 154, in filter_queryset
    queryset = backend().filter_queryset(self.request, queryset, self)
  File "C:\Users\kouek\kouekam\business\conect pin and go delivery\farm business\venv\Lib\site-packages\django_filters\rest_framework\backends.py", line 66, in filter_queryset
    filterset = self.get_filterset(request, queryset, view)
  File "C:\Users\kouek\kouekam\business\conect pin and go delivery\farm business\venv\Lib\site-packages\django_filters\rest_framework\backends.py", line 18, in get_filterset
    filterset_class = self.get_filterset_class(view, queryset)
  File "C:\Users\kouek\kouekam\business\conect pin and go delivery\farm business\venv\Lib\site-packages\django_filters\rest_framework\backends.py", line 49, in get_filterset_class
    class AutoFilterSet(self.filterset_base):
    ...<2 lines>...
            fields = filterset_fields
  File "C:\Users\kouek\kouekam\business\conect pin and go delivery\farm business\venv\Lib\site-packages\django_filters\filterset.py", line 82, in __new__
    new_class.base_filters = new_class.get_filters()
                             ~~~~~~~~~~~~~~~~~~~~~^^
  File "C:\Users\kouek\kouekam\business\conect pin and go delivery\farm business\venv\Lib\site-packages\django_filters\filterset.py", line 371, in get_filters
    raise TypeError(
    ...<2 lines>...
    )
TypeError: 'Meta.fields' must not contain non-model field names: is_on_sale
ERROR 2025-08-12 15:44:22,132 log 22568 11420 Internal Server Error: /api/notifications/notifications/
Traceback (most recent call last):
  File "C:\Users\kouek\kouekam\business\conect pin and go delivery\farm business\venv\Lib\site-packages\django\core\handlers\exception.py", line 55, in inner
    response = get_response(request)
  File "C:\Users\kouek\kouekam\business\conect pin and go delivery\farm business\venv\Lib\site-packages\django\core\handlers\base.py", line 197, in _get_response
    response = wrapped_callback(request, *callback_args, **callback_kwargs)
  File "C:\Users\kouek\kouekam\business\conect pin and go delivery\farm business\venv\Lib\site-packages\django\views\decorators\csrf.py", line 65, in _view_wrapper
    return view_func(request, *args, **kwargs)
  File "C:\Users\kouek\kouekam\business\conect pin and go delivery\farm business\venv\Lib\site-packages\django\views\generic\base.py", line 105, in view
    return self.dispatch(request, *args, **kwargs)
           ~~~~~~~~~~~~~^^^^^^^^^^^^^^^^^^^^^^^^^^
  File "C:\Users\kouek\kouekam\business\conect pin and go delivery\farm business\venv\Lib\site-packages\rest_framework\views.py", line 515, in dispatch
    response = self.handle_exception(exc)
  File "C:\Users\kouek\kouekam\business\conect pin and go delivery\farm business\venv\Lib\site-packages\rest_framework\views.py", line 475, in handle_exception
    self.raise_uncaught_exception(exc)
    ~~~~~~~~~~~~~~~~~~~~~~~~~~~~~^^^^^
  File "C:\Users\kouek\kouekam\business\conect pin and go delivery\farm business\venv\Lib\site-packages\rest_framework\views.py", line 486, in raise_uncaught_exception
    raise exc
  File "C:\Users\kouek\kouekam\business\conect pin and go delivery\farm business\venv\Lib\site-packages\rest_framework\views.py", line 512, in dispatch
    response = handler(request, *args, **kwargs)
  File "C:\Users\kouek\kouekam\business\conect pin and go delivery\farm business\venv\Lib\site-packages\rest_framework\generics.py", line 203, in get
    return self.list(request, *args, **kwargs)
           ~~~~~~~~~^^^^^^^^^^^^^^^^^^^^^^^^^^
  File "C:\Users\kouek\kouekam\business\conect pin and go delivery\farm business\venv\Lib\site-packages\rest_framework\mixins.py", line 38, in list
    queryset = self.filter_queryset(self.get_queryset())
                                    ~~~~~~~~~~~~~~~~~^^
  File "C:\Users\kouek\kouekam\business\conect pin and go delivery\farm business\backend\notifications\views.py", line 36, in get_queryset
    return Notification.objects.filter(recipient=self.request.user)
           ~~~~~~~~~~~~~~~~~~~~~~~~~~~^^^^^^^^^^^^^^^^^^^^^^^^^^^^^
  File "C:\Users\kouek\kouekam\business\conect pin and go delivery\farm business\venv\Lib\site-packages\django\db\models\manager.py", line 87, in manager_method
    return getattr(self.get_queryset(), name)(*args, **kwargs)
           ~~~~~~~~~~~~~~~~~~~~~~~~~~~~~~~~~~^^^^^^^^^^^^^^^^^
  File "C:\Users\kouek\kouekam\business\conect pin and go delivery\farm business\venv\Lib\site-packages\django\db\models\query.py", line 1493, in filter
    return self._filter_or_exclude(False, args, kwargs)
           ~~~~~~~~~~~~~~~~~~~~~~~^^^^^^^^^^^^^^^^^^^^^
  File "C:\Users\kouek\kouekam\business\conect pin and go delivery\farm business\venv\Lib\site-packages\django\db\models\query.py", line 1511, in _filter_or_exclude
    clone._filter_or_exclude_inplace(negate, args, kwargs)
    ~~~~~~~~~~~~~~~~~~~~~~~~~~~~~~~~^^^^^^^^^^^^^^^^^^^^^^
  File "C:\Users\kouek\kouekam\business\conect pin and go delivery\farm business\venv\Lib\site-packages\django\db\models\query.py", line 1518, in _filter_or_exclude_inplace
    self._query.add_q(Q(*args, **kwargs))
    ~~~~~~~~~~~~~~~~~^^^^^^^^^^^^^^^^^^^^
  File "C:\Users\kouek\kouekam\business\conect pin and go delivery\farm business\venv\Lib\site-packages\django\db\models\sql\query.py", line 1646, in add_q
    clause, _ = self._add_q(q_object, can_reuse)
                ~~~~~~~~~~~^^^^^^^^^^^^^^^^^^^^^
  File "C:\Users\kouek\kouekam\business\conect pin and go delivery\farm business\venv\Lib\site-packages\django\db\models\sql\query.py", line 1678, in _add_q
    child_clause, needed_inner = self.build_filter(
                                 ~~~~~~~~~~~~~~~~~^
        child,
        ^^^^^^
    ...<7 lines>...
        update_join_types=update_join_types,
        ^^^^^^^^^^^^^^^^^^^^^^^^^^^^^^^^^^^^
    )
    ^
  File "C:\Users\kouek\kouekam\business\conect pin and go delivery\farm business\venv\Lib\site-packages\django\db\models\sql\query.py", line 1526, in build_filter
    lookups, parts, reffed_expression = self.solve_lookup_type(arg, summarize)
                                        ~~~~~~~~~~~~~~~~~~~~~~^^^^^^^^^^^^^^^^
  File "C:\Users\kouek\kouekam\business\conect pin and go delivery\farm business\venv\Lib\site-packages\django\db\models\sql\query.py", line 1333, in solve_lookup_type
    _, field, _, lookup_parts = self.names_to_path(lookup_splitted, self.get_meta())
                                ~~~~~~~~~~~~~~~~~~^^^^^^^^^^^^^^^^^^^^^^^^^^^^^^^^^^
  File "C:\Users\kouek\kouekam\business\conect pin and go delivery\farm business\venv\Lib\site-packages\django\db\models\sql\query.py", line 1805, in names_to_path
    raise FieldError(
    ...<2 lines>...
    )
django.core.exceptions.FieldError: Cannot resolve keyword 'recipient' into field. Choices are: action_url, created_at, data, email_details, email_sent, id, is_read, is_sent, message, notification_type, priority, push_sent, read_at, sent_at, sms_details, sms_sent, title, user, user_id
ERROR 2025-08-12 15:44:22,170 log 22568 25436 Internal Server Error: /api/agri-connect/products/
Traceback (most recent call last):
  File "C:\Users\kouek\kouekam\business\conect pin and go delivery\farm business\venv\Lib\site-packages\django\core\handlers\exception.py", line 55, in inner
    response = get_response(request)
  File "C:\Users\kouek\kouekam\business\conect pin and go delivery\farm business\venv\Lib\site-packages\django\core\handlers\base.py", line 197, in _get_response
    response = wrapped_callback(request, *callback_args, **callback_kwargs)
  File "C:\Users\kouek\kouekam\business\conect pin and go delivery\farm business\venv\Lib\site-packages\django\views\decorators\csrf.py", line 65, in _view_wrapper
    return view_func(request, *args, **kwargs)
  File "C:\Users\kouek\kouekam\business\conect pin and go delivery\farm business\venv\Lib\site-packages\django\views\generic\base.py", line 105, in view
    return self.dispatch(request, *args, **kwargs)
           ~~~~~~~~~~~~~^^^^^^^^^^^^^^^^^^^^^^^^^^
  File "C:\Users\kouek\kouekam\business\conect pin and go delivery\farm business\venv\Lib\site-packages\rest_framework\views.py", line 515, in dispatch
    response = self.handle_exception(exc)
  File "C:\Users\kouek\kouekam\business\conect pin and go delivery\farm business\venv\Lib\site-packages\rest_framework\views.py", line 475, in handle_exception
    self.raise_uncaught_exception(exc)
    ~~~~~~~~~~~~~~~~~~~~~~~~~~~~~^^^^^
  File "C:\Users\kouek\kouekam\business\conect pin and go delivery\farm business\venv\Lib\site-packages\rest_framework\views.py", line 486, in raise_uncaught_exception
    raise exc
  File "C:\Users\kouek\kouekam\business\conect pin and go delivery\farm business\venv\Lib\site-packages\rest_framework\views.py", line 512, in dispatch
    response = handler(request, *args, **kwargs)
  File "C:\Users\kouek\kouekam\business\conect pin and go delivery\farm business\venv\Lib\site-packages\rest_framework\generics.py", line 203, in get
    return self.list(request, *args, **kwargs)
           ~~~~~~~~~^^^^^^^^^^^^^^^^^^^^^^^^^^
  File "C:\Users\kouek\kouekam\business\conect pin and go delivery\farm business\venv\Lib\site-packages\rest_framework\mixins.py", line 38, in list
    queryset = self.filter_queryset(self.get_queryset())
  File "C:\Users\kouek\kouekam\business\conect pin and go delivery\farm business\venv\Lib\site-packages\rest_framework\generics.py", line 154, in filter_queryset
    queryset = backend().filter_queryset(self.request, queryset, self)
  File "C:\Users\kouek\kouekam\business\conect pin and go delivery\farm business\venv\Lib\site-packages\django_filters\rest_framework\backends.py", line 66, in filter_queryset
    filterset = self.get_filterset(request, queryset, view)
  File "C:\Users\kouek\kouekam\business\conect pin and go delivery\farm business\venv\Lib\site-packages\django_filters\rest_framework\backends.py", line 18, in get_filterset
    filterset_class = self.get_filterset_class(view, queryset)
  File "C:\Users\kouek\kouekam\business\conect pin and go delivery\farm business\venv\Lib\site-packages\django_filters\rest_framework\backends.py", line 49, in get_filterset_class
    class AutoFilterSet(self.filterset_base):
    ...<2 lines>...
            fields = filterset_fields
  File "C:\Users\kouek\kouekam\business\conect pin and go delivery\farm business\venv\Lib\site-packages\django_filters\filterset.py", line 82, in __new__
    new_class.base_filters = new_class.get_filters()
                             ~~~~~~~~~~~~~~~~~~~~~^^
  File "C:\Users\kouek\kouekam\business\conect pin and go delivery\farm business\venv\Lib\site-packages\django_filters\filterset.py", line 371, in get_filters
    raise TypeError(
    ...<2 lines>...
    )
TypeError: 'Meta.fields' must not contain non-model field names: is_on_sale
ERROR 2025-08-12 15:44:23,240 log 22568 25436 Internal Server Error: /api/notifications/notifications/
Traceback (most recent call last):
  File "C:\Users\kouek\kouekam\business\conect pin and go delivery\farm business\venv\Lib\site-packages\django\core\handlers\exception.py", line 55, in inner
    response = get_response(request)
  File "C:\Users\kouek\kouekam\business\conect pin and go delivery\farm business\venv\Lib\site-packages\django\core\handlers\base.py", line 197, in _get_response
    response = wrapped_callback(request, *callback_args, **callback_kwargs)
  File "C:\Users\kouek\kouekam\business\conect pin and go delivery\farm business\venv\Lib\site-packages\django\views\decorators\csrf.py", line 65, in _view_wrapper
    return view_func(request, *args, **kwargs)
  File "C:\Users\kouek\kouekam\business\conect pin and go delivery\farm business\venv\Lib\site-packages\django\views\generic\base.py", line 105, in view
    return self.dispatch(request, *args, **kwargs)
           ~~~~~~~~~~~~~^^^^^^^^^^^^^^^^^^^^^^^^^^
  File "C:\Users\kouek\kouekam\business\conect pin and go delivery\farm business\venv\Lib\site-packages\rest_framework\views.py", line 515, in dispatch
    response = self.handle_exception(exc)
  File "C:\Users\kouek\kouekam\business\conect pin and go delivery\farm business\venv\Lib\site-packages\rest_framework\views.py", line 475, in handle_exception
    self.raise_uncaught_exception(exc)
    ~~~~~~~~~~~~~~~~~~~~~~~~~~~~~^^^^^
  File "C:\Users\kouek\kouekam\business\conect pin and go delivery\farm business\venv\Lib\site-packages\rest_framework\views.py", line 486, in raise_uncaught_exception
    raise exc
  File "C:\Users\kouek\kouekam\business\conect pin and go delivery\farm business\venv\Lib\site-packages\rest_framework\views.py", line 512, in dispatch
    response = handler(request, *args, **kwargs)
  File "C:\Users\kouek\kouekam\business\conect pin and go delivery\farm business\venv\Lib\site-packages\rest_framework\generics.py", line 203, in get
    return self.list(request, *args, **kwargs)
           ~~~~~~~~~^^^^^^^^^^^^^^^^^^^^^^^^^^
  File "C:\Users\kouek\kouekam\business\conect pin and go delivery\farm business\venv\Lib\site-packages\rest_framework\mixins.py", line 38, in list
    queryset = self.filter_queryset(self.get_queryset())
                                    ~~~~~~~~~~~~~~~~~^^
  File "C:\Users\kouek\kouekam\business\conect pin and go delivery\farm business\backend\notifications\views.py", line 36, in get_queryset
    return Notification.objects.filter(recipient=self.request.user)
           ~~~~~~~~~~~~~~~~~~~~~~~~~~~^^^^^^^^^^^^^^^^^^^^^^^^^^^^^
  File "C:\Users\kouek\kouekam\business\conect pin and go delivery\farm business\venv\Lib\site-packages\django\db\models\manager.py", line 87, in manager_method
    return getattr(self.get_queryset(), name)(*args, **kwargs)
           ~~~~~~~~~~~~~~~~~~~~~~~~~~~~~~~~~~^^^^^^^^^^^^^^^^^
  File "C:\Users\kouek\kouekam\business\conect pin and go delivery\farm business\venv\Lib\site-packages\django\db\models\query.py", line 1493, in filter
    return self._filter_or_exclude(False, args, kwargs)
           ~~~~~~~~~~~~~~~~~~~~~~~^^^^^^^^^^^^^^^^^^^^^
  File "C:\Users\kouek\kouekam\business\conect pin and go delivery\farm business\venv\Lib\site-packages\django\db\models\query.py", line 1511, in _filter_or_exclude
    clone._filter_or_exclude_inplace(negate, args, kwargs)
    ~~~~~~~~~~~~~~~~~~~~~~~~~~~~~~~~^^^^^^^^^^^^^^^^^^^^^^
  File "C:\Users\kouek\kouekam\business\conect pin and go delivery\farm business\venv\Lib\site-packages\django\db\models\query.py", line 1518, in _filter_or_exclude_inplace
    self._query.add_q(Q(*args, **kwargs))
    ~~~~~~~~~~~~~~~~~^^^^^^^^^^^^^^^^^^^^
  File "C:\Users\kouek\kouekam\business\conect pin and go delivery\farm business\venv\Lib\site-packages\django\db\models\sql\query.py", line 1646, in add_q
    clause, _ = self._add_q(q_object, can_reuse)
                ~~~~~~~~~~~^^^^^^^^^^^^^^^^^^^^^
  File "C:\Users\kouek\kouekam\business\conect pin and go delivery\farm business\venv\Lib\site-packages\django\db\models\sql\query.py", line 1678, in _add_q
    child_clause, needed_inner = self.build_filter(
                                 ~~~~~~~~~~~~~~~~~^
        child,
        ^^^^^^
    ...<7 lines>...
        update_join_types=update_join_types,
        ^^^^^^^^^^^^^^^^^^^^^^^^^^^^^^^^^^^^
    )
    ^
  File "C:\Users\kouek\kouekam\business\conect pin and go delivery\farm business\venv\Lib\site-packages\django\db\models\sql\query.py", line 1526, in build_filter
    lookups, parts, reffed_expression = self.solve_lookup_type(arg, summarize)
                                        ~~~~~~~~~~~~~~~~~~~~~~^^^^^^^^^^^^^^^^
  File "C:\Users\kouek\kouekam\business\conect pin and go delivery\farm business\venv\Lib\site-packages\django\db\models\sql\query.py", line 1333, in solve_lookup_type
    _, field, _, lookup_parts = self.names_to_path(lookup_splitted, self.get_meta())
                                ~~~~~~~~~~~~~~~~~~^^^^^^^^^^^^^^^^^^^^^^^^^^^^^^^^^^
  File "C:\Users\kouek\kouekam\business\conect pin and go delivery\farm business\venv\Lib\site-packages\django\db\models\sql\query.py", line 1805, in names_to_path
    raise FieldError(
    ...<2 lines>...
    )
django.core.exceptions.FieldError: Cannot resolve keyword 'recipient' into field. Choices are: action_url, created_at, data, email_details, email_sent, id, is_read, is_sent, message, notification_type, priority, push_sent, read_at, sent_at, sms_details, sms_sent, title, user, user_id
ERROR 2025-08-12 15:44:23,303 log 22568 11420 Internal Server Error: /api/agri-connect/products/
Traceback (most recent call last):
  File "C:\Users\kouek\kouekam\business\conect pin and go delivery\farm business\venv\Lib\site-packages\django\core\handlers\exception.py", line 55, in inner
    response = get_response(request)
  File "C:\Users\kouek\kouekam\business\conect pin and go delivery\farm business\venv\Lib\site-packages\django\core\handlers\base.py", line 197, in _get_response
    response = wrapped_callback(request, *callback_args, **callback_kwargs)
  File "C:\Users\kouek\kouekam\business\conect pin and go delivery\farm business\venv\Lib\site-packages\django\views\decorators\csrf.py", line 65, in _view_wrapper
    return view_func(request, *args, **kwargs)
  File "C:\Users\kouek\kouekam\business\conect pin and go delivery\farm business\venv\Lib\site-packages\django\views\generic\base.py", line 105, in view
    return self.dispatch(request, *args, **kwargs)
           ~~~~~~~~~~~~~^^^^^^^^^^^^^^^^^^^^^^^^^^
  File "C:\Users\kouek\kouekam\business\conect pin and go delivery\farm business\venv\Lib\site-packages\rest_framework\views.py", line 515, in dispatch
    response = self.handle_exception(exc)
  File "C:\Users\kouek\kouekam\business\conect pin and go delivery\farm business\venv\Lib\site-packages\rest_framework\views.py", line 475, in handle_exception
    self.raise_uncaught_exception(exc)
    ~~~~~~~~~~~~~~~~~~~~~~~~~~~~~^^^^^
  File "C:\Users\kouek\kouekam\business\conect pin and go delivery\farm business\venv\Lib\site-packages\rest_framework\views.py", line 486, in raise_uncaught_exception
    raise exc
  File "C:\Users\kouek\kouekam\business\conect pin and go delivery\farm business\venv\Lib\site-packages\rest_framework\views.py", line 512, in dispatch
    response = handler(request, *args, **kwargs)
  File "C:\Users\kouek\kouekam\business\conect pin and go delivery\farm business\venv\Lib\site-packages\rest_framework\generics.py", line 203, in get
    return self.list(request, *args, **kwargs)
           ~~~~~~~~~^^^^^^^^^^^^^^^^^^^^^^^^^^
  File "C:\Users\kouek\kouekam\business\conect pin and go delivery\farm business\venv\Lib\site-packages\rest_framework\mixins.py", line 38, in list
    queryset = self.filter_queryset(self.get_queryset())
  File "C:\Users\kouek\kouekam\business\conect pin and go delivery\farm business\venv\Lib\site-packages\rest_framework\generics.py", line 154, in filter_queryset
    queryset = backend().filter_queryset(self.request, queryset, self)
  File "C:\Users\kouek\kouekam\business\conect pin and go delivery\farm business\venv\Lib\site-packages\django_filters\rest_framework\backends.py", line 66, in filter_queryset
    filterset = self.get_filterset(request, queryset, view)
  File "C:\Users\kouek\kouekam\business\conect pin and go delivery\farm business\venv\Lib\site-packages\django_filters\rest_framework\backends.py", line 18, in get_filterset
    filterset_class = self.get_filterset_class(view, queryset)
  File "C:\Users\kouek\kouekam\business\conect pin and go delivery\farm business\venv\Lib\site-packages\django_filters\rest_framework\backends.py", line 49, in get_filterset_class
    class AutoFilterSet(self.filterset_base):
    ...<2 lines>...
            fields = filterset_fields
  File "C:\Users\kouek\kouekam\business\conect pin and go delivery\farm business\venv\Lib\site-packages\django_filters\filterset.py", line 82, in __new__
    new_class.base_filters = new_class.get_filters()
                             ~~~~~~~~~~~~~~~~~~~~~^^
  File "C:\Users\kouek\kouekam\business\conect pin and go delivery\farm business\venv\Lib\site-packages\django_filters\filterset.py", line 371, in get_filters
    raise TypeError(
    ...<2 lines>...
    )
TypeError: 'Meta.fields' must not contain non-model field names: is_on_sale
ERROR 2025-08-12 15:48:35,527 log 22568 28480 Internal Server Error: /api/notifications/notifications/
Traceback (most recent call last):
  File "C:\Users\kouek\kouekam\business\conect pin and go delivery\farm business\venv\Lib\site-packages\django\core\handlers\exception.py", line 55, in inner
    response = get_response(request)
  File "C:\Users\kouek\kouekam\business\conect pin and go delivery\farm business\venv\Lib\site-packages\django\core\handlers\base.py", line 197, in _get_response
    response = wrapped_callback(request, *callback_args, **callback_kwargs)
  File "C:\Users\kouek\kouekam\business\conect pin and go delivery\farm business\venv\Lib\site-packages\django\views\decorators\csrf.py", line 65, in _view_wrapper
    return view_func(request, *args, **kwargs)
  File "C:\Users\kouek\kouekam\business\conect pin and go delivery\farm business\venv\Lib\site-packages\django\views\generic\base.py", line 105, in view
    return self.dispatch(request, *args, **kwargs)
           ~~~~~~~~~~~~~^^^^^^^^^^^^^^^^^^^^^^^^^^
  File "C:\Users\kouek\kouekam\business\conect pin and go delivery\farm business\venv\Lib\site-packages\rest_framework\views.py", line 515, in dispatch
    response = self.handle_exception(exc)
  File "C:\Users\kouek\kouekam\business\conect pin and go delivery\farm business\venv\Lib\site-packages\rest_framework\views.py", line 475, in handle_exception
    self.raise_uncaught_exception(exc)
    ~~~~~~~~~~~~~~~~~~~~~~~~~~~~~^^^^^
  File "C:\Users\kouek\kouekam\business\conect pin and go delivery\farm business\venv\Lib\site-packages\rest_framework\views.py", line 486, in raise_uncaught_exception
    raise exc
  File "C:\Users\kouek\kouekam\business\conect pin and go delivery\farm business\venv\Lib\site-packages\rest_framework\views.py", line 512, in dispatch
    response = handler(request, *args, **kwargs)
  File "C:\Users\kouek\kouekam\business\conect pin and go delivery\farm business\venv\Lib\site-packages\rest_framework\generics.py", line 203, in get
    return self.list(request, *args, **kwargs)
           ~~~~~~~~~^^^^^^^^^^^^^^^^^^^^^^^^^^
  File "C:\Users\kouek\kouekam\business\conect pin and go delivery\farm business\venv\Lib\site-packages\rest_framework\mixins.py", line 38, in list
    queryset = self.filter_queryset(self.get_queryset())
                                    ~~~~~~~~~~~~~~~~~^^
  File "C:\Users\kouek\kouekam\business\conect pin and go delivery\farm business\backend\notifications\views.py", line 36, in get_queryset
    return Notification.objects.filter(recipient=self.request.user)
           ~~~~~~~~~~~~~~~~~~~~~~~~~~~^^^^^^^^^^^^^^^^^^^^^^^^^^^^^
  File "C:\Users\kouek\kouekam\business\conect pin and go delivery\farm business\venv\Lib\site-packages\django\db\models\manager.py", line 87, in manager_method
    return getattr(self.get_queryset(), name)(*args, **kwargs)
           ~~~~~~~~~~~~~~~~~~~~~~~~~~~~~~~~~~^^^^^^^^^^^^^^^^^
  File "C:\Users\kouek\kouekam\business\conect pin and go delivery\farm business\venv\Lib\site-packages\django\db\models\query.py", line 1493, in filter
    return self._filter_or_exclude(False, args, kwargs)
           ~~~~~~~~~~~~~~~~~~~~~~~^^^^^^^^^^^^^^^^^^^^^
  File "C:\Users\kouek\kouekam\business\conect pin and go delivery\farm business\venv\Lib\site-packages\django\db\models\query.py", line 1511, in _filter_or_exclude
    clone._filter_or_exclude_inplace(negate, args, kwargs)
    ~~~~~~~~~~~~~~~~~~~~~~~~~~~~~~~~^^^^^^^^^^^^^^^^^^^^^^
  File "C:\Users\kouek\kouekam\business\conect pin and go delivery\farm business\venv\Lib\site-packages\django\db\models\query.py", line 1518, in _filter_or_exclude_inplace
    self._query.add_q(Q(*args, **kwargs))
    ~~~~~~~~~~~~~~~~~^^^^^^^^^^^^^^^^^^^^
  File "C:\Users\kouek\kouekam\business\conect pin and go delivery\farm business\venv\Lib\site-packages\django\db\models\sql\query.py", line 1646, in add_q
    clause, _ = self._add_q(q_object, can_reuse)
                ~~~~~~~~~~~^^^^^^^^^^^^^^^^^^^^^
  File "C:\Users\kouek\kouekam\business\conect pin and go delivery\farm business\venv\Lib\site-packages\django\db\models\sql\query.py", line 1678, in _add_q
    child_clause, needed_inner = self.build_filter(
                                 ~~~~~~~~~~~~~~~~~^
        child,
        ^^^^^^
    ...<7 lines>...
        update_join_types=update_join_types,
        ^^^^^^^^^^^^^^^^^^^^^^^^^^^^^^^^^^^^
    )
    ^
  File "C:\Users\kouek\kouekam\business\conect pin and go delivery\farm business\venv\Lib\site-packages\django\db\models\sql\query.py", line 1526, in build_filter
    lookups, parts, reffed_expression = self.solve_lookup_type(arg, summarize)
                                        ~~~~~~~~~~~~~~~~~~~~~~^^^^^^^^^^^^^^^^
  File "C:\Users\kouek\kouekam\business\conect pin and go delivery\farm business\venv\Lib\site-packages\django\db\models\sql\query.py", line 1333, in solve_lookup_type
    _, field, _, lookup_parts = self.names_to_path(lookup_splitted, self.get_meta())
                                ~~~~~~~~~~~~~~~~~~^^^^^^^^^^^^^^^^^^^^^^^^^^^^^^^^^^
  File "C:\Users\kouek\kouekam\business\conect pin and go delivery\farm business\venv\Lib\site-packages\django\db\models\sql\query.py", line 1805, in names_to_path
    raise FieldError(
    ...<2 lines>...
    )
django.core.exceptions.FieldError: Cannot resolve keyword 'recipient' into field. Choices are: action_url, created_at, data, email_details, email_sent, id, is_read, is_sent, message, notification_type, priority, push_sent, read_at, sent_at, sms_details, sms_sent, title, user, user_id
ERROR 2025-08-12 15:48:35,576 log 22568 3828 Internal Server Error: /api/agri-connect/products/
Traceback (most recent call last):
  File "C:\Users\kouek\kouekam\business\conect pin and go delivery\farm business\venv\Lib\site-packages\django\core\handlers\exception.py", line 55, in inner
    response = get_response(request)
  File "C:\Users\kouek\kouekam\business\conect pin and go delivery\farm business\venv\Lib\site-packages\django\core\handlers\base.py", line 197, in _get_response
    response = wrapped_callback(request, *callback_args, **callback_kwargs)
  File "C:\Users\kouek\kouekam\business\conect pin and go delivery\farm business\venv\Lib\site-packages\django\views\decorators\csrf.py", line 65, in _view_wrapper
    return view_func(request, *args, **kwargs)
  File "C:\Users\kouek\kouekam\business\conect pin and go delivery\farm business\venv\Lib\site-packages\django\views\generic\base.py", line 105, in view
    return self.dispatch(request, *args, **kwargs)
           ~~~~~~~~~~~~~^^^^^^^^^^^^^^^^^^^^^^^^^^
  File "C:\Users\kouek\kouekam\business\conect pin and go delivery\farm business\venv\Lib\site-packages\rest_framework\views.py", line 515, in dispatch
    response = self.handle_exception(exc)
  File "C:\Users\kouek\kouekam\business\conect pin and go delivery\farm business\venv\Lib\site-packages\rest_framework\views.py", line 475, in handle_exception
    self.raise_uncaught_exception(exc)
    ~~~~~~~~~~~~~~~~~~~~~~~~~~~~~^^^^^
  File "C:\Users\kouek\kouekam\business\conect pin and go delivery\farm business\venv\Lib\site-packages\rest_framework\views.py", line 486, in raise_uncaught_exception
    raise exc
  File "C:\Users\kouek\kouekam\business\conect pin and go delivery\farm business\venv\Lib\site-packages\rest_framework\views.py", line 512, in dispatch
    response = handler(request, *args, **kwargs)
  File "C:\Users\kouek\kouekam\business\conect pin and go delivery\farm business\venv\Lib\site-packages\rest_framework\generics.py", line 203, in get
    return self.list(request, *args, **kwargs)
           ~~~~~~~~~^^^^^^^^^^^^^^^^^^^^^^^^^^
  File "C:\Users\kouek\kouekam\business\conect pin and go delivery\farm business\venv\Lib\site-packages\rest_framework\mixins.py", line 38, in list
    queryset = self.filter_queryset(self.get_queryset())
  File "C:\Users\kouek\kouekam\business\conect pin and go delivery\farm business\venv\Lib\site-packages\rest_framework\generics.py", line 154, in filter_queryset
    queryset = backend().filter_queryset(self.request, queryset, self)
  File "C:\Users\kouek\kouekam\business\conect pin and go delivery\farm business\venv\Lib\site-packages\django_filters\rest_framework\backends.py", line 66, in filter_queryset
    filterset = self.get_filterset(request, queryset, view)
  File "C:\Users\kouek\kouekam\business\conect pin and go delivery\farm business\venv\Lib\site-packages\django_filters\rest_framework\backends.py", line 18, in get_filterset
    filterset_class = self.get_filterset_class(view, queryset)
  File "C:\Users\kouek\kouekam\business\conect pin and go delivery\farm business\venv\Lib\site-packages\django_filters\rest_framework\backends.py", line 49, in get_filterset_class
    class AutoFilterSet(self.filterset_base):
    ...<2 lines>...
            fields = filterset_fields
  File "C:\Users\kouek\kouekam\business\conect pin and go delivery\farm business\venv\Lib\site-packages\django_filters\filterset.py", line 82, in __new__
    new_class.base_filters = new_class.get_filters()
                             ~~~~~~~~~~~~~~~~~~~~~^^
  File "C:\Users\kouek\kouekam\business\conect pin and go delivery\farm business\venv\Lib\site-packages\django_filters\filterset.py", line 371, in get_filters
    raise TypeError(
    ...<2 lines>...
    )
TypeError: 'Meta.fields' must not contain non-model field names: is_on_sale
ERROR 2025-08-12 15:48:36,649 log 22568 3828 Internal Server Error: /api/notifications/notifications/
Traceback (most recent call last):
  File "C:\Users\kouek\kouekam\business\conect pin and go delivery\farm business\venv\Lib\site-packages\django\core\handlers\exception.py", line 55, in inner
    response = get_response(request)
  File "C:\Users\kouek\kouekam\business\conect pin and go delivery\farm business\venv\Lib\site-packages\django\core\handlers\base.py", line 197, in _get_response
    response = wrapped_callback(request, *callback_args, **callback_kwargs)
  File "C:\Users\kouek\kouekam\business\conect pin and go delivery\farm business\venv\Lib\site-packages\django\views\decorators\csrf.py", line 65, in _view_wrapper
    return view_func(request, *args, **kwargs)
  File "C:\Users\kouek\kouekam\business\conect pin and go delivery\farm business\venv\Lib\site-packages\django\views\generic\base.py", line 105, in view
    return self.dispatch(request, *args, **kwargs)
           ~~~~~~~~~~~~~^^^^^^^^^^^^^^^^^^^^^^^^^^
  File "C:\Users\kouek\kouekam\business\conect pin and go delivery\farm business\venv\Lib\site-packages\rest_framework\views.py", line 515, in dispatch
    response = self.handle_exception(exc)
  File "C:\Users\kouek\kouekam\business\conect pin and go delivery\farm business\venv\Lib\site-packages\rest_framework\views.py", line 475, in handle_exception
    self.raise_uncaught_exception(exc)
    ~~~~~~~~~~~~~~~~~~~~~~~~~~~~~^^^^^
  File "C:\Users\kouek\kouekam\business\conect pin and go delivery\farm business\venv\Lib\site-packages\rest_framework\views.py", line 486, in raise_uncaught_exception
    raise exc
  File "C:\Users\kouek\kouekam\business\conect pin and go delivery\farm business\venv\Lib\site-packages\rest_framework\views.py", line 512, in dispatch
    response = handler(request, *args, **kwargs)
  File "C:\Users\kouek\kouekam\business\conect pin and go delivery\farm business\venv\Lib\site-packages\rest_framework\generics.py", line 203, in get
    return self.list(request, *args, **kwargs)
           ~~~~~~~~~^^^^^^^^^^^^^^^^^^^^^^^^^^
  File "C:\Users\kouek\kouekam\business\conect pin and go delivery\farm business\venv\Lib\site-packages\rest_framework\mixins.py", line 38, in list
    queryset = self.filter_queryset(self.get_queryset())
                                    ~~~~~~~~~~~~~~~~~^^
  File "C:\Users\kouek\kouekam\business\conect pin and go delivery\farm business\backend\notifications\views.py", line 36, in get_queryset
    return Notification.objects.filter(recipient=self.request.user)
           ~~~~~~~~~~~~~~~~~~~~~~~~~~~^^^^^^^^^^^^^^^^^^^^^^^^^^^^^
  File "C:\Users\kouek\kouekam\business\conect pin and go delivery\farm business\venv\Lib\site-packages\django\db\models\manager.py", line 87, in manager_method
    return getattr(self.get_queryset(), name)(*args, **kwargs)
           ~~~~~~~~~~~~~~~~~~~~~~~~~~~~~~~~~~^^^^^^^^^^^^^^^^^
  File "C:\Users\kouek\kouekam\business\conect pin and go delivery\farm business\venv\Lib\site-packages\django\db\models\query.py", line 1493, in filter
    return self._filter_or_exclude(False, args, kwargs)
           ~~~~~~~~~~~~~~~~~~~~~~~^^^^^^^^^^^^^^^^^^^^^
  File "C:\Users\kouek\kouekam\business\conect pin and go delivery\farm business\venv\Lib\site-packages\django\db\models\query.py", line 1511, in _filter_or_exclude
    clone._filter_or_exclude_inplace(negate, args, kwargs)
    ~~~~~~~~~~~~~~~~~~~~~~~~~~~~~~~~^^^^^^^^^^^^^^^^^^^^^^
  File "C:\Users\kouek\kouekam\business\conect pin and go delivery\farm business\venv\Lib\site-packages\django\db\models\query.py", line 1518, in _filter_or_exclude_inplace
    self._query.add_q(Q(*args, **kwargs))
    ~~~~~~~~~~~~~~~~~^^^^^^^^^^^^^^^^^^^^
  File "C:\Users\kouek\kouekam\business\conect pin and go delivery\farm business\venv\Lib\site-packages\django\db\models\sql\query.py", line 1646, in add_q
    clause, _ = self._add_q(q_object, can_reuse)
                ~~~~~~~~~~~^^^^^^^^^^^^^^^^^^^^^
  File "C:\Users\kouek\kouekam\business\conect pin and go delivery\farm business\venv\Lib\site-packages\django\db\models\sql\query.py", line 1678, in _add_q
    child_clause, needed_inner = self.build_filter(
                                 ~~~~~~~~~~~~~~~~~^
        child,
        ^^^^^^
    ...<7 lines>...
        update_join_types=update_join_types,
        ^^^^^^^^^^^^^^^^^^^^^^^^^^^^^^^^^^^^
    )
    ^
  File "C:\Users\kouek\kouekam\business\conect pin and go delivery\farm business\venv\Lib\site-packages\django\db\models\sql\query.py", line 1526, in build_filter
    lookups, parts, reffed_expression = self.solve_lookup_type(arg, summarize)
                                        ~~~~~~~~~~~~~~~~~~~~~~^^^^^^^^^^^^^^^^
  File "C:\Users\kouek\kouekam\business\conect pin and go delivery\farm business\venv\Lib\site-packages\django\db\models\sql\query.py", line 1333, in solve_lookup_type
    _, field, _, lookup_parts = self.names_to_path(lookup_splitted, self.get_meta())
                                ~~~~~~~~~~~~~~~~~~^^^^^^^^^^^^^^^^^^^^^^^^^^^^^^^^^^
  File "C:\Users\kouek\kouekam\business\conect pin and go delivery\farm business\venv\Lib\site-packages\django\db\models\sql\query.py", line 1805, in names_to_path
    raise FieldError(
    ...<2 lines>...
    )
django.core.exceptions.FieldError: Cannot resolve keyword 'recipient' into field. Choices are: action_url, created_at, data, email_details, email_sent, id, is_read, is_sent, message, notification_type, priority, push_sent, read_at, sent_at, sms_details, sms_sent, title, user, user_id
ERROR 2025-08-12 15:48:36,724 log 22568 28480 Internal Server Error: /api/agri-connect/products/
Traceback (most recent call last):
  File "C:\Users\kouek\kouekam\business\conect pin and go delivery\farm business\venv\Lib\site-packages\django\core\handlers\exception.py", line 55, in inner
    response = get_response(request)
  File "C:\Users\kouek\kouekam\business\conect pin and go delivery\farm business\venv\Lib\site-packages\django\core\handlers\base.py", line 197, in _get_response
    response = wrapped_callback(request, *callback_args, **callback_kwargs)
  File "C:\Users\kouek\kouekam\business\conect pin and go delivery\farm business\venv\Lib\site-packages\django\views\decorators\csrf.py", line 65, in _view_wrapper
    return view_func(request, *args, **kwargs)
  File "C:\Users\kouek\kouekam\business\conect pin and go delivery\farm business\venv\Lib\site-packages\django\views\generic\base.py", line 105, in view
    return self.dispatch(request, *args, **kwargs)
           ~~~~~~~~~~~~~^^^^^^^^^^^^^^^^^^^^^^^^^^
  File "C:\Users\kouek\kouekam\business\conect pin and go delivery\farm business\venv\Lib\site-packages\rest_framework\views.py", line 515, in dispatch
    response = self.handle_exception(exc)
  File "C:\Users\kouek\kouekam\business\conect pin and go delivery\farm business\venv\Lib\site-packages\rest_framework\views.py", line 475, in handle_exception
    self.raise_uncaught_exception(exc)
    ~~~~~~~~~~~~~~~~~~~~~~~~~~~~~^^^^^
  File "C:\Users\kouek\kouekam\business\conect pin and go delivery\farm business\venv\Lib\site-packages\rest_framework\views.py", line 486, in raise_uncaught_exception
    raise exc
  File "C:\Users\kouek\kouekam\business\conect pin and go delivery\farm business\venv\Lib\site-packages\rest_framework\views.py", line 512, in dispatch
    response = handler(request, *args, **kwargs)
  File "C:\Users\kouek\kouekam\business\conect pin and go delivery\farm business\venv\Lib\site-packages\rest_framework\generics.py", line 203, in get
    return self.list(request, *args, **kwargs)
           ~~~~~~~~~^^^^^^^^^^^^^^^^^^^^^^^^^^
  File "C:\Users\kouek\kouekam\business\conect pin and go delivery\farm business\venv\Lib\site-packages\rest_framework\mixins.py", line 38, in list
    queryset = self.filter_queryset(self.get_queryset())
  File "C:\Users\kouek\kouekam\business\conect pin and go delivery\farm business\venv\Lib\site-packages\rest_framework\generics.py", line 154, in filter_queryset
    queryset = backend().filter_queryset(self.request, queryset, self)
  File "C:\Users\kouek\kouekam\business\conect pin and go delivery\farm business\venv\Lib\site-packages\django_filters\rest_framework\backends.py", line 66, in filter_queryset
    filterset = self.get_filterset(request, queryset, view)
  File "C:\Users\kouek\kouekam\business\conect pin and go delivery\farm business\venv\Lib\site-packages\django_filters\rest_framework\backends.py", line 18, in get_filterset
    filterset_class = self.get_filterset_class(view, queryset)
  File "C:\Users\kouek\kouekam\business\conect pin and go delivery\farm business\venv\Lib\site-packages\django_filters\rest_framework\backends.py", line 49, in get_filterset_class
    class AutoFilterSet(self.filterset_base):
    ...<2 lines>...
            fields = filterset_fields
  File "C:\Users\kouek\kouekam\business\conect pin and go delivery\farm business\venv\Lib\site-packages\django_filters\filterset.py", line 82, in __new__
    new_class.base_filters = new_class.get_filters()
                             ~~~~~~~~~~~~~~~~~~~~~^^
  File "C:\Users\kouek\kouekam\business\conect pin and go delivery\farm business\venv\Lib\site-packages\django_filters\filterset.py", line 371, in get_filters
    raise TypeError(
    ...<2 lines>...
    )
TypeError: 'Meta.fields' must not contain non-model field names: is_on_sale
INFO 2025-08-12 15:48:50,418 autoreload 22568 7388 C:\Users\kouek\kouekam\business\conect pin and go delivery\farm business\backend\notifications\views.py changed, reloading.
INFO 2025-08-12 15:48:51,673 autoreload 30160 26168 Watching for file changes with StatReloader
INFO 2025-08-12 15:49:49,744 autoreload 30160 26168 C:\Users\kouek\kouekam\business\conect pin and go delivery\farm business\backend\agri_connect\views.py changed, reloading.
INFO 2025-08-12 15:49:50,938 autoreload 27272 29288 Watching for file changes with StatReloader
INFO 2025-08-12 15:50:29,371 autoreload 27272 29288 C:\Users\kouek\kouekam\business\conect pin and go delivery\farm business\backend\agri_connect\serializers.py changed, reloading.
INFO 2025-08-12 15:50:30,468 autoreload 11136 21316 Watching for file changes with StatReloader
WARNING 2025-08-12 15:58:48,796 log 11136 1368 Unauthorized: /api/notifications/notifications/
WARNING 2025-08-12 15:58:48,796 log 11136 31912 Unauthorized: /api/agri-connect/products/
WARNING 2025-08-12 15:58:48,796 log 11136 7672 Unauthorized: /api/agri-connect/categories/
WARNING 2025-08-12 15:58:49,313 log 11136 31304 Not Found: /media/placeholder.svg
INFO 2025-08-12 15:59:00,801 autoreload 11136 21316 C:\Users\kouek\kouekam\business\conect pin and go delivery\farm business\backend\agri_connect\views.py changed, reloading.
INFO 2025-08-12 15:59:02,438 autoreload 31696 29276 Watching for file changes with StatReloader
WARNING 2025-08-12 15:59:30,364 log 31696 32640 Not Found: /api/agri-connect/cart/c6363ba6-f9f9-4a2f-b83a-31a1f44b91a9/add_item/
WARNING 2025-08-12 15:59:31,100 log 31696 32640 Not Found: /api/agri-connect/cart/c6363ba6-f9f9-4a2f-b83a-31a1f44b91a9/add_item/
WARNING 2025-08-12 16:00:01,008 log 31696 32640 Not Found: /api/notifications/
WARNING 2025-08-12 16:00:07,241 log 31696 23684 Not Found: /media/placeholder.svg
WARNING 2025-08-12 16:00:10,829 log 31696 32640 Not Found: /api/agri-connect/cart/c6363ba6-f9f9-4a2f-b83a-31a1f44b91a9/add_item/
INFO 2025-08-12 16:04:17,263 autoreload 31696 29276 C:\Users\kouek\kouekam\business\conect pin and go delivery\farm business\backend\notifications\urls.py changed, reloading.
INFO 2025-08-12 16:04:18,383 autoreload 25988 11056 Watching for file changes with StatReloader
INFO 2025-08-12 16:05:18,266 autoreload 25988 11056 C:\Users\kouek\kouekam\business\conect pin and go delivery\farm business\backend\agri_connect\urls.py changed, reloading.
INFO 2025-08-12 16:05:19,494 autoreload 28820 26780 Watching for file changes with StatReloader
INFO 2025-08-12 16:05:59,614 autoreload 28820 26780 C:\Users\kouek\kouekam\business\conect pin and go delivery\farm business\backend\agri_connect\urls.py changed, reloading.
INFO 2025-08-12 16:06:01,119 autoreload 17312 23960 Watching for file changes with StatReloader
WARNING 2025-08-12 16:07:50,385 log 17312 19900 Unauthorized: /api/notifications/
WARNING 2025-08-12 16:09:05,374 log 17312 7076 Unauthorized: /api/agri-connect/cart/
INFO 2025-08-12 16:11:25,526 autoreload 17312 23960 C:\Users\kouek\kouekam\business\conect pin and go delivery\farm business\backend\notifications\urls.py changed, reloading.
INFO 2025-08-12 16:11:26,834 autoreload 9824 6492 Watching for file changes with StatReloader
